# Exported from 3D Builder
mtllib BOOK_SHELF_C.mtl

o Object.1
v 61.218597 -12.707999 15.849600 188 188 188
v 60.609005 -12.707999 15.849600 188 188 188
v 60.507401 -12.707999 0.000000 255 255 255
v 60.558197 -12.707999 15.849600 188 188 188
v 60.507401 -12.707999 15.849600 188 188 188
v 63.860199 -12.707999 0.000000 255 255 255
v 63.758606 -12.707999 15.849600 188 188 188
v 61.777405 -12.707999 15.849600 188 188 188
v 60.609005 -12.707999 16.357601 188 188 188
v 63.758606 -12.707999 16.357601 188 188 188
v 63.860199 -12.707999 16.713202 188 188 188
v 60.609005 -12.707999 16.713202 188 188 188
v 63.860199 -12.707999 15.849600 188 188 188
v 63.809402 -12.707999 15.849600 188 188 188
v 60.507401 -12.707999 16.357601 188 188 188
v 63.860199 12.742803 0.000000 255 255 255
v 60.507401 12.742803 0.000000 255 255 255
v 60.609005 12.742803 16.713202 188 188 188
v 63.860199 12.742803 16.713202 188 188 188
v 60.609005 12.742803 16.357601 188 188 188
v 60.507401 12.742803 16.357601 188 188 188
v 60.609005 12.742803 15.849600 188 188 188
v 61.218597 12.742803 15.849600 188 188 188
v 60.558197 12.742803 14.935200 255 255 255
v 60.507401 12.742803 15.849600 188 188 188
v 63.758606 12.742803 16.357601 188 188 188
v 63.758606 12.742803 15.849600 188 188 188
v 63.809402 12.742803 15.849600 188 188 188
v 63.860199 12.742803 15.849600 188 188 188
v 63.149002 12.742803 15.849600 188 188 188
v 63.860199 -0.008000 15.849600 188 188 188
v 63.860199 -6.358000 15.849600 188 188 188
v 60.507401 8.170801 15.849600 188 188 188
v 60.507401 -8.034399 15.849600 188 188 188

v 63.860199 -12.707999 16.713202 188 188 188
v 63.860199 -12.707999 15.849600 188 188 188
v 63.860199 -12.707999 16.713202 188 188 188
v 63.758606 -12.707999 16.357601 188 188 188
v 63.758606 -12.707999 16.357601 188 188 188
v 60.609005 -12.707999 16.713202 188 188 188
v 60.609005 -12.707999 16.357601 188 188 188
v 60.609005 -12.707999 16.713202 188 188 188
v 60.609005 12.742803 16.357601 188 188 188
v 60.609005 -12.707999 16.357601 188 188 188
v 60.609005 -12.707999 16.357601 188 188 188
v 60.507401 -12.707999 16.357601 188 188 188
v 60.609005 -12.707999 15.849600 188 188 188
v 60.507401 -12.707999 16.357601 188 188 188
v 60.558197 -12.707999 15.849600 188 188 188
v 60.507401 -12.707999 16.357601 188 188 188
v 60.507401 -12.707999 15.849600 188 188 188
v 60.507401 -12.707999 16.357601 188 188 188
v 63.860199 12.742803 16.713202 188 188 188
v 63.860199 -12.707999 16.713202 188 188 188
v 63.860199 12.742803 15.849600 188 188 188
v 63.860199 12.742803 15.849600 188 188 188
v 63.860199 -12.707999 16.713202 188 188 188
v 63.860199 12.742803 16.713202 188 188 188
v 63.860199 -12.707999 16.713202 188 188 188
v 63.860199 12.742803 16.713202 188 188 188
v 60.609005 12.742803 16.713202 188 188 188
v 60.609005 12.742803 16.357601 188 188 188
v 60.609005 12.742803 16.713202 188 188 188
v 63.758606 12.742803 16.357601 188 188 188
v 63.758606 12.742803 16.357601 188 188 188
v 60.609005 12.742803 16.357601 188 188 188
v 60.609005 12.742803 16.357601 188 188 188
v 61.218597 12.742803 15.849600 188 188 188
v 63.758606 12.742803 16.357601 188 188 188
v 60.609005 12.742803 16.357601 188 188 188
v 60.609005 12.742803 15.849600 188 188 188
v 60.609005 12.742803 16.357601 188 188 188
v 60.507401 12.742803 15.849600 188 188 188
v 60.507401 12.742803 16.357601 188 188 188
v 60.507401 12.742803 15.849600 188 188 188
v 60.507401 12.742803 16.357601 188 188 188
v 60.507401 8.170801 15.849600 188 188 188
v 60.507401 -8.034399 15.849600 188 188 188
v 61.218597 12.742803 15.849600 188 188 188
v 63.758606 12.742803 16.357601 188 188 188
v 63.149002 12.742803 15.849600 188 188 188
v 63.860199 12.742803 16.713202 188 188 188
v 63.758606 12.742803 15.849600 188 188 188
v 63.758606 12.742803 16.357601 188 188 188
v 63.758606 12.742803 15.849600 188 188 188
v 63.860199 12.742803 16.713202 188 188 188
v 63.809402 12.742803 15.849600 188 188 188
v 60.507401 12.742803 16.357601 188 188 188
v 60.507401 -8.034399 15.849600 188 188 188
v 60.507401 -12.707999 16.357601 188 188 188
v 60.507401 -12.707999 16.357601 188 188 188
v 60.609005 12.742803 16.357601 188 188 188
v 60.507401 12.742803 16.357601 188 188 188
v 60.609005 12.742803 16.713202 188 188 188
v 60.609005 12.742803 16.357601 188 188 188
v 60.609005 -12.707999 16.713202 188 188 188
v 63.758606 -12.707999 16.357601 188 188 188
v 60.609005 -12.707999 16.357601 188 188 188
v 60.609005 -12.707999 16.713202 188 188 188
v 63.860199 -12.707999 16.713202 188 188 188
v 60.609005 12.742803 16.713202 188 188 188
v 63.860199 -0.008000 15.849600 188 188 188
v 63.860199 -12.707999 16.713202 188 188 188
v 63.860199 -6.358000 15.849600 188 188 188
v 63.860199 -12.707999 15.849600 188 188 188
v 63.758606 -12.707999 16.357601 188 188 188
v 63.758606 -12.707999 15.849600 188 188 188
v 63.809402 -12.707999 15.849600 188 188 188
v 63.758606 -12.707999 16.357601 188 188 188
v 63.758606 -12.707999 15.849600 188 188 188
v 60.609005 -12.707999 16.357601 188 188 188
v 61.777405 -12.707999 15.849600 188 188 188
v 60.609005 -12.707999 16.357601 188 188 188
v 60.609005 -12.707999 15.849600 188 188 188
v 61.218597 -12.707999 15.849600 188 188 188
v 60.609005 -12.707999 16.357601 188 188 188

f 13 32 11
f 35 10 36
f 37 12 38
f 9 39 40
f 41 42 20
f 43 15 44
f 45 46 2
f 4 47 48
f 5 49 50
f 51 52 34
f 28 19 29
f 53 54 55
f 56 57 31
f 58 18 59
f 60 26 61
f 62 63 64
f 65 23 66
f 22 67 68
f 30 69 27
f 25 70 71
f 72 73 21
f 74 75 33
f 76 77 78
f 79 80 81
f 82 83 84
f 85 86 87
f 88 89 90
f 91 92 93
f 94 95 96
f 97 98 7
f 99 100 101
f 102 103 104
f 14 105 106
f 107 108 109
f 8 110 111
f 1 112 113
f 114 115 116

usemtl BaseColor_0
f 1 2 3
f 8 1 3
f 7 8 3
f 3 6 7
f 14 7 6
f 13 14 6
f 6 32 13
f 5 34 17
f 3 5 17
f 3 17 16
f 17 24 16
f 29 16 24
f 29 24 28
f 23 24 22
f 22 24 25
f 30 24 23
f 27 24 30
f 25 17 33
f 28 24 27
f 29 31 16
f 32 16 31
f 17 25 24
f 34 33 17
f 4 5 3
f 6 16 32
f 16 6 3
f 2 4 3


o Object.2
v 59.339001 -12.707999 16.357601 188 188 188
v 57.357800 -12.707999 16.357601 188 188 188
v 59.339001 -12.707999 15.849600 188 188 188
v 57.713398 -12.707999 15.849600 188 188 188
v 58.069008 -12.707999 15.849600 188 188 188
v 57.357800 -12.707999 15.849600 188 188 188
v 57.357800 -12.707999 0.000000 255 255 255
v 59.339001 -12.707999 0.000000 255 255 255
v 57.357800 12.742803 0.000000 255 255 255
v 59.339001 12.742803 0.000000 255 255 255
v 59.339001 12.742803 16.357601 188 188 188
v 57.357800 12.742803 16.357601 188 188 188
v 58.627804 12.742803 15.849600 188 188 188
v 57.357800 12.742803 15.849600 188 188 188
v 58.983402 12.742803 15.849600 188 188 188
v 59.339001 12.742803 15.849600 188 188 188
v 59.339001 -8.034399 15.849600 188 188 188
v 59.339001 -3.462399 15.849600 188 188 188
v 57.357800 8.170801 15.849600 188 188 188
v 57.357800 -8.034399 15.849600 188 188 188

v 59.339001 -12.707999 15.849600 188 188 188
v 59.339001 -12.707999 16.357601 188 188 188
v 59.339001 -12.707999 16.357601 188 188 188
v 59.339001 -8.034399 15.849600 188 188 188
v 59.339001 12.742803 16.357601 188 188 188
v 59.339001 -12.707999 16.357601 188 188 188
v 59.339001 12.742803 15.849600 188 188 188
v 59.339001 12.742803 16.357601 188 188 188
v 58.983402 12.742803 15.849600 188 188 188
v 57.357800 12.742803 16.357601 188 188 188
v 57.357800 8.170801 15.849600 188 188 188
v 57.357800 12.742803 16.357601 188 188 188
v 57.357800 -8.034399 15.849600 188 188 188
v 57.357800 -12.707999 16.357601 188 188 188
v 57.357800 -12.707999 16.357601 188 188 188
v 59.339001 12.742803 16.357601 188 188 188
v 57.357800 12.742803 16.357601 188 188 188
v 57.357800 -12.707999 16.357601 188 188 188
v 57.357800 -8.034399 15.849600 188 188 188
v 57.357800 -12.707999 16.357601 188 188 188
v 57.357800 -12.707999 15.849600 188 188 188
v 57.713398 -12.707999 15.849600 188 188 188
v 57.357800 -12.707999 16.357601 188 188 188
v 59.339001 12.742803 16.357601 188 188 188
v 57.357800 12.742803 15.849600 188 188 188
v 57.357800 12.742803 16.357601 188 188 188
v 57.357800 12.742803 15.849600 188 188 188
v 59.339001 12.742803 16.357601 188 188 188
v 58.627804 12.742803 15.849600 188 188 188
v 59.339001 12.742803 15.849600 188 188 188
v 59.339001 -12.707999 16.357601 188 188 188
v 59.339001 -3.462399 15.849600 188 188 188
v 58.069008 -12.707999 15.849600 188 188 188
v 59.339001 -12.707999 15.849600 188 188 188
v 57.357800 -12.707999 16.357601 188 188 188
v 59.339001 12.742803 16.357601 188 188 188
v 57.357800 -12.707999 16.357601 188 188 188
v 59.339001 -12.707999 16.357601 188 188 188

f 117 118 119
f 137 133 138
f 134 139 140
f 131 127 132
f 141 142 143
f 129 144 145
f 128 130 135
f 146 147 136
f 148 149 150
f 151 152 153
f 122 154 155
f 120 121 156
f 157 158 159
f 160 161 162
f 163 164 165
f 166 167 168
f 169 170 171
f 172 173 174

usemtl BaseColor_0
f 133 126 134
f 132 134 126
f 132 126 131
f 131 125 129
f 129 125 130
f 130 125 135
f 123 122 136
f 123 136 125
f 123 125 126
f 126 124 123
f 123 124 122
f 120 122 124
f 121 120 124
f 119 121 124
f 136 135 125
f 125 131 126
f 124 126 133
f 124 133 119


o Object.3
v -8.326599 -12.707999 0.000000 255 255 255
v -4.922997 -12.707999 0.000000 255 255 255
v -8.326599 -12.707999 15.849600 188 188 188
v -7.107397 -12.707999 15.849600 188 188 188
v -4.922997 -12.707999 15.849600 188 188 188
v -8.326599 -12.707999 16.357601 188 188 188
v -7.717001 -12.707999 15.849600 188 188 188
v -4.922997 -12.707999 16.357601 188 188 188
v -4.922997 12.742803 0.000000 255 255 255
v -8.326599 12.742803 0.000000 255 255 255
v -4.922997 12.742803 16.357601 188 188 188
v -8.326599 12.742803 16.357601 188 188 188
v -6.193003 12.742803 15.849600 188 188 188
v -8.326599 12.742803 15.849600 188 188 188
v -5.532602 12.742803 15.849600 188 188 188
v -4.922997 12.742803 15.849600 188 188 188
v -8.326599 8.170801 15.849600 188 188 188
v -8.326599 -8.034399 15.849600 188 188 188
v -4.922997 -3.462399 15.849600 188 188 188
v -4.922997 -8.034399 15.849600 188 188 188

v -4.922997 -8.034399 15.849600 188 188 188
v -4.922997 -12.707999 16.357601 188 188 188
v -4.922997 -12.707999 16.357601 188 188 188
v -4.922997 -12.707999 15.849600 188 188 188
v -4.922997 -12.707999 15.849600 188 188 188
v -8.326599 -12.707999 16.357601 188 188 188
v -7.107397 -12.707999 15.849600 188 188 188
v -8.326599 -12.707999 16.357601 188 188 188
v -7.717001 -12.707999 15.849600 188 188 188
v -8.326599 -12.707999 16.357601 188 188 188
v -8.326599 -12.707999 16.357601 188 188 188
v -4.922997 -12.707999 16.357601 188 188 188
v -8.326599 12.742803 16.357601 188 188 188
v -8.326599 -12.707999 16.357601 188 188 188
v -8.326599 12.742803 16.357601 188 188 188
v -8.326599 -8.034399 15.849600 188 188 188
v -8.326599 12.742803 16.357601 188 188 188
v -8.326599 8.170801 15.849600 188 188 188
v -8.326599 12.742803 15.849600 188 188 188
v -6.193003 12.742803 15.849600 188 188 188
v -4.922997 12.742803 16.357601 188 188 188
v -5.532602 12.742803 15.849600 188 188 188
v -4.922997 12.742803 16.357601 188 188 188
v -4.922997 12.742803 16.357601 188 188 188
v -4.922997 -12.707999 16.357601 188 188 188
v -4.922997 12.742803 15.849600 188 188 188
v -4.922997 12.742803 16.357601 188 188 188
v -8.326599 12.742803 15.849600 188 188 188
v -8.326599 12.742803 16.357601 188 188 188
v -4.922997 12.742803 16.357601 188 188 188
v -8.326599 12.742803 16.357601 188 188 188
v -4.922997 -12.707999 16.357601 188 188 188
v -4.922997 12.742803 15.849600 188 188 188
v -4.922997 -12.707999 16.357601 188 188 188
v -4.922997 -3.462399 15.849600 188 188 188
v -8.326599 -12.707999 15.849600 188 188 188
v -8.326599 -12.707999 16.357601 188 188 188
v -8.326599 -8.034399 15.849600 188 188 188

f 193 182 194
f 179 195 196
f 197 180 198
f 178 199 200
f 181 201 202
f 177 203 204
f 205 206 186
f 207 192 208
f 209 191 210
f 211 188 212
f 213 185 187
f 214 215 189
f 216 217 190
f 218 219 220
f 221 222 223
f 224 225 226
f 227 228 229
f 230 231 232

usemtl BaseColor_0
f 175 176 177
f 175 177 192
f 175 192 184
f 175 184 183
f 184 190 183
f 190 193 183
f 194 183 193
f 178 181 176
f 179 178 176
f 188 184 191
f 187 184 188
f 189 184 187
f 176 194 179
f 176 183 194
f 190 184 189
f 192 191 184
f 181 177 176
f 183 176 175


o Object.4
v 6.507003 -12.707999 16.357601 188 188 188
v 9.605803 -12.707999 16.357601 188 188 188
v 6.507003 -12.707999 16.713202 188 188 188
v 7.065799 -12.707999 15.849600 188 188 188
v 6.456201 -12.707999 15.849600 188 188 188
v 6.354602 -12.707999 0.000000 255 255 255
v 6.405399 -12.707999 15.849600 188 188 188
v 6.354602 -12.707999 16.357601 188 188 188
v 7.624601 -12.707999 15.849600 188 188 188
v 9.656599 -12.707999 15.849600 188 188 188
v 9.707401 -12.707999 15.849600 188 188 188
v 6.354602 -12.707999 15.849600 188 188 188
v 9.605803 -12.707999 15.849600 188 188 188
v 9.707401 -12.707999 0.000000 255 255 255
v 9.707401 -12.707999 16.713202 188 188 188
v 6.354602 10.914001 0.000000 255 255 255
v 9.707401 10.914001 0.000000 255 255 255
v 9.707401 10.914001 16.713202 188 188 188
v 6.507003 10.914001 16.713202 188 188 188
v 6.354602 10.914001 16.357601 188 188 188
v 6.507003 10.914001 16.357601 188 188 188
v 9.707401 -6.053199 15.849600 188 188 188
v 9.707401 10.914001 15.849600 188 188 188
v 9.707401 -0.922399 15.849600 188 188 188
v 6.354602 10.914001 15.849600 188 188 188
v 6.354602 6.646801 15.849600 188 188 188
v 6.354602 -8.389999 15.849600 188 188 188
v 6.456201 10.914001 15.849600 188 188 188
v 9.605803 10.914001 16.357601 188 188 188
v 9.605803 10.914001 15.849600 188 188 188
v 9.047001 10.914001 15.849600 188 188 188
v 7.065799 10.914001 15.849600 188 188 188

v 6.507003 -12.707999 16.357601 188 188 188
v 6.507003 -12.707999 16.713202 188 188 188
v 6.507003 10.914001 16.357601 188 188 188
v 6.507003 -12.707999 16.357601 188 188 188
v 6.507003 -12.707999 16.357601 188 188 188
v 6.354602 10.914001 16.357601 188 188 188
v 6.354602 10.914001 16.357601 188 188 188
v 6.354602 -12.707999 16.357601 188 188 188
v 6.354602 -12.707999 16.357601 188 188 188
v 6.354602 -8.389999 15.849600 188 188 188
v 6.354602 -12.707999 16.357601 188 188 188
v 6.456201 -12.707999 15.849600 188 188 188
v 6.507003 -12.707999 16.357601 188 188 188
v 7.065799 -12.707999 15.849600 188 188 188
v 6.507003 -12.707999 16.357601 188 188 188
v 7.624601 -12.707999 15.849600 188 188 188
v 6.507003 -12.707999 16.357601 188 188 188
v 9.707401 -12.707999 16.713202 188 188 188
v 9.605803 -12.707999 16.357601 188 188 188
v 9.707401 -12.707999 15.849600 188 188 188
v 9.707401 -12.707999 16.713202 188 188 188
v 9.707401 -6.053199 15.849600 188 188 188
v 9.707401 10.914001 16.713202 188 188 188
v 9.707401 -12.707999 16.713202 188 188 188
v 9.707401 10.914001 15.849600 188 188 188
v 9.707401 10.914001 16.713202 188 188 188
v 9.707401 -12.707999 16.713202 188 188 188
v 6.507003 -12.707999 16.713202 188 188 188
v 9.707401 -12.707999 16.713202 188 188 188
v 6.507003 10.914001 16.713202 188 188 188
v 9.707401 10.914001 16.713202 188 188 188
v 6.507003 10.914001 16.713202 188 188 188
v 6.507003 10.914001 16.357601 188 188 188
v 6.507003 10.914001 16.713202 188 188 188
v 9.605803 10.914001 16.357601 188 188 188
v 9.605803 10.914001 16.357601 188 188 188
v 6.507003 10.914001 16.357601 188 188 188
v 6.507003 10.914001 16.357601 188 188 188
v 7.065799 10.914001 15.849600 188 188 188
v 6.354602 10.914001 16.357601 188 188 188
v 6.354602 10.914001 15.849600 188 188 188
v 6.507003 10.914001 16.357601 188 188 188
v 6.456201 10.914001 15.849600 188 188 188
v 7.065799 10.914001 15.849600 188 188 188
v 9.605803 10.914001 16.357601 188 188 188
v 9.047001 10.914001 15.849600 188 188 188
v 9.605803 10.914001 16.357601 188 188 188
v 9.605803 10.914001 15.849600 188 188 188
v 9.707401 10.914001 16.713202 188 188 188
v 9.605803 10.914001 15.849600 188 188 188
v 9.605803 10.914001 16.357601 188 188 188
v 9.707401 10.914001 15.849600 188 188 188
v 9.707401 -12.707999 16.713202 188 188 188
v 9.707401 -0.922399 15.849600 188 188 188
v 9.707401 -12.707999 15.849600 188 188 188
v 9.605803 -12.707999 16.357601 188 188 188
v 9.605803 -12.707999 15.849600 188 188 188
v 9.656599 -12.707999 15.849600 188 188 188
v 9.605803 -12.707999 16.357601 188 188 188
v 6.354602 -12.707999 15.849600 188 188 188
v 6.405399 -12.707999 15.849600 188 188 188
v 6.354602 -12.707999 16.357601 188 188 188
v 6.354602 10.914001 16.357601 188 188 188
v 6.354602 6.646801 15.849600 188 188 188
v 6.354602 -8.389999 15.849600 188 188 188
v 6.507003 -12.707999 16.357601 188 188 188
v 6.354602 -12.707999 16.357601 188 188 188
v 6.456201 -12.707999 15.849600 188 188 188
v 6.507003 10.914001 16.357601 188 188 188
v 6.354602 10.914001 15.849600 188 188 188
v 6.354602 10.914001 16.357601 188 188 188
v 6.507003 10.914001 16.713202 188 188 188
v 6.507003 10.914001 16.357601 188 188 188
v 6.507003 -12.707999 16.713202 188 188 188
v 9.707401 -12.707999 16.713202 188 188 188
v 6.507003 -12.707999 16.713202 188 188 188
v 9.605803 -12.707999 16.357601 188 188 188
v 9.605803 -12.707999 16.357601 188 188 188
v 6.507003 -12.707999 16.357601 188 188 188
v 9.605803 -12.707999 15.849600 188 188 188

f 233 234 235
f 265 266 253
f 267 252 268
f 240 269 270
f 271 259 272
f 244 273 274
f 239 237 275
f 276 236 277
f 278 241 279
f 280 245 281
f 243 254 247
f 282 283 284
f 256 285 286
f 262 250 255
f 287 288 289
f 290 251 291
f 292 293 294
f 295 261 296
f 297 298 299
f 300 264 301
f 260 302 303
f 304 257 258
f 305 306 307
f 308 309 263
f 310 311 312
f 313 314 315
f 316 317 318
f 242 319 320
f 321 322 323
f 324 325 326
f 327 328 329
f 330 331 332
f 333 334 335
f 336 337 338
f 339 340 341
f 342 343 344

usemtl BaseColor_0
f 244 259 248
f 238 244 248
f 238 248 249
f 249 246 238
f 238 246 245
f 245 241 238
f 241 236 238
f 236 237 238
f 237 239 238
f 242 245 246
f 243 242 246
f 246 254 243
f 254 249 256
f 255 256 249
f 255 249 262
f 264 248 260
f 260 248 257
f 257 248 258
f 263 249 264
f 262 249 263
f 246 249 254
f 248 264 249
f 239 244 238
f 259 258 248


o Object.5
v 3.255803 -12.707999 16.357601 188 188 188
v 5.338603 -12.707999 16.357601 188 188 188
v 3.255803 -12.707999 16.713202 188 188 188
v 4.017802 -12.707999 15.849600 188 188 188
v 3.662204 -12.707999 15.849600 188 188 188
v 5.490998 -12.707999 0.000000 255 255 255
v 3.255803 -12.707999 15.849600 188 188 188
v 3.154198 -12.707999 15.849600 188 188 188
v 3.154198 -12.707999 0.000000 255 255 255
v 5.338603 -12.707999 15.849600 188 188 188
v 5.490998 -12.707999 15.849600 188 188 188
v 5.389400 -12.707999 15.849600 188 188 188
v 3.154198 -12.707999 16.357601 188 188 188
v 5.490998 -12.707999 16.713202 188 188 188
v 3.154198 10.964801 0.000000 255 255 255
v 5.490998 10.964801 0.000000 255 255 255
v 5.490998 10.964801 16.713202 188 188 188
v 3.255803 10.964801 16.713202 188 188 188
v 3.255803 10.964801 16.357601 188 188 188
v 3.154198 10.964801 16.357601 188 188 188
v 3.154198 10.964801 15.849600 188 188 188
v 3.154198 6.697602 15.849600 188 188 188
v 3.154198 10.964801 14.935200 255 255 255
v 3.154198 -8.389999 15.849600 188 188 188
v 5.389400 10.964801 15.849600 188 188 188
v 3.205001 10.964801 15.849600 188 188 188
v 5.490998 10.964801 15.849600 188 188 188
v 5.440202 10.964801 15.849600 188 188 188
v 3.255803 10.964801 15.849600 188 188 188
v 5.338603 10.964801 15.849600 188 188 188
v 3.662204 10.964801 15.849600 188 188 188
v 5.338603 10.964801 16.357601 188 188 188
v 4.982999 10.964801 15.849600 188 188 188
v 5.490998 4.310000 15.849600 188 188 188
v 5.490998 -7.577199 15.849600 188 188 188

v 3.255803 -12.707999 16.357601 188 188 188
v 3.255803 -12.707999 16.713202 188 188 188
v 3.255803 10.964801 16.713202 188 188 188
v 3.255803 -12.707999 16.357601 188 188 188
v 3.255803 10.964801 16.357601 188 188 188
v 3.255803 -12.707999 16.357601 188 188 188
v 3.255803 -12.707999 16.357601 188 188 188
v 3.154198 -12.707999 16.357601 188 188 188
v 3.255803 -12.707999 15.849600 188 188 188
v 3.255803 -12.707999 16.357601 188 188 188
v 3.662204 -12.707999 15.849600 188 188 188
v 3.255803 -12.707999 16.357601 188 188 188
v 4.017802 -12.707999 15.849600 188 188 188
v 3.255803 -12.707999 16.357601 188 188 188
v 5.490998 -12.707999 16.713202 188 188 188
v 5.338603 -12.707999 16.357601 188 188 188
v 5.490998 -12.707999 15.849600 188 188 188
v 5.490998 -12.707999 16.713202 188 188 188
v 5.490998 -7.577199 15.849600 188 188 188
v 5.490998 -12.707999 16.713202 188 188 188
v 5.490998 4.310000 15.849600 188 188 188
v 5.490998 10.964801 16.713202 188 188 188
v 5.490998 4.310000 15.849600 188 188 188
v 5.490998 10.964801 16.713202 188 188 188
v 5.490998 10.964801 15.849600 188 188 188
v 5.490998 10.964801 16.713202 188 188 188
v 5.389400 10.964801 15.849600 188 188 188
v 5.338603 10.964801 16.357601 188 188 188
v 5.490998 10.964801 16.713202 188 188 188
v 5.338603 10.964801 16.357601 188 188 188
v 3.255803 10.964801 16.713202 188 188 188
v 5.338603 10.964801 16.357601 188 188 188
v 5.338603 10.964801 15.849600 188 188 188
v 5.338603 10.964801 16.357601 188 188 188
v 4.982999 10.964801 15.849600 188 188 188
v 3.255803 10.964801 16.357601 188 188 188
v 3.662204 10.964801 15.849600 188 188 188
v 3.255803 10.964801 16.357601 188 188 188
v 3.255803 10.964801 15.849600 188 188 188
v 3.255803 10.964801 16.357601 188 188 188
v 3.205001 10.964801 15.849600 188 188 188
v 3.154198 10.964801 15.849600 188 188 188
v 3.154198 10.964801 16.357601 188 188 188
v 3.154198 6.697602 15.849600 188 188 188
v 3.154198 10.964801 16.357601 188 188 188
v 3.154198 -8.389999 15.849600 188 188 188
v 3.154198 -12.707999 16.357601 188 188 188
v 3.154198 -12.707999 16.357601 188 188 188
v 3.154198 -8.389999 15.849600 188 188 188
v 3.255803 10.964801 16.357601 188 188 188
v 3.154198 10.964801 15.849600 188 188 188
v 3.154198 10.964801 16.357601 188 188 188
v 5.338603 10.964801 16.357601 188 188 188
v 3.662204 10.964801 15.849600 188 188 188
v 3.255803 10.964801 16.357601 188 188 188
v 5.389400 10.964801 15.849600 188 188 188
v 5.490998 10.964801 16.713202 188 188 188
v 5.440202 10.964801 15.849600 188 188 188
v 5.490998 10.964801 16.713202 188 188 188
v 3.255803 -12.707999 16.713202 188 188 188
v 5.490998 -12.707999 16.713202 188 188 188
v 5.490998 -12.707999 15.849600 188 188 188
v 5.338603 -12.707999 16.357601 188 188 188
v 5.338603 -12.707999 15.849600 188 188 188
v 5.389400 -12.707999 15.849600 188 188 188
v 5.338603 -12.707999 16.357601 188 188 188
v 3.154198 -12.707999 15.849600 188 188 188
v 3.255803 -12.707999 15.849600 188 188 188
v 3.154198 -12.707999 16.357601 188 188 188
v 3.154198 -12.707999 16.357601 188 188 188
v 3.255803 10.964801 16.357601 188 188 188
v 3.154198 10.964801 16.357601 188 188 188
v 3.255803 10.964801 16.357601 188 188 188
v 3.255803 10.964801 16.713202 188 188 188
v 5.338603 10.964801 16.357601 188 188 188
v 3.255803 -12.707999 16.713202 188 188 188
v 5.490998 10.964801 16.713202 188 188 188
v 3.255803 10.964801 16.713202 188 188 188
v 5.490998 -12.707999 16.713202 188 188 188
v 3.255803 -12.707999 16.713202 188 188 188
v 5.338603 -12.707999 16.357601 188 188 188
v 5.338603 -12.707999 16.357601 188 188 188
v 3.255803 -12.707999 16.357601 188 188 188
v 5.338603 -12.707999 15.849600 188 188 188

f 345 346 347
f 380 381 362
f 382 363 383
f 384 357 385
f 386 387 351
f 388 349 389
f 390 348 391
f 392 354 393
f 355 379 358
f 394 395 396
f 378 397 398
f 361 399 400
f 401 402 371
f 372 403 404
f 374 376 369
f 405 406 407
f 408 409 410
f 377 411 412
f 375 413 414
f 373 415 416
f 370 417 418
f 365 419 420
f 364 421 366
f 422 423 368
f 424 425 426
f 352 427 428
f 429 430 431
f 432 433 434
f 435 436 437
f 438 439 440
f 356 441 442
f 443 444 445
f 446 447 448
f 449 450 451
f 452 453 454
f 455 456 457
f 458 459 460
f 461 462 463

usemtl BaseColor_0
f 354 348 350
f 356 354 350
f 355 356 350
f 350 379 355
f 371 360 372
f 372 360 369
f 369 360 367
f 369 367 374
f 377 367 375
f 375 367 373
f 370 367 365
f 365 367 366
f 353 352 368
f 353 368 359
f 353 359 360
f 360 350 353
f 353 350 351
f 350 360 378
f 367 359 368
f 351 352 353
f 368 366 367
f 373 367 370
f 374 367 377
f 359 367 360
f 371 378 360
f 350 378 379
f 348 349 350
f 349 351 350


o Object.6
v -15.895799 -12.707999 15.849600 188 188 188
v -15.844999 -12.707999 15.849600 188 188 188
v -15.895799 -12.707999 16.357601 188 188 188
v -17.724600 -12.707999 16.357601 188 188 188
v -17.724600 -12.707999 16.713202 188 188 188
v -17.877001 -12.707999 0.000000 255 255 255
v -15.794200 -12.707999 0.000000 255 255 255
v -17.775398 -12.707999 15.849600 188 188 188
v -17.419800 -12.707999 15.849600 188 188 188
v -17.064199 -12.707999 15.849600 188 188 188
v -17.877001 -12.707999 16.357601 188 188 188
v -17.826200 -12.707999 15.849600 188 188 188
v -15.794200 -12.707999 15.849600 188 188 188
v -17.877001 -12.707999 15.849600 188 188 188
v -15.794200 -12.707999 16.713202 188 188 188
v -15.794200 -8.847199 15.849600 188 188 188
v -15.794200 -0.008000 15.849600 188 188 188
v -15.794200 5.021201 0.000000 255 255 255
v -15.794200 5.021201 16.713202 188 188 188
v -15.794200 5.021201 15.849600 188 188 188
v -17.877001 5.021201 15.849600 188 188 188
v -17.877001 5.021201 0.000000 255 255 255
v -17.877001 1.770002 15.849600 188 188 188
v -17.877001 5.021201 16.357601 188 188 188
v -17.877001 -1.430399 15.849600 188 188 188
v -17.724600 5.021201 16.357601 188 188 188
v -17.724600 5.021201 16.713202 188 188 188
v -15.895799 5.021201 16.357601 188 188 188
v -15.895799 5.021201 15.849600 188 188 188
v -17.775398 5.021201 15.849600 188 188 188
v -17.419800 5.021201 15.849600 188 188 188
v -16.251400 5.021201 15.849600 188 188 188

v -15.895799 -12.707999 16.357601 188 188 188
v -15.895799 -12.707999 15.849600 188 188 188
v -15.895799 -12.707999 15.849600 188 188 188
v -17.724600 -12.707999 16.357601 188 188 188
v -17.064199 -12.707999 15.849600 188 188 188
v -17.724600 -12.707999 16.357601 188 188 188
v -17.419800 -12.707999 15.849600 188 188 188
v -17.724600 -12.707999 16.357601 188 188 188
v -17.724600 -12.707999 16.357601 188 188 188
v -17.775398 -12.707999 15.849600 188 188 188
v -17.775398 -12.707999 15.849600 188 188 188
v -17.877001 -12.707999 16.357601 188 188 188
v -17.826200 -12.707999 15.849600 188 188 188
v -17.877001 -12.707999 16.357601 188 188 188
v -17.877001 -12.707999 15.849600 188 188 188
v -17.877001 -12.707999 16.357601 188 188 188
v -17.877001 5.021201 16.357601 188 188 188
v -17.877001 -12.707999 15.849600 188 188 188
v -15.794200 -12.707999 16.713202 188 188 188
v -15.895799 -12.707999 16.357601 188 188 188
v -15.794200 -12.707999 15.849600 188 188 188
v -15.794200 -12.707999 16.713202 188 188 188
v -15.895799 -12.707999 16.357601 188 188 188
v -17.724600 -12.707999 16.713202 188 188 188
v -15.794200 -12.707999 16.713202 188 188 188
v -17.724600 -12.707999 16.357601 188 188 188
v -17.724600 -12.707999 16.713202 188 188 188
v -17.724600 5.021201 16.713202 188 188 188
v -17.724600 5.021201 16.713202 188 188 188
v -17.724600 -12.707999 16.357601 188 188 188
v -17.724600 5.021201 16.357601 188 188 188
v -17.877001 5.021201 16.357601 188 188 188
v -17.724600 -12.707999 16.357601 188 188 188
v -17.724600 5.021201 16.357601 188 188 188
v -17.877001 5.021201 16.357601 188 188 188
v -17.877001 5.021201 16.357601 188 188 188
v -17.877001 5.021201 15.849600 188 188 188
v -17.877001 5.021201 15.849600 188 188 188
v -17.724600 5.021201 16.357601 188 188 188
v -16.251400 5.021201 15.849600 188 188 188
v -15.895799 5.021201 16.357601 188 188 188
v -15.895799 5.021201 15.849600 188 188 188
v -15.895799 5.021201 16.357601 188 188 188
v -15.794200 5.021201 16.713202 188 188 188
v -15.895799 5.021201 16.357601 188 188 188
v -17.724600 5.021201 16.713202 188 188 188
v -15.895799 5.021201 15.849600 188 188 188
v -15.794200 5.021201 16.713202 188 188 188
v -15.794200 5.021201 16.713202 188 188 188
v -15.794200 5.021201 15.849600 188 188 188
v -15.794200 5.021201 16.713202 188 188 188
v -15.794200 -12.707999 16.713202 188 188 188
v -15.794200 -0.008000 15.849600 188 188 188
v -15.895799 5.021201 16.357601 188 188 188
v -17.419800 5.021201 15.849600 188 188 188
v -17.724600 5.021201 16.357601 188 188 188
v -17.775398 5.021201 15.849600 188 188 188
v -17.724600 5.021201 16.357601 188 188 188
v -17.419800 5.021201 15.849600 188 188 188
v -17.724600 5.021201 16.357601 188 188 188
v -17.724600 5.021201 16.713202 188 188 188
v -15.895799 5.021201 16.357601 188 188 188
v -15.794200 5.021201 16.713202 188 188 188
v -17.724600 5.021201 16.713202 188 188 188
v -15.794200 -12.707999 16.713202 188 188 188
v -15.794200 -0.008000 15.849600 188 188 188
v -15.794200 -12.707999 16.713202 188 188 188
v -15.794200 -8.847199 15.849600 188 188 188
v -17.877001 5.021201 16.357601 188 188 188
v -17.877001 1.770002 15.849600 188 188 188
v -17.877001 -1.430399 15.849600 188 188 188
v -17.877001 -12.707999 16.357601 188 188 188
v -17.724600 -12.707999 16.357601 188 188 188
v -17.877001 5.021201 16.357601 188 188 188
v -17.724600 -12.707999 16.357601 188 188 188
v -15.895799 -12.707999 16.357601 188 188 188
v -17.724600 -12.707999 16.713202 188 188 188
v -15.844999 -12.707999 15.849600 188 188 188
v -15.794200 -12.707999 15.849600 188 188 188
v -15.895799 -12.707999 16.357601 188 188 188

f 464 465 466
f 496 467 497
f 473 498 499
f 472 500 501
f 471 502 503
f 504 474 505
f 475 506 507
f 477 508 509
f 510 511 487
f 512 488 513
f 476 479 478
f 514 515 516
f 517 468 518
f 519 520 490
f 521 522 523
f 524 489 525
f 526 527 528
f 529 484 530
f 531 532 486
f 533 534 493
f 494 491 495
f 535 536 492
f 482 537 538
f 539 540 541
f 542 543 483
f 544 480 545
f 546 547 548
f 549 550 551
f 552 553 554
f 555 556 557
f 558 559 560
f 561 562 563
f 564 565 566
f 567 568 569
f 570 571 572
f 573 574 575

usemtl BaseColor_0
f 469 477 488
f 469 488 486
f 469 486 485
f 469 485 481
f 481 470 469
f 469 470 471
f 470 481 480
f 470 480 479
f 470 479 476
f 476 465 470
f 493 481 484
f 494 481 493
f 495 481 494
f 483 481 492
f 492 481 495
f 483 480 481
f 485 484 481
f 484 485 486
f 475 477 469
f 471 475 469
f 472 471 470
f 473 472 470
f 464 473 470
f 465 464 470


o Object.7
v -9.545801 -12.707999 16.357601 188 188 188
v -14.727399 -12.707999 16.357601 188 188 188
v -9.545801 -12.707999 15.849600 188 188 188
v -12.797002 -12.707999 15.849600 188 188 188
v -13.762198 -12.707999 15.849600 188 188 188
v -9.545801 -12.707999 0.000000 255 255 255
v -14.727399 -12.707999 15.849600 188 188 188
v -14.727399 -12.707999 0.000000 255 255 255
v -14.727399 11.218801 0.000000 255 255 255
v -9.545801 11.218801 0.000000 255 255 255
v -9.545801 11.218801 16.357601 188 188 188
v -14.727399 11.218801 16.357601 188 188 188
v -9.545801 -8.389999 15.849600 188 188 188
v -9.545801 6.850001 15.849600 188 188 188
v -9.545801 11.218801 15.849600 188 188 188
v -14.727399 11.218801 15.849600 188 188 188
v -14.727399 6.900801 15.849600 188 188 188
v -14.727399 -8.339200 15.849600 188 188 188
v -11.425399 11.218801 15.849600 188 188 188
v -10.460202 11.218801 15.849600 188 188 188

v -9.545801 -12.707999 15.849600 188 188 188
v -9.545801 -12.707999 16.357601 188 188 188
v -9.545801 -12.707999 16.357601 188 188 188
v -9.545801 -8.389999 15.849600 188 188 188
v -9.545801 11.218801 16.357601 188 188 188
v -10.460202 11.218801 15.849600 188 188 188
v -14.727399 11.218801 16.357601 188 188 188
v -14.727399 6.900801 15.849600 188 188 188
v -14.727399 11.218801 16.357601 188 188 188
v -14.727399 -8.339200 15.849600 188 188 188
v -14.727399 -12.707999 16.357601 188 188 188
v -14.727399 -12.707999 16.357601 188 188 188
v -9.545801 11.218801 16.357601 188 188 188
v -14.727399 11.218801 16.357601 188 188 188
v -14.727399 -12.707999 16.357601 188 188 188
v -14.727399 -8.339200 15.849600 188 188 188
v -14.727399 -12.707999 16.357601 188 188 188
v -14.727399 -12.707999 15.849600 188 188 188
v -13.762198 -12.707999 15.849600 188 188 188
v -14.727399 -12.707999 16.357601 188 188 188
v -9.545801 11.218801 16.357601 188 188 188
v -14.727399 11.218801 15.849600 188 188 188
v -14.727399 11.218801 16.357601 188 188 188
v -14.727399 11.218801 15.849600 188 188 188
v -9.545801 11.218801 16.357601 188 188 188
v -11.425399 11.218801 15.849600 188 188 188
v -9.545801 11.218801 16.357601 188 188 188
v -9.545801 6.850001 15.849600 188 188 188
v -9.545801 11.218801 15.849600 188 188 188
v -9.545801 11.218801 16.357601 188 188 188
v -9.545801 -12.707999 16.357601 188 188 188
v -9.545801 6.850001 15.849600 188 188 188
v -12.797002 -12.707999 15.849600 188 188 188
v -9.545801 -12.707999 15.849600 188 188 188
v -14.727399 -12.707999 16.357601 188 188 188
v -9.545801 11.218801 16.357601 188 188 188
v -14.727399 -12.707999 16.357601 188 188 188
v -9.545801 -12.707999 16.357601 188 188 188

f 576 577 578
f 596 588 597
f 589 598 599
f 595 586 590
f 594 600 601
f 587 591 592
f 602 603 593
f 604 605 606
f 607 608 609
f 582 610 611
f 580 579 612
f 613 614 615
f 616 617 618
f 619 620 621
f 622 623 624
f 625 626 627
f 628 629 630
f 631 632 633

usemtl BaseColor_0
f 581 589 588
f 581 585 589
f 590 589 585
f 590 585 595
f 595 584 594
f 594 584 591
f 591 584 592
f 582 593 584
f 583 582 584
f 583 584 585
f 580 582 583
f 583 581 580
f 579 580 581
f 578 579 581
f 593 592 584
f 584 595 585
f 585 581 583
f 581 588 578


o Object.8
v 28.858999 -12.707999 16.713202 188 188 188
v 28.706598 -12.707999 16.357601 188 188 188
v 28.858999 -12.707999 15.849600 188 188 188
v 10.824999 -12.707999 15.849600 188 188 188
v 10.774203 -12.707999 15.849600 188 188 188
v 10.774203 -12.707999 0.000000 255 255 255
v 10.875802 -12.707999 15.849600 188 188 188
v 10.926604 -12.707999 16.357601 188 188 188
v 10.774203 -12.707999 16.357601 188 188 188
v 10.926604 -12.707999 16.713202 188 188 188
v 17.378202 -12.707999 15.849600 188 188 188
v 28.706598 -12.707999 15.849600 188 188 188
v 28.858999 -12.707999 0.000000 255 255 255
v 28.757401 -12.707999 15.849600 188 188 188
v 14.177798 -12.707999 15.849600 188 188 188
v 28.858999 -7.881999 0.000000 255 255 255
v 10.774203 -7.881999 0.000000 255 255 255
v 28.858999 -7.881999 16.713202 188 188 188
v 10.926604 -7.881999 16.713202 188 188 188
v 10.774203 -7.881999 16.357601 188 188 188
v 10.926604 -7.881999 16.357601 188 188 188
v 28.757401 -7.881999 15.849600 188 188 188
v 28.706598 -7.881999 15.849600 188 188 188
v 10.875802 -7.881999 15.849600 188 188 188
v 10.774203 -7.881999 15.849600 188 188 188
v 14.177798 -7.881999 15.849600 188 188 188
v 28.706598 -7.881999 16.357601 188 188 188
v 28.808203 -7.881999 15.849600 188 188 188
v 28.858999 -7.881999 15.849600 188 188 188
v 25.506201 -7.881999 15.849600 188 188 188
v 10.774203 -8.745599 15.849600 188 188 188
v 10.774203 -11.844399 15.849600 188 188 188
v 28.858999 -9.253599 15.849600 188 188 188
v 28.858999 -11.691999 15.849600 188 188 188

v 28.858999 -12.707999 15.849600 188 188 188
v 28.858999 -12.707999 16.713202 188 188 188
v 28.858999 -12.707999 16.713202 188 188 188
v 28.858999 -11.691999 15.849600 188 188 188
v 28.858999 -9.253599 15.849600 188 188 188
v 28.858999 -7.881999 16.713202 188 188 188
v 28.858999 -7.881999 15.849600 188 188 188
v 28.858999 -7.881999 16.713202 188 188 188
v 28.757401 -7.881999 15.849600 188 188 188
v 28.706598 -7.881999 16.357601 188 188 188
v 28.858999 -7.881999 16.713202 188 188 188
v 28.706598 -7.881999 16.357601 188 188 188
v 28.858999 -7.881999 16.713202 188 188 188
v 10.926604 -7.881999 16.713202 188 188 188
v 10.926604 -7.881999 16.713202 188 188 188
v 10.926604 -12.707999 16.713202 188 188 188
v 10.926604 -12.707999 16.713202 188 188 188
v 10.926604 -7.881999 16.357601 188 188 188
v 10.926604 -7.881999 16.357601 188 188 188
v 10.926604 -12.707999 16.357601 188 188 188
v 10.926604 -12.707999 16.357601 188 188 188
v 10.774203 -7.881999 16.357601 188 188 188
v 10.774203 -7.881999 16.357601 188 188 188
v 10.774203 -12.707999 16.357601 188 188 188
v 10.774203 -12.707999 16.357601 188 188 188
v 10.774203 -11.844399 15.849600 188 188 188
v 10.774203 -12.707999 16.357601 188 188 188
v 28.706598 -12.707999 16.357601 188 188 188
v 28.706598 -12.707999 16.357601 188 188 188
v 10.926604 -12.707999 16.357601 188 188 188
v 28.706598 -12.707999 15.849600 188 188 188
v 28.706598 -12.707999 15.849600 188 188 188
v 10.926604 -12.707999 16.357601 188 188 188
v 17.378202 -12.707999 15.849600 188 188 188
v 10.926604 -12.707999 16.357601 188 188 188
v 10.875802 -12.707999 15.849600 188 188 188
v 14.177798 -12.707999 15.849600 188 188 188
v 10.926604 -12.707999 16.357601 188 188 188
v 10.774203 -7.881999 16.357601 188 188 188
v 10.774203 -7.881999 15.849600 188 188 188
v 10.926604 -7.881999 16.357601 188 188 188
v 10.875802 -7.881999 15.849600 188 188 188
v 10.926604 -7.881999 16.357601 188 188 188
v 28.706598 -7.881999 16.357601 188 188 188
v 14.177798 -7.881999 15.849600 188 188 188
v 10.926604 -7.881999 16.357601 188 188 188
v 14.177798 -7.881999 15.849600 188 188 188
v 28.706598 -7.881999 16.357601 188 188 188
v 10.774203 -12.707999 15.849600 188 188 188
v 10.824999 -12.707999 15.849600 188 188 188
v 10.774203 -12.707999 16.357601 188 188 188
v 10.774203 -7.881999 16.357601 188 188 188
v 10.774203 -8.745599 15.849600 188 188 188
v 10.774203 -11.844399 15.849600 188 188 188
v 10.926604 -12.707999 16.357601 188 188 188
v 10.774203 -12.707999 16.357601 188 188 188
v 10.875802 -12.707999 15.849600 188 188 188
v 10.926604 -7.881999 16.357601 188 188 188
v 10.774203 -7.881999 15.849600 188 188 188
v 10.774203 -7.881999 16.357601 188 188 188
v 10.926604 -12.707999 16.357601 188 188 188
v 28.706598 -12.707999 16.357601 188 188 188
v 10.926604 -12.707999 16.713202 188 188 188
v 28.858999 -7.881999 16.713202 188 188 188
v 10.926604 -12.707999 16.713202 188 188 188
v 28.858999 -12.707999 16.713202 188 188 188
v 10.926604 -7.881999 16.357601 188 188 188
v 10.926604 -7.881999 16.713202 188 188 188
v 28.706598 -7.881999 16.357601 188 188 188
v 25.506201 -7.881999 15.849600 188 188 188
v 28.706598 -7.881999 16.357601 188 188 188
v 28.706598 -7.881999 15.849600 188 188 188
v 28.757401 -7.881999 15.849600 188 188 188
v 28.858999 -7.881999 16.713202 188 188 188
v 28.808203 -7.881999 15.849600 188 188 188
v 28.858999 -7.881999 16.713202 188 188 188
v 28.858999 -12.707999 16.713202 188 188 188
v 28.858999 -9.253599 15.849600 188 188 188
v 28.757401 -12.707999 15.849600 188 188 188
v 28.858999 -12.707999 15.849600 188 188 188
v 28.706598 -12.707999 16.357601 188 188 188
v 28.858999 -12.707999 16.713202 188 188 188
v 10.926604 -12.707999 16.713202 188 188 188
v 28.706598 -12.707999 16.357601 188 188 188

f 634 635 636
f 668 667 669
f 666 670 671
f 651 672 662
f 661 673 674
f 656 660 655
f 675 676 677
f 678 679 652
f 643 680 681
f 682 654 683
f 641 684 685
f 686 653 687
f 642 688 689
f 690 665 691
f 638 692 693
f 637 640 694
f 645 647 695
f 696 697 698
f 644 699 700
f 648 701 702
f 703 704 705
f 706 658 664
f 707 708 657
f 709 710 659
f 711 712 713
f 714 715 663
f 716 717 718
f 719 720 721
f 722 723 724
f 725 726 727
f 728 729 730
f 731 732 733
f 734 735 736
f 737 738 739
f 740 741 742
f 743 744 745
f 746 747 748
f 749 750 751

usemtl BaseColor_0
f 646 666 667
f 646 662 666
f 662 649 661
f 661 649 655
f 655 649 656
f 639 638 665
f 639 665 650
f 639 650 649
f 649 646 639
f 639 646 640
f 640 637 639
f 648 640 646
f 644 648 646
f 645 644 646
f 647 645 646
f 636 647 646
f 665 664 650
f 658 650 664
f 657 650 658
f 663 650 659
f 656 650 663
f 659 650 657
f 637 638 639
f 650 656 649
f 662 646 649
f 646 667 636


o Object.9
v -2.332198 -12.707999 15.849600 188 188 188
v -3.246598 -12.707999 15.849600 188 188 188
v -3.246598 -12.707999 0.000000 255 255 255
v -1.417797 -12.707999 15.849600 188 188 188
v 1.782601 -12.707999 15.849600 188 188 188
v -3.246598 -12.707999 16.357601 188 188 188
v 1.782601 -12.707999 16.357601 188 188 188
v 1.782601 -12.707999 0.000000 255 255 255
v 1.782601 6.392801 0.000000 255 255 255
v -3.246598 6.392801 0.000000 255 255 255
v 1.782601 6.392801 16.357601 188 188 188
v -3.246598 6.392801 16.357601 188 188 188
v -3.246598 6.392801 15.849600 188 188 188
v -3.246598 2.887601 15.849600 188 188 188
v -3.246598 -0.566799 15.849600 188 188 188
v 1.782601 6.392801 15.849600 188 188 188
v 1.782601 -9.202800 15.849600 188 188 188
v 1.782601 -5.748399 15.849600 188 188 188
v -2.332198 6.392801 15.849600 188 188 188
v 0.868200 6.392801 15.849600 188 188 188

v 1.782601 -12.707999 16.357601 188 188 188
v 1.782601 -12.707999 15.849600 188 188 188
v -3.246598 -12.707999 16.357601 188 188 188
v 1.782601 -12.707999 16.357601 188 188 188
v -3.246598 -12.707999 16.357601 188 188 188
v -3.246598 6.392801 16.357601 188 188 188
v -3.246598 6.392801 16.357601 188 188 188
v -3.246598 -12.707999 15.849600 188 188 188
v -3.246598 6.392801 16.357601 188 188 188
v -3.246598 6.392801 15.849600 188 188 188
v -3.246598 6.392801 16.357601 188 188 188
v -2.332198 6.392801 15.849600 188 188 188
v 0.868200 6.392801 15.849600 188 188 188
v 1.782601 6.392801 16.357601 188 188 188
v 1.782601 6.392801 16.357601 188 188 188
v 1.782601 -12.707999 16.357601 188 188 188
v 1.782601 6.392801 15.849600 188 188 188
v 1.782601 6.392801 15.849600 188 188 188
v 1.782601 -12.707999 16.357601 188 188 188
v 1.782601 6.392801 16.357601 188 188 188
v -2.332198 6.392801 15.849600 188 188 188
v -3.246598 6.392801 16.357601 188 188 188
v -3.246598 6.392801 16.357601 188 188 188
v -3.246598 2.887601 15.849600 188 188 188
v -3.246598 -0.566799 15.849600 188 188 188
v 1.782601 6.392801 16.357601 188 188 188
v -3.246598 6.392801 16.357601 188 188 188
v 1.782601 -12.707999 16.357601 188 188 188
v 1.782601 -5.748399 15.849600 188 188 188
v 1.782601 -12.707999 16.357601 188 188 188
v 1.782601 -9.202800 15.849600 188 188 188
v 1.782601 -12.707999 15.849600 188 188 188
v -3.246598 -12.707999 16.357601 188 188 188
v -1.417797 -12.707999 15.849600 188 188 188
v -3.246598 -12.707999 16.357601 188 188 188
v -3.246598 -12.707999 15.849600 188 188 188
v -2.332198 -12.707999 15.849600 188 188 188
v -3.246598 -12.707999 16.357601 188 188 188

f 756 768 758
f 772 757 773
f 774 775 763
f 753 776 777
f 778 766 779
f 780 764 765
f 781 782 770
f 783 762 771
f 784 785 767
f 786 787 788
f 789 790 769
f 791 792 793
f 794 795 796
f 797 798 799
f 800 801 802
f 755 803 804
f 752 805 806
f 807 808 809

usemtl BaseColor_0
f 752 753 754
f 755 752 754
f 756 755 754
f 754 759 756
f 759 768 756
f 753 766 761
f 766 765 761
f 764 761 765
f 770 760 764
f 771 760 770
f 767 769 760
f 768 760 769
f 767 760 771
f 761 764 760
f 760 759 761
f 759 760 768
f 754 761 759
f 754 753 761


o Object.10
v -25.497000 -12.707999 16.357601 188 188 188
v -28.748199 -12.707999 16.357601 188 188 188
v -25.497000 -12.707999 15.849600 188 188 188
v -28.138601 -12.707999 15.849600 188 188 188
v -28.748199 -12.707999 15.849600 188 188 188
v -25.497000 -12.707999 0.000000 255 255 255
v -27.579800 -12.707999 15.849600 188 188 188
v -28.748199 -12.707999 0.000000 255 255 255
v -28.748199 11.676001 0.000000 255 255 255
v -25.497000 11.676001 0.000000 255 255 255
v -28.748199 11.676001 16.357601 188 188 188
v -25.497000 11.676001 16.357601 188 188 188
v -26.665400 11.676001 15.849600 188 188 188
v -28.748199 11.676001 15.849600 188 188 188
v -26.106600 11.676001 15.849600 188 188 188
v -25.497000 11.676001 15.849600 188 188 188
v -25.497000 -8.237599 15.849600 188 188 188
v -25.497000 -3.868799 15.849600 188 188 188
v -28.748199 7.205601 15.849600 188 188 188
v -28.748199 2.786000 15.849600 188 188 188

v -25.497000 -12.707999 15.849600 188 188 188
v -25.497000 -12.707999 16.357601 188 188 188
v -25.497000 -12.707999 16.357601 188 188 188
v -25.497000 -8.237599 15.849600 188 188 188
v -25.497000 11.676001 16.357601 188 188 188
v -25.497000 -12.707999 16.357601 188 188 188
v -25.497000 11.676001 15.849600 188 188 188
v -25.497000 11.676001 16.357601 188 188 188
v -25.497000 -12.707999 16.357601 188 188 188
v -25.497000 11.676001 16.357601 188 188 188
v -28.748199 11.676001 16.357601 188 188 188
v -28.748199 11.676001 16.357601 188 188 188
v -28.748199 11.676001 15.849600 188 188 188
v -28.748199 11.676001 16.357601 188 188 188
v -28.748199 7.205601 15.849600 188 188 188
v -28.748199 11.676001 16.357601 188 188 188
v -28.748199 2.786000 15.849600 188 188 188
v -28.748199 -12.707999 15.849600 188 188 188
v -28.748199 -12.707999 16.357601 188 188 188
v -28.748199 11.676001 16.357601 188 188 188
v -28.748199 -12.707999 15.849600 188 188 188
v -28.748199 -12.707999 16.357601 188 188 188
v -28.138601 -12.707999 15.849600 188 188 188
v -28.748199 -12.707999 16.357601 188 188 188
v -28.748199 11.676001 15.849600 188 188 188
v -25.497000 11.676001 16.357601 188 188 188
v -26.665400 11.676001 15.849600 188 188 188
v -25.497000 11.676001 16.357601 188 188 188
v -26.106600 11.676001 15.849600 188 188 188
v -25.497000 11.676001 15.849600 188 188 188
v -25.497000 -12.707999 16.357601 188 188 188
v -25.497000 -3.868799 15.849600 188 188 188
v -27.579800 -12.707999 15.849600 188 188 188
v -25.497000 -12.707999 15.849600 188 188 188
v -28.748199 -12.707999 16.357601 188 188 188
v -28.748199 -12.707999 16.357601 188 188 188
v -25.497000 -12.707999 16.357601 188 188 188
v -28.748199 11.676001 16.357601 188 188 188

f 810 811 812
f 830 826 831
f 827 832 833
f 824 821 825
f 834 835 836
f 837 820 838
f 839 823 840
f 841 842 828
f 843 844 829
f 845 846 814
f 847 848 849
f 850 813 851
f 852 816 853
f 854 855 822
f 856 857 858
f 859 860 861
f 862 863 864
f 865 866 867

usemtl BaseColor_0
f 826 819 827
f 825 827 819
f 825 819 824
f 816 813 815
f 812 816 815
f 813 814 815
f 817 815 814
f 819 815 817
f 817 818 819
f 817 828 818
f 817 814 829
f 817 829 828
f 823 818 828
f 822 818 823
f 824 818 822
f 818 824 819
f 815 819 826
f 815 826 812


o Object.11
v -47.544201 -12.707999 15.849600 188 188 188
v -51.405003 -12.707999 15.849600 188 188 188
v -51.405003 -12.707999 0.000000 255 255 255
v -43.683399 -12.707999 15.849600 188 188 188
v -30.170599 -12.707999 15.849600 188 188 188
v -30.170599 -12.707999 16.357601 188 188 188
v -51.405003 -12.707999 16.357601 188 188 188
v -30.170599 -12.707999 0.000000 255 255 255
v -51.405003 -9.507600 0.000000 255 255 255
v -30.170599 -9.507600 0.000000 255 255 255
v -30.170599 -9.507600 16.357601 188 188 188
v -51.405003 -9.507600 16.357601 188 188 188
v -51.405003 -12.149199 15.849600 188 188 188
v -51.405003 -10.066400 15.849600 188 188 188
v -51.405003 -9.507600 15.849600 188 188 188
v -37.892200 -9.507600 15.849600 188 188 188
v -34.082199 -9.507600 15.849600 188 188 188
v -30.170599 -9.507600 15.849600 188 188 188
v -30.170599 -11.539599 15.849600 188 188 188
v -30.170599 -12.149199 15.849600 188 188 188

v -30.170599 -12.707999 16.357601 188 188 188
v -30.170599 -12.707999 15.849600 188 188 188
v -51.405003 -12.707999 16.357601 188 188 188
v -30.170599 -12.707999 16.357601 188 188 188
v -51.405003 -9.507600 16.357601 188 188 188
v -51.405003 -12.707999 16.357601 188 188 188
v -51.405003 -12.707999 16.357601 188 188 188
v -51.405003 -12.149199 15.849600 188 188 188
v -51.405003 -9.507600 16.357601 188 188 188
v -51.405003 -9.507600 15.849600 188 188 188
v -51.405003 -9.507600 16.357601 188 188 188
v -51.405003 -9.507600 15.849600 188 188 188
v -30.170599 -9.507600 16.357601 188 188 188
v -37.892200 -9.507600 15.849600 188 188 188
v -30.170599 -9.507600 16.357601 188 188 188
v -30.170599 -12.707999 16.357601 188 188 188
v -30.170599 -9.507600 16.357601 188 188 188
v -30.170599 -12.707999 16.357601 188 188 188
v -30.170599 -9.507600 15.849600 188 188 188
v -34.082199 -9.507600 15.849600 188 188 188
v -30.170599 -9.507600 16.357601 188 188 188
v -30.170599 -9.507600 15.849600 188 188 188
v -51.405003 -9.507600 16.357601 188 188 188
v -51.405003 -10.066400 15.849600 188 188 188
v -51.405003 -12.149199 15.849600 188 188 188
v -30.170599 -9.507600 16.357601 188 188 188
v -51.405003 -9.507600 16.357601 188 188 188
v -30.170599 -12.707999 16.357601 188 188 188
v -30.170599 -11.539599 15.849600 188 188 188
v -30.170599 -12.707999 16.357601 188 188 188
v -30.170599 -12.149199 15.849600 188 188 188
v -30.170599 -12.707999 15.849600 188 188 188
v -51.405003 -12.707999 16.357601 188 188 188
v -43.683399 -12.707999 15.849600 188 188 188
v -51.405003 -12.707999 16.357601 188 188 188
v -51.405003 -12.707999 15.849600 188 188 188
v -47.544201 -12.707999 15.849600 188 188 188
v -51.405003 -12.707999 16.357601 188 188 188

f 872 887 873
f 888 874 889
f 890 891 879
f 892 880 893
f 869 894 895
f 896 882 881
f 878 897 898
f 899 900 883
f 901 902 884
f 885 903 886
f 904 905 906
f 907 908 909
f 910 911 912
f 913 914 915
f 916 917 918
f 871 919 920
f 868 921 922
f 923 924 925

usemtl BaseColor_0
f 868 869 870
f 871 868 870
f 872 871 870
f 870 875 872
f 875 887 872
f 869 880 876
f 880 881 876
f 882 876 881
f 884 876 883
f 885 876 884
f 876 885 877
f 870 876 877
f 885 875 877
f 875 885 886
f 883 876 882
f 875 886 887
f 877 875 870
f 870 869 876


o Object.12
v -24.125401 -12.707999 0.000000 255 255 255
v -19.146999 -12.707999 0.000000 255 255 255
v -19.146999 -12.707999 15.849600 188 188 188
v -23.211000 -12.707999 15.849600 188 188 188
v -24.125401 -12.707999 15.849600 188 188 188
v -19.146999 -12.707999 16.357601 188 188 188
v -24.125401 -12.707999 16.357601 188 188 188
v -22.296600 -12.707999 15.849600 188 188 188
v -19.146999 9.644002 0.000000 255 255 255
v -24.125401 9.644002 0.000000 255 255 255
v -19.146999 9.644002 16.357601 188 188 188
v -24.125401 9.644002 16.357601 188 188 188
v -24.125401 1.465201 15.849600 188 188 188
v -24.125401 5.529202 15.849600 188 188 188
v -24.125401 9.644002 15.849600 188 188 188
v -19.146999 9.644002 15.849600 188 188 188
v -19.146999 -8.643999 15.849600 188 188 188
v -19.146999 -4.579999 15.849600 188 188 188
v -20.975800 9.644002 15.849600 188 188 188
v -20.061399 9.644002 15.849600 188 188 188

v -19.146999 -8.643999 15.849600 188 188 188
v -19.146999 -12.707999 16.357601 188 188 188
v -19.146999 -12.707999 16.357601 188 188 188
v -19.146999 -12.707999 15.849600 188 188 188
v -24.125401 -12.707999 16.357601 188 188 188
v -19.146999 -12.707999 16.357601 188 188 188
v -24.125401 -12.707999 16.357601 188 188 188
v -24.125401 9.644002 16.357601 188 188 188
v -24.125401 9.644002 16.357601 188 188 188
v -19.146999 -12.707999 16.357601 188 188 188
v -19.146999 9.644002 16.357601 188 188 188
v -19.146999 -12.707999 16.357601 188 188 188
v -19.146999 9.644002 16.357601 188 188 188
v -19.146999 9.644002 15.849600 188 188 188
v -19.146999 9.644002 16.357601 188 188 188
v -20.061399 9.644002 15.849600 188 188 188
v -19.146999 9.644002 16.357601 188 188 188
v -20.975800 9.644002 15.849600 188 188 188
v -19.146999 9.644002 16.357601 188 188 188
v -24.125401 9.644002 15.849600 188 188 188
v -24.125401 9.644002 16.357601 188 188 188
v -24.125401 9.644002 16.357601 188 188 188
v -24.125401 9.644002 15.849600 188 188 188
v -19.146999 9.644002 15.849600 188 188 188
v -19.146999 -12.707999 16.357601 188 188 188
v -19.146999 -4.579999 15.849600 188 188 188
v -24.125401 9.644002 16.357601 188 188 188
v -24.125401 5.529202 15.849600 188 188 188
v -24.125401 9.644002 16.357601 188 188 188
v -24.125401 1.465201 15.849600 188 188 188
v -24.125401 -12.707999 15.849600 188 188 188
v -24.125401 -12.707999 15.849600 188 188 188
v -24.125401 -12.707999 16.357601 188 188 188
v -23.211000 -12.707999 15.849600 188 188 188
v -24.125401 -12.707999 16.357601 188 188 188
v -22.296600 -12.707999 15.849600 188 188 188
v -19.146999 -12.707999 15.849600 188 188 188
v -24.125401 -12.707999 16.357601 188 188 188

f 943 931 942
f 928 946 947
f 948 932 949
f 950 951 937
f 930 952 953
f 936 954 955
f 956 957 941
f 945 958 959
f 944 960 961
f 940 962 963
f 964 965 966
f 967 968 939
f 969 970 971
f 972 973 938
f 974 975 976
f 977 929 978
f 979 933 980
f 981 982 983

usemtl BaseColor_0
f 926 927 928
f 928 933 926
f 933 929 926
f 929 930 926
f 926 930 938
f 926 938 939
f 926 939 935
f 926 935 934
f 935 941 934
f 941 943 934
f 942 934 943
f 945 935 944
f 944 935 940
f 927 934 942
f 941 935 945
f 940 935 939
f 927 942 928
f 934 927 926


o Object.13
v -57.500999 -12.707999 15.849600 188 188 188
v -57.399403 -12.707999 15.849600 188 188 188
v -57.399403 -12.707999 16.357601 188 188 188
v -57.856598 -12.707999 15.849600 188 188 188
v -57.958199 -12.707999 16.357601 188 188 188
v -57.958199 -12.707999 15.849600 188 188 188
v -57.958199 -12.707999 14.935200 255 255 255
v -57.958199 -12.707999 0.000000 255 255 255
v -35.047401 -3.106799 0.000000 255 255 255
v -47.950600 -8.389999 0.000000 255 255 255
v -52.268600 -8.440800 0.000000 255 255 255
v -58.110600 12.184001 0.000000 255 255 255
v -63.038200 8.120002 0.000000 255 255 255
v -58.161404 12.133202 0.000000 255 255 255
v -58.161404 12.184001 0.000000 255 255 255
v -58.313805 12.031601 0.000000 255 255 255
v -63.038200 8.170801 0.000000 255 255 255
v -60.701401 11.472800 0.000000 255 255 255
v -63.343002 9.237600 0.000000 255 255 255
v -63.393803 9.288402 0.000000 255 255 255
v -58.263000 12.031601 0.000000 255 255 255
v -63.089001 8.475601 0.000000 255 255 255
v -58.821804 11.980802 0.000000 255 255 255
v -58.771000 11.980802 0.000000 255 255 255
v -63.190601 8.577202 0.000000 255 255 255
v -63.139805 8.323202 0.000000 255 255 255
v -63.089001 8.374002 0.000000 255 255 255
v -58.618599 12.031601 0.000000 255 255 255
v -63.038200 8.069201 0.000000 255 255 255
v -61.717403 11.218801 0.000000 255 255 255
v -63.444599 9.593201 0.000000 255 255 255
v -63.495403 9.644002 0.000000 255 255 255
v -58.517002 12.082402 0.000000 255 255 255
v -58.720203 12.031601 0.000000 255 255 255
v -61.209400 11.371202 0.000000 255 255 255
v -63.393803 9.491600 0.000000 255 255 255
v -63.393803 9.542401 0.000000 255 255 255
v -57.653400 12.336402 0.000000 255 255 255
v -63.038200 7.815201 0.000000 255 255 255
v -63.038200 7.916801 0.000000 255 255 255
v -57.602600 12.285601 0.000000 255 255 255
v -63.241402 8.729601 0.000000 255 255 255
v -59.482204 11.777601 0.000000 255 255 255
v -59.482204 11.726802 0.000000 255 255 255
v -59.533001 11.777601 0.000000 255 255 255
v -59.533001 11.828401 0.000000 255 255 255
v -63.241402 8.780400 0.000000 255 255 255
v -63.343002 8.932801 0.000000 255 255 255
v -63.292198 8.983601 0.000000 255 255 255
v -60.193401 11.574401 0.000000 255 255 255
v -59.685402 11.777601 0.000000 255 255 255
v -63.292198 8.831202 0.000000 255 255 255
v -63.292198 9.034402 0.000000 255 255 255
v -60.244202 11.574401 0.000000 255 255 255
v -63.089001 8.221601 0.000000 255 255 255
v -58.466206 12.031601 0.000000 255 255 255
v -58.415401 12.031601 0.000000 255 255 255
v -63.292198 9.085201 0.000000 255 255 255
v -63.292198 9.136001 0.000000 255 255 255
v -60.650604 11.422001 0.000000 255 255 255
v -63.343002 9.186801 0.000000 255 255 255
v -57.907402 12.184001 0.000000 255 255 255
v -57.856598 12.184001 0.000000 255 255 255
v -57.958199 12.133202 0.000000 255 255 255
v -63.089001 7.967600 0.000000 255 255 255
v -60.752201 11.472800 0.000000 255 255 255
v -63.038200 8.018401 0.000000 255 255 255
v -58.059803 12.133202 0.000000 255 255 255
v -58.008999 12.133202 0.000000 255 255 255
v -63.393803 9.390001 0.000000 255 255 255
v -63.393803 9.440801 0.000000 255 255 255
v -63.393803 9.339201 0.000000 255 255 255
v -63.495403 9.745602 0.000000 255 255 255
v -63.444599 9.796401 0.000000 255 255 255
v -62.022202 11.117201 0.000000 255 255 255
v -63.495403 9.847202 0.000000 255 255 255
v -63.495403 9.898002 0.000000 255 255 255
v -62.327003 10.964801 0.000000 255 255 255
v -63.546200 9.948801 0.000000 255 255 255
v -63.597000 9.999601 0.000000 255 255 255
v -63.546200 9.999601 0.000000 255 255 255
v -62.530201 10.914001 0.000000 255 255 255
v -63.546200 10.202802 0.000000 255 255 255
v -62.682602 10.863201 0.000000 255 255 255
v -57.755001 12.234801 0.000000 255 255 255
v -63.546200 10.050401 0.000000 255 255 255
v -63.495403 10.050401 0.000000 255 255 255
v -63.495403 10.101202 0.000000 255 255 255
v -63.597000 10.558402 0.000000 255 255 255
v -63.444599 10.710801 0.000000 255 255 255
v -63.393803 10.660001 0.000000 255 255 255
v -63.597000 10.609201 0.000000 255 255 255
v -63.597000 10.456801 0.000000 255 255 255
v -63.597000 10.507601 0.000000 255 255 255
v -63.546200 10.660001 0.000000 255 255 255
v -63.597000 10.253601 0.000000 255 255 255
v -63.597000 10.355202 0.000000 255 255 255
v -63.495403 9.694800 0.000000 255 255 255
v -58.364597 12.031601 0.000000 255 255 255
v -63.139805 8.272401 0.000000 255 255 255
v -61.565002 1.820801 0.000000 255 255 255
v -56.485001 8.526401 0.000000 255 255 255
v -56.180199 7.205601 0.000000 255 255 255
v -63.190601 8.678802 0.000000 255 255 255
v -62.581001 5.935601 0.000000 255 255 255
v -62.581001 6.342001 0.000000 255 255 255
v -57.094601 10.914001 0.000000 255 255 255
v -61.260201 0.703200 0.000000 255 255 255
v -61.971405 3.548001 0.000000 255 255 255
v -62.377800 5.224401 0.000000 255 255 255
v -52.471802 -7.729599 0.000000 255 255 255
v -58.263000 -11.641200 0.000000 255 255 255
v -60.701401 -1.531999 0.000000 255 255 255
v -54.961002 2.278001 0.000000 255 255 255
v -59.329803 -7.170800 0.000000 255 255 255
v -57.399403 12.184001 0.000000 255 255 255
v -62.885799 7.408802 0.000000 255 255 255
v -62.987404 7.764401 0.000000 255 255 255
v -52.319401 -8.542399 0.000000 255 255 255
v -57.399403 -12.707999 0.000000 255 255 255
v -52.319401 -8.593200 0.000000 255 255 255
v -57.755001 12.285601 0.000000 255 255 255
v -57.704197 12.285601 0.000000 255 255 255
v -52.471802 -7.119999 0.000000 255 255 255
v -52.471802 -6.561199 0.000000 255 255 255
v -52.471802 -5.443599 0.000000 255 255 255
v -52.421001 -4.275199 0.000000 255 255 255
v -52.421001 -3.411599 0.000000 255 255 255
v -52.421001 -5.138800 0.000000 255 255 255
v -35.047401 -8.389999 0.000000 255 255 255
v -36.114201 -8.389999 0.000000 255 255 255
v -52.471802 -3.106799 0.000000 255 255 255
v -46.883801 -8.389999 0.000000 255 255 255
v -39.314598 -8.389999 0.000000 255 255 255
v -43.632603 -8.389999 0.000000 255 255 255
v -58.212204 12.082402 0.000000 255 255 255
v -57.145401 -12.657200 0.000000 255 255 255
v -52.268600 -8.694799 0.000000 255 255 255
v -52.217804 -8.745599 0.000000 255 255 255
v -52.319401 -8.491599 0.000000 255 255 255
v -56.891403 -12.606400 0.000000 255 255 255
v -57.450199 12.234801 0.000000 255 255 255
v -52.217804 -8.796399 0.000000 255 255 255
v -52.217804 -8.847199 0.000000 255 255 255
v -56.789799 -12.555599 0.000000 255 255 255
v -56.281799 -12.403200 0.000000 255 255 255
v -52.217804 -8.999599 0.000000 255 255 255
v -52.167000 -9.050400 0.000000 255 255 255
v -56.535797 -12.504800 0.000000 255 255 255
v -52.217804 -8.898000 0.000000 255 255 255
v -52.217804 -8.948799 0.000000 255 255 255
v -52.116199 -9.101199 0.000000 255 255 255
v -52.116199 -9.152000 0.000000 255 255 255
v -55.977001 -12.301600 0.000000 255 255 255
v -52.167000 -9.101199 0.000000 255 255 255
v -52.167000 -9.152000 0.000000 255 255 255
v -52.167000 -9.202800 0.000000 255 255 255
v -55.469002 -12.149199 0.000000 255 255 255
v -52.217804 -9.202800 0.000000 255 255 255
v -52.167000 -9.304399 0.000000 255 255 255
v -55.926201 -12.301600 0.000000 255 255 255
v -55.316601 -12.149199 0.000000 255 255 255
v -55.113400 -12.149199 0.000000 255 255 255
v -52.065403 -9.558399 0.000000 255 255 255
v -52.014599 -9.660000 0.000000 255 255 255
v -54.859398 -12.047600 0.000000 255 255 255
v -54.910202 -12.098400 0.000000 255 255 255
v -55.011799 -12.149199 0.000000 255 255 255
v -55.215004 -12.149199 0.000000 255 255 255
v -52.065403 -9.507600 0.000000 255 255 255
v -51.963802 -9.812399 0.000000 255 255 255
v -54.605400 -12.047600 0.000000 255 255 255
v -54.656200 -11.996799 0.000000 255 255 255
v -54.707005 -11.996799 0.000000 255 255 255
v -54.961002 -12.149199 0.000000 255 255 255
v -54.757801 -11.996799 0.000000 255 255 255
v -54.859398 -11.996799 0.000000 255 255 255
v -54.808601 -11.996799 0.000000 255 255 255
v -51.913002 -9.964799 0.000000 255 255 255
v -53.995800 -11.793599 0.000000 255 255 255
v -54.046604 -11.793599 0.000000 255 255 255
v -51.913002 -10.066400 0.000000 255 255 255
v -54.554604 -11.996799 0.000000 255 255 255
v -54.402203 -11.945999 0.000000 255 255 255
v -54.452999 -11.996799 0.000000 255 255 255
v -54.300602 -11.945999 0.000000 255 255 255
v -53.995800 -11.844399 0.000000 255 255 255
v -53.945000 -11.844399 0.000000 255 255 255
v -53.945000 -11.895200 0.000000 255 255 255
v -51.709805 -10.777599 0.000000 255 255 255
v -52.522598 -11.438000 0.000000 255 255 255
v -52.624203 -11.488799 0.000000 255 255 255
v -51.709805 -10.828400 0.000000 255 255 255
v -51.709805 -10.929999 0.000000 255 255 255
v -52.268600 -11.336400 0.000000 255 255 255
v -52.725803 -11.488799 0.000000 255 255 255
v -51.709805 -10.676000 0.000000 255 255 255
v -52.776600 -11.539599 0.000000 255 255 255
v -53.843399 -11.844399 0.000000 255 255 255
v -51.862206 -10.218800 0.000000 255 255 255
v -53.741802 -11.793599 0.000000 255 255 255
v -53.589401 -11.742800 0.000000 255 255 255
v -53.284599 -11.590400 0.000000 255 255 255
v -51.811401 -10.320399 0.000000 255 255 255
v -51.760601 -10.472799 0.000000 255 255 255
v -53.437000 -11.691999 0.000000 255 255 255
v -53.538605 -11.691999 0.000000 255 255 255
v -53.081402 -11.590400 0.000000 255 255 255
v -53.132202 -11.590400 0.000000 255 255 255
v -51.811401 -10.269599 0.000000 255 255 255
v -53.081402 -11.641200 0.000000 255 255 255
v -51.760601 -10.574400 0.000000 255 255 255
v -52.878204 -11.590400 0.000000 255 255 255
v -52.979801 -11.590400 0.000000 255 255 255
v -53.182999 -11.539599 0.000000 255 255 255
v -51.709805 -10.980799 0.000000 255 255 255
v -52.014599 -11.234799 0.000000 255 255 255
v -52.167000 -11.336400 0.000000 255 255 255
v -52.217804 -11.387200 0.000000 255 255 255
v -52.268600 -11.387200 0.000000 255 255 255
v -52.065403 -11.234799 0.000000 255 255 255
v -52.116199 -11.285600 0.000000 255 255 255
v -52.319401 -11.336400 0.000000 255 255 255
v -52.319401 -11.285600 0.000000 255 255 255
v -57.551804 12.285601 0.000000 255 255 255
v -57.500999 12.234801 0.000000 255 255 255
v -51.760601 -11.133200 0.000000 255 255 255
v -51.811401 -11.183999 0.000000 255 255 255
v -51.963802 -11.183999 0.000000 255 255 255
v -51.913002 -11.183999 0.000000 255 255 255
v -51.760601 -11.183999 0.000000 255 255 255
v -62.631798 6.392801 0.000000 255 255 255
v -57.399403 12.133202 0.000000 255 255 255
v -52.421001 -11.336400 0.000000 255 255 255
v -62.530201 5.884801 0.000000 255 255 255
v -56.180199 -12.352400 0.000000 255 255 255
v -52.268600 -8.643999 0.000000 255 255 255
v -58.517002 -10.523600 0.000000 255 255 255
v -58.771000 -9.406000 0.000000 255 255 255
v -54.605400 0.804800 0.000000 255 255 255
v -54.097401 -1.074799 0.000000 255 255 255
v -62.835003 7.358001 0.000000 255 255 255
v -62.479404 5.834001 0.000000 255 255 255
v -62.479404 5.783201 0.000000 255 255 255
v -62.479404 5.732400 0.000000 255 255 255
v -62.479404 5.580001 0.000000 255 255 255
v -62.479404 5.630802 0.000000 255 255 255
v -62.428600 5.732400 0.000000 255 255 255
v -62.428600 5.681601 0.000000 255 255 255
v -62.428600 5.529202 0.000000 255 255 255
v -62.377800 5.376801 0.000000 255 255 255
v -62.377800 5.427601 0.000000 255 255 255
v -62.377800 5.478401 0.000000 255 255 255
v -62.377800 5.275200 0.000000 255 255 255
v -62.377800 5.326001 0.000000 255 255 255
v -62.784199 7.205601 0.000000 255 255 255
v -62.784199 7.104001 0.000000 255 255 255
v -62.682602 6.850001 0.000000 255 255 255
v -62.733402 6.545200 0.000000 255 255 255
v -62.682602 6.596002 0.000000 255 255 255
v -62.631798 6.697602 0.000000 255 255 255
v -62.682602 6.646801 0.000000 255 255 255
v -62.682602 6.494401 0.000000 255 255 255
v -62.682602 6.443600 0.000000 255 255 255
v -56.180199 7.205601 16.357601 188 188 188
v -63.038200 8.120002 16.357601 188 188 188
v -63.038200 8.069201 16.357601 188 188 188
v -52.319401 -8.491599 16.357601 188 188 188
v -59.634605 -6.002400 16.357601 188 188 188
v -52.319401 -8.542399 16.357601 188 188 188
v -50.135002 -8.440800 16.357601 188 188 188
v -52.471802 -7.729599 16.357601 188 188 188
v -52.268600 -8.440800 16.357601 188 188 188
v -53.081402 -5.240400 16.357601 188 188 188
v -55.570602 4.767201 16.357601 188 188 188
v -62.377800 5.224401 16.357601 188 188 188
v -61.819004 2.989201 16.357601 188 188 188
v -63.089001 8.170801 16.357601 188 188 188
v -63.139805 8.272401 16.357601 188 188 188
v -63.089001 8.221601 16.357601 188 188 188
v -63.139805 8.323202 16.357601 188 188 188
v -63.089001 8.374002 16.357601 188 188 188
v -57.704197 12.285601 16.357601 188 188 188
v -56.789799 9.694800 16.357601 188 188 188
v -57.602600 12.285601 16.357601 188 188 188
v -57.551804 12.285601 16.357601 188 188 188
v -57.755001 12.234801 16.357601 188 188 188
v -57.653400 12.336402 16.357601 188 188 188
v -63.089001 8.475601 16.357601 188 188 188
v -63.393803 9.390001 16.357601 188 188 188
v -63.393803 9.440801 16.357601 188 188 188
v -63.292198 9.034402 16.357601 188 188 188
v -63.292198 9.085201 16.357601 188 188 188
v -63.190601 8.577202 16.357601 188 188 188
v -63.190601 8.678802 16.357601 188 188 188
v -63.241402 8.729601 16.357601 188 188 188
v -63.292198 8.831202 16.357601 188 188 188
v -63.292198 8.882001 16.357601 188 188 188
v -63.343002 8.932801 16.357601 188 188 188
v -63.292198 8.983601 16.357601 188 188 188
v -57.856598 12.184001 16.357601 188 188 188
v -60.650604 11.422001 16.357601 188 188 188
v -60.244202 11.574401 16.357601 188 188 188
v -63.393803 9.339201 16.357601 188 188 188
v -63.343002 9.237600 16.357601 188 188 188
v -63.292198 9.136001 16.357601 188 188 188
v -63.343002 9.186801 16.357601 188 188 188
v -57.907402 12.184001 16.357601 188 188 188
v -62.022202 11.117201 16.357601 188 188 188
v -61.717403 11.218801 16.357601 188 188 188
v -63.393803 9.288402 16.357601 188 188 188
v -57.958199 12.133202 16.357601 188 188 188
v -55.265800 -12.149199 16.357601 188 188 188
v -59.075802 -8.288399 16.357601 188 188 188
v -55.367405 -12.149199 16.357601 188 188 188
v -57.450199 12.234801 16.357601 188 188 188
v -58.008999 12.133202 16.357601 188 188 188
v -58.059803 12.133202 16.357601 188 188 188
v -63.393803 9.491600 16.357601 188 188 188
v -63.393803 9.542401 16.357601 188 188 188
v -63.444599 9.593201 16.357601 188 188 188
v -61.361801 11.320401 16.357601 188 188 188
v -63.495403 9.694800 16.357601 188 188 188
v -63.495403 9.644002 16.357601 188 188 188
v -57.399403 12.184001 16.357601 188 188 188
v -63.495403 9.745602 16.357601 188 188 188
v -63.444599 9.796401 16.357601 188 188 188
v -63.495403 9.847202 16.357601 188 188 188
v -63.495403 9.898002 16.357601 188 188 188
v -62.682602 10.863201 16.357601 188 188 188
v -62.327003 10.964801 16.357601 188 188 188
v -63.038200 10.761600 16.357601 188 188 188
v -63.546200 10.050401 16.357601 188 188 188
v -63.546200 9.999601 16.357601 188 188 188
v -63.495403 10.050401 16.357601 188 188 188
v -63.495403 10.101202 16.357601 188 188 188
v -63.597000 9.999601 16.357601 188 188 188
v -63.546200 9.948801 16.357601 188 188 188
v -58.161404 12.133202 16.357601 188 188 188
v -63.597000 10.456801 16.357601 188 188 188
v -63.597000 10.355202 16.357601 188 188 188
v -58.212204 12.082402 16.357601 188 188 188
v -58.161404 12.184001 16.357601 188 188 188
v -63.546200 10.202802 16.357601 188 188 188
v -63.597000 10.507601 16.357601 188 188 188
v -63.597000 10.253601 16.357601 188 188 188
v -63.393803 10.660001 16.357601 188 188 188
v -63.597000 10.609201 16.357601 188 188 188
v -63.546200 10.660001 16.357601 188 188 188
v -63.444599 10.710801 16.357601 188 188 188
v -58.263000 12.031601 16.357601 188 188 188
v -58.313805 12.031601 16.357601 188 188 188
v -58.364597 12.031601 16.357601 188 188 188
v -60.091801 11.625201 16.357601 188 188 188
v -61.057003 11.371202 16.357601 188 188 188
v -60.701401 11.472800 16.357601 188 188 188
v -60.752201 11.472800 16.357601 188 188 188
v -60.701401 11.422001 16.357601 188 188 188
v -59.685402 11.777601 16.357601 188 188 188
v -59.533001 11.777601 16.357601 188 188 188
v -59.533001 11.828401 16.357601 188 188 188
v -59.482204 11.726802 16.357601 188 188 188
v -59.482204 11.777601 16.357601 188 188 188
v -59.228203 11.828401 16.357601 188 188 188
v -35.047401 -3.106799 16.357601 188 188 188
v -39.314598 -8.389999 16.357601 188 188 188
v -37.181000 -8.389999 16.357601 188 188 188
v -62.377800 5.275200 16.357601 188 188 188
v -53.741802 -2.700399 16.357601 188 188 188
v -62.377800 5.326001 16.357601 188 188 188
v -60.142605 -3.767199 16.357601 188 188 188
v -62.377800 5.376801 16.357601 188 188 188
v -62.479404 5.580001 16.357601 188 188 188
v -62.428600 5.529202 16.357601 188 188 188
v -62.479404 5.630802 16.357601 188 188 188
v -63.038200 8.018401 16.357601 188 188 188
v -54.961002 2.278001 16.357601 188 188 188
v -62.377800 5.427601 16.357601 188 188 188
v -54.351398 -0.211199 16.357601 188 188 188
v -60.701401 -1.531999 16.357601 188 188 188
v -61.260201 0.703200 16.357601 188 188 188
v -56.891403 -12.606400 16.357601 188 188 188
v -58.517002 -10.523600 16.357601 188 188 188
v -57.145401 -12.657200 16.357601 188 188 188
v -58.466206 12.031601 16.357601 188 188 188
v -58.415401 12.031601 16.357601 188 188 188
v -58.618599 12.031601 16.357601 188 188 188
v -58.771000 11.980802 16.357601 188 188 188
v -52.471802 -7.119999 16.357601 188 188 188
v -52.471802 -6.561199 16.357601 188 188 188
v -52.471802 -6.002400 16.357601 188 188 188
v -47.950600 -8.389999 16.357601 188 188 188
v -52.471802 -5.443599 16.357601 188 188 188
v -52.471802 -3.106799 16.357601 188 188 188
v -43.632603 -8.389999 16.357601 188 188 188
v -52.421001 -3.716400 16.357601 188 188 188
v -52.421001 -4.275199 16.357601 188 188 188
v -52.421001 -4.834000 16.357601 188 188 188
v -35.047401 -8.389999 16.357601 188 188 188
v -41.498997 -8.389999 16.357601 188 188 188
v -45.817001 -8.389999 16.357601 188 188 188
v -63.089001 7.967600 16.357601 188 188 188
v -51.709805 -10.929999 16.357601 188 188 188
v -51.963802 -11.183999 16.357601 188 188 188
v -51.709805 -11.031600 16.357601 188 188 188
v -62.682602 6.443600 16.357601 188 188 188
v -62.631798 6.392801 16.357601 188 188 188
v -52.319401 -8.593200 16.357601 188 188 188
v -52.268600 -8.643999 16.357601 188 188 188
v -52.268600 -8.694799 16.357601 188 188 188
v -52.217804 -8.745599 16.357601 188 188 188
v -52.217804 -8.847199 16.357601 188 188 188
v -52.217804 -8.796399 16.357601 188 188 188
v -52.217804 -8.898000 16.357601 188 188 188
v -52.116199 -9.101199 16.357601 188 188 188
v -52.167000 -9.101199 16.357601 188 188 188
v -52.116199 -9.152000 16.357601 188 188 188
v -52.217804 -8.948799 16.357601 188 188 188
v -55.926201 -12.301600 16.357601 188 188 188
v -56.180199 -12.352400 16.357601 188 188 188
v -52.167000 -9.152000 16.357601 188 188 188
v -52.167000 -9.050400 16.357601 188 188 188
v -52.319401 -11.285600 16.357601 188 188 188
v -51.862206 -10.168000 16.357601 188 188 188
v -51.913002 -9.964799 16.357601 188 188 188
v -52.167000 -9.202800 16.357601 188 188 188
v -52.217804 -8.999599 16.357601 188 188 188
v -52.217804 -9.202800 16.357601 188 188 188
v -55.723003 -12.199999 16.357601 188 188 188
v -55.215004 -12.149199 16.357601 188 188 188
v -54.859398 -11.996799 16.357601 188 188 188
v -54.859398 -12.047600 16.357601 188 188 188
v -54.656200 -11.996799 16.357601 188 188 188
v -54.707005 -11.996799 16.357601 188 188 188
v -54.402203 -11.945999 16.357601 188 188 188
v -54.452999 -11.996799 16.357601 188 188 188
v -54.046604 -11.793599 16.357601 188 188 188
v -54.097401 -11.844399 16.357601 188 188 188
v -63.038200 7.815201 16.357601 188 188 188
v -52.421001 -11.336400 16.357601 188 188 188
v -53.182999 -11.539599 16.357601 188 188 188
v -51.963802 -9.812399 16.357601 188 188 188
v -52.014599 -9.660000 16.357601 188 188 188
v -62.581001 5.935601 16.357601 188 188 188
v -62.530201 5.884801 16.357601 188 188 188
v -52.116199 -11.285600 16.357601 188 188 188
v -52.319401 -11.336400 16.357601 188 188 188
v -53.843399 -11.844399 16.357601 188 188 188
v -53.945000 -11.844399 16.357601 188 188 188
v -53.945000 -11.895200 16.357601 188 188 188
v -52.014599 -11.234799 16.357601 188 188 188
v -51.709805 -10.828400 16.357601 188 188 188
v -51.709805 -10.726799 16.357601 188 188 188
v -58.517002 12.082402 16.357601 188 188 188
v -58.872601 11.980802 16.357601 188 188 188
v -58.974205 11.930001 16.357601 188 188 188
v -51.760601 -10.574400 16.357601 188 188 188
v -51.760601 -10.472799 16.357601 188 188 188
v -51.811401 -10.320399 16.357601 188 188 188
v -62.377800 5.478401 16.357601 188 188 188
v -51.709805 -10.676000 16.357601 188 188 188
v -52.065403 -11.234799 16.357601 188 188 188
v -52.065403 -9.507600 16.357601 188 188 188
v -52.167000 -11.336400 16.357601 188 188 188
v -52.268600 -11.336400 16.357601 188 188 188
v -52.268600 -11.387200 16.357601 188 188 188
v -52.217804 -11.387200 16.357601 188 188 188
v -51.913002 -11.183999 16.357601 188 188 188
v -51.760601 -11.133200 16.357601 188 188 188
v -51.811401 -11.183999 16.357601 188 188 188
v -51.760601 -11.183999 16.357601 188 188 188
v -62.936600 7.662801 16.357601 188 188 188
v -62.885799 7.510402 16.357601 188 188 188
v -53.437000 -11.691999 16.357601 188 188 188
v -53.386204 -11.641200 16.357601 188 188 188
v -52.522598 -11.438000 16.357601 188 188 188
v -52.116199 -9.355200 16.357601 188 188 188
v -52.624203 -11.488799 16.357601 188 188 188
v -52.725803 -11.488799 16.357601 188 188 188
v -52.776600 -11.539599 16.357601 188 188 188
v -52.878204 -11.590400 16.357601 188 188 188
v -53.081402 -11.641200 16.357601 188 188 188
v -52.979801 -11.590400 16.357601 188 188 188
v -53.081402 -11.590400 16.357601 188 188 188
v -53.132202 -11.590400 16.357601 188 188 188
v -53.284599 -11.590400 16.357601 188 188 188
v -53.538605 -11.691999 16.357601 188 188 188
v -53.640202 -11.742800 16.357601 188 188 188
v -53.741802 -11.793599 16.357601 188 188 188
v -53.995800 -11.844399 16.357601 188 188 188
v -53.995800 -11.793599 16.357601 188 188 188
v -54.148201 -11.844399 16.357601 188 188 188
v -54.300602 -11.945999 16.357601 188 188 188
v -62.835003 7.358001 16.357601 188 188 188
v -62.784199 7.205601 16.357601 188 188 188
v -54.554604 -11.996799 16.357601 188 188 188
v -54.757801 -11.996799 16.357601 188 188 188
v -54.605400 -12.047600 16.357601 188 188 188
v -62.733402 7.053202 16.357601 188 188 188
v -62.682602 6.850001 16.357601 188 188 188
v -62.631798 6.697602 16.357601 188 188 188
v -54.808601 -11.996799 16.357601 188 188 188
v -62.682602 6.646801 16.357601 188 188 188
v -54.910202 -12.098400 16.357601 188 188 188
v -62.682602 6.596002 16.357601 188 188 188
v -55.164200 -12.149199 16.357601 188 188 188
v -55.113400 -12.149199 16.357601 188 188 188
v -55.011799 -12.149199 16.357601 188 188 188
v -54.961002 -12.149199 16.357601 188 188 188
v -62.733402 6.545200 16.357601 188 188 188
v -62.682602 6.494401 16.357601 188 188 188
v -55.469002 -12.149199 16.357601 188 188 188
v -55.418201 -12.149199 16.357601 188 188 188
v -56.434200 -12.454000 16.357601 188 188 188
v -56.688198 -12.504800 16.357601 188 188 188
v -62.428600 5.478401 16.357601 188 188 188
v -62.479404 5.732400 16.357601 188 188 188
v -62.428600 5.732400 16.357601 188 188 188
v -62.428600 5.681601 16.357601 188 188 188
v -62.479404 5.783201 16.357601 188 188 188
v -62.479404 5.834001 16.357601 188 188 188
v -62.581001 6.342001 16.357601 188 188 188
v -59.482204 11.726802 15.849600 188 188 188
v -59.482204 11.726802 15.392400 255 255 255
v -59.482204 11.777601 15.849600 188 188 188
v -63.495403 10.101202 15.392400 255 255 255
v -63.495403 10.101202 15.849600 188 188 188
v -63.546200 10.152001 15.849600 188 188 188
v -59.533001 11.828401 15.849600 188 188 188
v -59.533001 11.828401 15.544801 255 255 255
v -59.583801 11.828401 15.849600 188 188 188
v -52.217804 -9.202800 15.849600 188 188 188
v -52.217804 -9.253599 15.341600 255 255 255
v -52.167000 -9.202800 15.392400 255 255 255
v -52.167000 -9.202800 15.849600 188 188 188
v -52.217804 -9.253599 15.798800 188 188 188
v -59.533001 11.777601 15.849600 188 188 188
v -59.431400 11.726802 15.849600 188 188 188
v -63.495403 10.050401 14.935200 255 255 255
v -52.217804 -9.253599 16.052801 188 188 188
v -52.217804 -9.253599 7.416800 255 255 255
v -52.167000 -9.202800 14.935200 255 255 255
v -53.437000 -11.691999 15.849600 188 188 188
v -53.386204 -11.641200 15.849600 188 188 188
v -53.437000 -11.641200 15.849600 188 188 188
v -62.682602 6.646801 15.849600 188 188 188
v -62.581001 5.986402 15.849600 188 188 188
v -62.581001 5.935601 15.849600 188 188 188
v -62.581001 6.342001 15.849600 188 188 188
v -62.581001 6.291201 15.849600 188 188 188
v -57.399403 12.184001 14.935200 255 255 255
v -56.891403 10.152001 15.849600 188 188 188
v -62.631798 6.392801 15.849600 188 188 188
v -62.682602 6.443600 15.849600 188 188 188
v -62.631798 6.697602 15.849600 188 188 188
v -62.885799 7.510402 14.935200 255 255 255
v -57.450199 12.234801 15.849600 188 188 188
v -62.682602 6.850001 15.849600 188 188 188
v -62.682602 6.799201 15.849600 188 188 188
v -56.789799 9.694800 15.849600 188 188 188
v -62.936600 7.662801 15.849600 188 188 188
v -62.936600 7.612000 15.849600 188 188 188
v -56.180199 7.256401 14.935200 255 255 255
v -62.987404 7.764401 15.849600 188 188 188
v -63.038200 7.815201 15.849600 188 188 188
v -63.190601 8.678802 15.849600 188 188 188
v -63.190601 8.678802 14.935200 255 255 255
v -62.479404 5.834001 14.935200 255 255 255
v -62.479404 5.783201 15.849600 188 188 188
v -57.399403 12.184001 15.849600 188 188 188
v -56.993000 10.609201 15.849600 188 188 188
v -58.771000 11.980802 14.935200 255 255 255
v -58.517002 12.082402 14.935200 255 255 255
v -56.688198 9.288402 15.849600 188 188 188
v -63.089001 8.424801 15.849600 188 188 188
v -56.281799 7.713601 15.849600 188 188 188
v -56.180199 7.256401 15.849600 188 188 188
v -58.872601 11.980802 15.849600 188 188 188
v -58.923401 11.930001 15.849600 188 188 188
v -62.377800 5.427601 15.849600 188 188 188
v -62.377800 5.376801 15.849600 188 188 188
v -61.819004 2.989201 15.849600 188 188 188
v -61.717403 2.582802 15.849600 188 188 188
v -61.869801 3.192401 15.849600 188 188 188
v -62.733402 7.002401 15.849600 188 188 188
v -62.733402 6.951602 15.849600 188 188 188
v -62.225403 4.614801 15.849600 188 188 188
v -62.327003 5.021201 15.849600 188 188 188
v -63.139805 8.323202 15.849600 188 188 188
v -63.089001 8.374002 15.849600 188 188 188
v -63.139805 8.323202 14.935200 255 255 255
v -62.377800 5.224401 15.849600 188 188 188
v -62.733402 7.053202 15.849600 188 188 188
v -58.110600 12.133202 15.849600 188 188 188
v -58.059803 12.133202 15.849600 188 188 188
v -62.377800 5.275200 15.849600 188 188 188
v -62.784199 7.205601 15.849600 188 188 188
v -62.784199 7.104001 14.935200 255 255 255
v -62.784199 7.154802 15.849600 188 188 188
v -57.551804 12.285601 14.935200 255 255 255
v -57.500999 12.234801 15.849600 188 188 188
v -58.263000 12.082402 15.849600 188 188 188
v -58.313805 12.031601 15.849600 188 188 188
v -63.089001 8.221601 15.849600 188 188 188
v -63.139805 8.272401 15.849600 188 188 188
v -58.466206 12.082402 15.849600 188 188 188
v -62.682602 6.494401 15.849600 188 188 188
v -62.733402 6.545200 15.849600 188 188 188
v -62.530201 5.884801 15.849600 188 188 188
v -58.466206 12.031601 15.849600 188 188 188
v -58.415401 12.031601 15.849600 188 188 188
v -62.835003 7.358001 15.849600 188 188 188
v -62.835003 7.307201 15.849600 188 188 188
v -62.479404 5.834001 15.849600 188 188 188
v -62.428600 5.681601 15.849600 188 188 188
v -62.479404 5.630802 15.849600 188 188 188
v -56.027798 6.748401 15.849600 188 188 188
v -55.672199 5.173602 15.849600 188 188 188
v -55.875404 5.986402 14.935200 255 255 255
v -55.570602 4.767201 15.849600 188 188 188
v -63.038200 8.170801 14.935200 255 255 255
v -61.260201 0.703200 15.849600 188 188 188
v -61.158604 0.296801 15.849600 188 188 188
v -61.615799 2.176401 15.849600 188 188 188
v -54.910202 2.176401 15.849600 188 188 188
v -54.554604 0.601601 15.849600 188 188 188
v -54.961002 2.278001 14.935200 255 255 255
v -54.402203 0.144401 15.849600 188 188 188
v -58.364597 12.031601 15.849600 188 188 188
v -62.885799 7.510402 15.849600 188 188 188
v -60.142605 -3.767199 15.849600 188 188 188
v -60.041000 -4.173599 15.849600 188 188 188
v -62.885799 7.459601 15.849600 188 188 188
v -58.161404 12.184001 15.849600 188 188 188
v -58.161404 12.184001 14.935200 255 255 255
v -60.244202 -3.360799 15.849600 188 188 188
v -60.599800 -1.938399 15.849600 188 188 188
v -60.701401 -1.531999 15.849600 188 188 188
v -63.038200 8.018401 15.849600 188 188 188
v -55.062603 2.735201 15.849600 188 188 188
v -54.961002 2.278001 15.849600 188 188 188
v -58.008999 12.133202 15.849600 188 188 188
v -55.164200 3.192401 15.849600 188 188 188
v -63.089001 7.967600 15.849600 188 188 188
v -60.803005 -1.125599 15.849600 188 188 188
v -59.990204 -4.579999 15.849600 188 188 188
v -59.634605 -6.002400 15.849600 188 188 188
v -59.533001 -6.459600 15.849600 188 188 188
v -57.907402 12.184001 14.935200 255 255 255
v -59.431400 -6.865999 15.849600 188 188 188
v -59.075802 -8.288399 15.849600 188 188 188
v -58.974205 -8.694799 15.849600 188 188 188
v -57.856598 12.184001 15.849600 188 188 188
v -57.500999 12.285601 15.849600 188 188 188
v -58.872601 -9.101199 15.849600 188 188 188
v -58.517002 -10.523600 15.849600 188 188 188
v -58.415401 -10.929999 15.849600 188 188 188
v -58.263000 -11.641200 14.935200 255 255 255
v -58.313805 -11.336400 15.849600 188 188 188
v -63.038200 7.866002 14.935200 255 255 255
v -57.196198 -12.657200 15.849600 188 188 188
v -57.348598 -12.707999 15.849600 188 188 188
v -57.399403 -12.707999 14.935200 255 255 255
v -57.602600 12.285601 15.849600 188 188 188
v -52.268600 -8.643999 15.849600 188 188 188
v -52.268600 -8.694799 15.849600 188 188 188
v -52.268600 -8.694799 14.935200 255 255 255
v -57.653400 12.336402 14.935200 255 255 255
v -57.653400 12.336402 15.849600 188 188 188
v -57.145401 -12.657200 15.849600 188 188 188
v -57.094601 -12.657200 15.849600 188 188 188
v -56.942200 -12.606400 15.849600 188 188 188
v -56.891403 -12.606400 15.849600 188 188 188
v -56.840599 -12.606400 15.849600 188 188 188
v -56.789799 -12.555599 14.935200 255 255 255
v -56.789799 -12.555599 15.849600 188 188 188
v -52.217804 -8.898000 15.849600 188 188 188
v -52.217804 -8.948799 15.849600 188 188 188
v -56.637402 -12.504800 15.849600 188 188 188
v -56.586601 -12.504800 15.849600 188 188 188
v -56.434200 -12.454000 14.935200 255 255 255
v -56.688198 -12.504800 15.849600 188 188 188
v -56.434200 -12.454000 15.849600 188 188 188
v -56.180199 -12.352400 15.849600 188 188 188
v -56.332600 -12.403200 15.849600 188 188 188
v -56.383404 -12.454000 15.849600 188 188 188
v -57.755001 12.285601 15.849600 188 188 188
v -52.167000 -9.152000 14.935200 255 255 255
v -52.167000 -9.152000 15.849600 188 188 188
v -52.116199 -9.152000 15.849600 188 188 188
v -52.116199 -9.101199 15.849600 188 188 188
v -57.755001 12.234801 14.935200 255 255 255
v -57.805805 12.234801 15.849600 188 188 188
v -57.755001 12.234801 15.849600 188 188 188
v -52.116199 -9.152000 14.935200 255 255 255
v -57.907402 12.184001 15.849600 188 188 188
v -57.958199 12.133202 15.849600 188 188 188
v -63.038200 8.069201 15.849600 188 188 188
v -55.926201 -12.301600 15.849600 188 188 188
v -55.977001 -12.301600 15.849600 188 188 188
v -55.977001 -12.301600 14.935200 255 255 255
v -56.129402 -12.352400 15.849600 188 188 188
v -55.723003 -12.199999 15.849600 188 188 188
v -55.672199 -12.199999 15.849600 188 188 188
v -58.212204 12.133202 15.849600 188 188 188
v -55.773800 -12.250799 15.849600 188 188 188
v -58.263000 12.031601 15.849600 188 188 188
v -63.038200 8.120002 15.849600 188 188 188
v -55.469002 -12.149199 15.849600 188 188 188
v -55.519798 -12.149199 15.849600 188 188 188
v -55.418201 -12.149199 14.935200 255 255 255
v -62.682602 6.596002 15.849600 188 188 188
v -55.367405 -12.149199 15.849600 188 188 188
v -55.418201 -12.149199 15.849600 188 188 188
v -55.265800 -12.149199 15.849600 188 188 188
v -55.316601 -12.149199 15.849600 188 188 188
v -55.316601 -12.149199 14.935200 255 255 255
v -55.215004 -12.149199 15.849600 188 188 188
v -55.265800 -12.149199 14.935200 255 255 255
v -55.164200 -12.149199 14.935200 255 255 255
v -58.618599 12.031601 15.849600 188 188 188
v -57.551804 12.285601 15.849600 188 188 188
v -63.190601 8.577202 15.849600 188 188 188
v -63.089001 8.374002 14.935200 255 255 255
v -55.062603 -12.149199 15.849600 188 188 188
v -55.113400 -12.149199 15.849600 188 188 188
v -55.113400 -12.149199 14.935200 255 255 255
v -54.961002 -12.149199 15.849600 188 188 188
v -54.961002 -12.098400 15.849600 188 188 188
v -63.292198 8.780400 15.849600 188 188 188
v -54.910202 -12.098400 15.849600 188 188 188
v -54.910202 -12.047600 15.849600 188 188 188
v -54.859398 -12.047600 15.849600 188 188 188
v -54.859398 -11.996799 15.849600 188 188 188
v -54.808601 -11.996799 15.849600 188 188 188
v -54.808601 -11.996799 14.935200 255 255 255
v -59.482204 11.777601 14.935200 255 255 255
v -54.757801 -11.996799 15.849600 188 188 188
v -54.707005 -11.996799 15.849600 188 188 188
v -54.656200 -11.996799 15.849600 188 188 188
v -54.656200 -12.047600 15.849600 188 188 188
v -59.533001 11.828401 14.935200 255 255 255
v -59.533001 11.828401 4.978400 255 255 255
v -63.241402 8.729601 14.935200 255 255 255
v -54.554604 -12.047600 15.849600 188 188 188
v -54.605400 -12.047600 15.849600 188 188 188
v -54.554604 -12.047600 14.935200 255 255 255
v -54.554604 -11.996799 15.849600 188 188 188
v -60.091801 11.625201 15.849600 188 188 188
v -54.503799 -11.996799 15.849600 188 188 188
v -63.343002 8.932801 15.849600 188 188 188
v -54.402203 -11.945999 15.849600 188 188 188
v -54.452999 -11.996799 15.849600 188 188 188
v -63.292198 9.034402 15.849600 188 188 188
v -54.351398 -11.945999 15.849600 188 188 188
v -54.300602 -11.945999 14.935200 255 255 255
v -63.292198 9.136001 15.849600 188 188 188
v -54.300602 -11.945999 15.849600 188 188 188
v -54.300602 -11.895200 15.849600 188 188 188
v -54.199005 -11.895200 15.849600 188 188 188
v -54.097401 -11.844399 15.849600 188 188 188
v -54.148201 -11.844399 15.849600 188 188 188
v -63.292198 9.085201 15.849600 188 188 188
v -51.913002 -9.964799 15.849600 188 188 188
v -51.913002 -10.015599 15.849600 188 188 188
v -51.913002 -9.964799 14.935200 255 255 255
v -51.862206 -10.117200 15.849600 188 188 188
v -57.450199 12.184001 15.849600 188 188 188
v -51.862206 -10.168000 15.849600 188 188 188
v -63.343002 9.186801 14.935200 255 255 255
v -53.945000 -11.844399 14.935200 255 255 255
v -53.945000 -11.895200 15.849600 188 188 188
v -60.650604 11.422001 14.935200 255 255 255
v -60.549004 11.422001 14.935200 255 255 255
v -53.945000 -11.844399 15.849600 188 188 188
v -53.995800 -11.844399 15.849600 188 188 188
v -53.995800 -11.793599 15.849600 188 188 188
v -53.995800 -11.793599 14.935200 255 255 255
v -63.343002 9.237600 15.849600 188 188 188
v -54.046604 -11.793599 15.849600 188 188 188
v -59.482204 11.726802 14.935200 255 255 255
v -54.046604 -11.793599 14.935200 255 255 255
v -63.393803 9.288402 15.849600 188 188 188
v -54.046604 -11.844399 15.849600 188 188 188
v -60.752201 11.472800 15.849600 188 188 188
v -60.701401 11.472800 15.849600 188 188 188
v -60.701401 11.472800 14.935200 255 255 255
v -59.228203 11.828401 15.849600 188 188 188
v -59.278999 11.828401 15.849600 188 188 188
v -60.701401 11.422001 15.849600 188 188 188
v -62.428600 5.478401 15.849600 188 188 188
v -52.167000 -9.304399 15.849600 188 188 188
v -52.167000 -9.355200 15.849600 188 188 188
v -52.116199 -9.355200 15.849600 188 188 188
v -52.167000 -9.304399 14.935200 255 255 255
v -52.116199 -9.456800 15.849600 188 188 188
v -52.065403 -9.507600 15.849600 188 188 188
v -52.065403 -9.609200 15.849600 188 188 188
v -52.014599 -9.609200 15.849600 188 188 188
v -52.014599 -9.660000 15.849600 188 188 188
v -52.014599 -9.710799 15.849600 188 188 188
v -61.006203 11.422001 15.849600 188 188 188
v -60.803005 11.472800 15.849600 188 188 188
v -51.963802 -9.812399 15.849600 188 188 188
v -63.393803 9.440801 15.849600 188 188 188
v -52.319401 -11.285600 15.849600 188 188 188
v -52.370205 -11.336400 15.849600 188 188 188
v -52.319401 -11.285600 14.935200 255 255 255
v -52.421001 -11.336400 15.849600 188 188 188
v -63.190601 8.628001 15.849600 188 188 188
v -61.057003 11.371202 15.849600 188 188 188
v -63.139805 8.475601 15.849600 188 188 188
v -52.573402 -11.438000 15.849600 188 188 188
v -52.624203 -11.488799 15.849600 188 188 188
v -63.444599 9.593201 14.935200 255 255 255
v -63.495403 9.644002 15.849600 188 188 188
v -52.725803 -11.488799 15.849600 188 188 188
v -52.725803 -11.539599 15.849600 188 188 188
v -52.725803 -11.488799 14.935200 255 255 255
v -51.709805 -10.929999 14.935200 255 255 255
v -51.709805 -10.879200 15.849600 188 188 188
v -51.709805 -10.929999 15.849600 188 188 188
v -62.022202 11.117201 14.935200 255 255 255
v -51.709805 -10.726799 15.849600 188 188 188
v -51.709805 -10.828400 15.849600 188 188 188
v -51.709805 -10.777599 14.935200 255 255 255
v -61.412601 11.269602 14.935200 255 255 255
v -52.268600 -11.387200 14.935200 255 255 255
v -52.268600 -11.387200 15.849600 188 188 188
v -52.268600 -11.336400 15.849600 188 188 188
v -52.217804 -11.387200 14.935200 255 255 255
v -52.268600 -11.336400 14.935200 255 255 255
v -52.319401 -11.336400 15.849600 188 188 188
v -52.217804 -11.387200 15.849600 188 188 188
v -52.014599 -11.234799 15.849600 188 188 188
v -52.065403 -11.234799 15.849600 188 188 188
v -63.495403 9.847202 15.849600 188 188 188
v -52.167000 -11.336400 15.849600 188 188 188
v -52.167000 -11.285600 15.849600 188 188 188
v -52.116199 -11.285600 14.935200 255 255 255
v -63.546200 9.948801 15.849600 188 188 188
v -52.217804 -11.336400 15.849600 188 188 188
v -62.428600 5.529202 14.935200 255 255 255
v -62.682602 10.863201 15.849600 188 188 188
v -62.530201 10.914001 14.935200 255 255 255
v -62.835003 10.812402 15.849600 188 188 188
v -62.733402 10.863201 15.849600 188 188 188
v -63.495403 10.101202 9.753600 255 255 255
v -63.495403 10.101202 14.884400 255 255 255
v -51.709805 -10.980799 14.935200 255 255 255
v -51.709805 -10.980799 15.849600 188 188 188
v -51.709805 -11.031600 15.849600 188 188 188
v -63.495403 10.101202 14.935200 255 255 255
v -51.760601 -11.082399 15.849600 188 188 188
v -63.546200 10.050401 15.849600 188 188 188
v -51.913002 -11.183999 15.849600 188 188 188
v -51.963802 -11.183999 15.849600 188 188 188
v -63.546200 9.999601 15.849600 188 188 188
v -63.597000 9.999601 14.935200 255 255 255
v -63.597000 9.999601 15.849600 188 188 188
v -51.963802 -11.234799 15.849600 188 188 188
v -62.581001 6.392801 15.849600 188 188 188
v -51.862206 -11.183999 15.849600 188 188 188
v -51.811401 -11.183999 15.849600 188 188 188
v -51.760601 -11.133200 15.849600 188 188 188
v -51.760601 -11.183999 15.849600 188 188 188
v -62.327003 10.964801 15.849600 188 188 188
v -63.038200 7.916801 15.849600 188 188 188
v -63.546200 10.202802 15.849600 188 188 188
v -63.546200 10.202802 14.935200 255 255 255
v -58.771000 11.980802 15.849600 188 188 188
v -63.393803 10.660001 15.849600 188 188 188
v -63.393803 10.710801 15.849600 188 188 188
v -63.444599 10.710801 15.849600 188 188 188
v -63.393803 10.660001 14.935200 255 255 255
v -58.974205 11.930001 15.849600 188 188 188
v -52.116199 -11.285600 15.849600 188 188 188
v -59.025002 11.879202 15.849600 188 188 188
v -63.546200 10.660001 14.935200 255 255 255
v -51.811401 -10.269599 15.849600 188 188 188
v -51.811401 -10.320399 15.849600 188 188 188
v -63.597000 10.558402 15.849600 188 188 188
v -53.589401 -11.742800 15.849600 188 188 188
v -53.538605 -11.691999 15.849600 188 188 188
v -53.589401 -11.742800 14.935200 255 255 255
v -53.487801 -11.691999 14.935200 255 255 255
v -63.546200 10.660001 15.849600 188 188 188
v -53.335400 -11.641200 15.849600 188 188 188
v -53.335400 -11.590400 15.849600 188 188 188
v -53.284599 -11.590400 14.935200 255 255 255
v -59.177402 11.828401 15.849600 188 188 188
v -53.284599 -11.590400 15.849600 188 188 188
v -53.233803 -11.590400 15.849600 188 188 188
v -53.182999 -11.539599 14.935200 255 255 255
v -53.081402 -11.641200 15.849600 188 188 188
v -53.081402 -11.590400 15.849600 188 188 188
v -53.182999 -11.539599 15.849600 188 188 188
v -63.597000 10.456801 14.935200 255 255 255
v -63.597000 10.507601 15.849600 188 188 188
v -63.597000 10.406001 15.849600 188 188 188
v -63.597000 10.456801 15.849600 188 188 188
v -53.132202 -11.590400 15.849600 188 188 188
v -53.132202 -11.539599 15.849600 188 188 188
v -62.428600 5.529202 15.849600 188 188 188
v -62.479404 5.580001 15.849600 188 188 188
v -53.081402 -11.641200 14.935200 255 255 255
v -53.081402 -11.590400 14.935200 255 255 255
v -63.597000 10.355202 15.849600 188 188 188
v -63.597000 10.253601 15.849600 188 188 188
v -62.022202 11.117201 15.849600 188 188 188
v -53.030605 -11.641200 15.849600 188 188 188
v -52.929001 -11.590400 15.849600 188 188 188
v -52.878204 -11.590400 15.849600 188 188 188
v -63.444599 9.796401 15.849600 188 188 188
v -63.495403 9.694800 15.849600 188 188 188
v -51.760601 -10.625199 15.849600 188 188 188
v -51.709805 -10.676000 15.849600 188 188 188
v -52.979801 -11.590400 15.849600 188 188 188
v -63.393803 9.542401 15.849600 188 188 188
v -63.444599 9.593201 15.849600 188 188 188
v -51.760601 -10.472799 15.849600 188 188 188
v -63.393803 9.491600 15.849600 188 188 188
v -53.843399 -11.844399 14.935200 255 255 255
v -63.393803 9.390001 15.849600 188 188 188
v -53.843399 -11.844399 15.849600 188 188 188
v -53.894203 -11.895200 15.849600 188 188 188
v -63.393803 9.339201 14.935200 255 255 255
v -58.567802 12.082402 15.849600 188 188 188
v -58.517002 12.082402 15.849600 188 188 188
v -53.792603 -11.844399 15.849600 188 188 188
v -53.741802 -11.793599 14.935200 255 255 255
v -53.741802 -11.793599 15.849600 188 188 188
v -53.690998 -11.793599 15.849600 188 188 188
v -60.294998 11.574401 15.849600 188 188 188
v -51.760601 -10.574400 15.849600 188 188 188
v -52.674999 -11.488799 15.849600 188 188 188
v -59.482204 11.726802 7.467600 255 255 255
v -52.522598 -11.438000 15.849600 188 188 188
v -52.471802 -11.387200 15.849600 188 188 188
v -52.421001 -11.387200 15.849600 188 188 188
v -52.776600 -11.539599 15.849600 188 188 188
v -53.640202 -11.742800 15.849600 188 188 188
v -51.963802 -9.863200 15.849600 188 188 188
v -56.180199 7.205601 15.849600 188 188 188
v -62.479404 5.580001 14.935200 255 255 255
v -55.011799 -12.149199 15.849600 188 188 188
v -54.961002 -12.149199 14.935200 255 255 255
v -55.164200 -12.149199 15.849600 188 188 188
v -52.065403 -9.456800 15.849600 188 188 188
v -57.602600 12.336402 15.849600 188 188 188
v -54.351398 -0.211199 15.849600 188 188 188
v -53.792603 -2.344799 14.935200 255 255 255
v -53.233803 -4.732399 15.849600 188 188 188
v -53.081402 -5.240400 15.849600 188 188 188
v -52.217804 -8.999599 15.849600 188 188 188
v -52.217804 -8.999599 14.935200 255 255 255
v -52.167000 -9.050400 15.849600 188 188 188
v -52.167000 -8.999599 15.849600 188 188 188
v -52.319401 -8.542399 15.849600 188 188 188
v -52.319401 -8.593200 15.849600 188 188 188
v -52.167000 -9.101199 15.849600 188 188 188
v -52.471802 -6.662799 15.849600 188 188 188
v -52.471802 -6.103999 15.849600 188 188 188
v -52.217804 -8.847199 15.849600 188 188 188
v -52.217804 -8.847199 14.935200 255 255 255
v -52.421001 -3.817999 15.849600 188 188 188
v -52.217804 -8.796399 15.849600 188 188 188
v -49.931797 -8.440800 15.849600 188 188 188
v -50.135002 -8.440800 15.849600 188 188 188
v -52.217804 -8.745599 15.849600 188 188 188
v -52.217804 -8.745599 14.935200 255 255 255
v -38.247803 -3.106799 15.849600 188 188 188
v -35.047401 -3.106799 15.849600 188 188 188
v -41.346600 -3.106799 15.849600 188 188 188
v -52.471802 -3.106799 15.849600 188 188 188
v -41.498997 -8.389999 15.849600 188 188 188
v -36.774601 -8.389999 15.849600 188 188 188
v -52.217804 -8.796399 14.935200 255 255 255
v -35.047401 -7.424799 15.849600 188 188 188
v -35.047401 -8.389999 15.849600 188 188 188
v -35.047401 -6.459600 15.849600 188 188 188
v -63.089001 8.170801 15.849600 188 188 188
v -38.959000 -8.389999 15.849600 188 188 188
v -45.410599 -8.389999 15.849600 188 188 188
v -45.817001 -8.389999 15.849600 188 188 188
v -52.319401 -8.491599 15.849600 188 188 188
v -52.268600 -8.491599 15.849600 188 188 188
v -52.268600 -8.440800 15.849600 188 188 188
v -52.268600 -8.440800 14.935200 255 255 255
v -54.249802 -0.515999 15.849600 188 188 188
v -53.843399 -2.141599 15.849600 188 188 188
v -53.741802 -2.700399 15.849600 188 188 188
v -53.335400 -4.325999 15.849600 188 188 188
v -53.741802 -2.598799 15.849600 188 188 188
v -52.979801 -5.697599 15.849600 188 188 188
v -52.624203 -7.272399 15.849600 188 188 188
v -52.471802 -7.729599 14.935200 255 255 255
v -52.471802 -7.729599 15.849600 188 188 188
v -52.471802 -7.374000 15.849600 188 188 188
v -52.471802 -7.272399 15.849600 188 188 188
v -52.471802 -6.764399 15.849600 188 188 188
v -63.038200 8.170801 15.849600 188 188 188
v -52.471802 -6.561199 15.849600 188 188 188
v -52.421001 -3.716400 15.849600 188 188 188
v -52.471802 -6.205599 15.849600 188 188 188
v -52.421001 -4.935599 15.849600 188 188 188
v -52.421001 -4.834000 15.849600 188 188 188
v -52.471802 -5.443599 15.849600 188 188 188
v -52.471802 -5.545199 15.849600 188 188 188
v -52.421001 -5.037199 15.849600 188 188 188
v -52.421001 -4.376800 15.849600 188 188 188
v -52.421001 -4.478400 15.849600 188 188 188
v -52.421001 -4.275199 15.849600 188 188 188
v -52.421001 -4.173599 15.849600 188 188 188
v -52.421001 -3.614799 15.849600 188 188 188
v -52.471802 -3.208399 15.849600 188 188 188
v -50.490601 -8.440800 15.849600 188 188 188
v -51.862206 -8.440800 15.849600 188 188 188
v -49.576199 -8.440800 15.849600 188 188 188
v -47.950600 -8.389999 15.849600 188 188 188
v -48.204601 -8.389999 15.849600 188 188 188
v -47.594997 -8.389999 15.849600 188 188 188
v -46.223400 -8.389999 15.849600 188 188 188
v -44.039001 -8.389999 15.849600 188 188 188
v -43.277004 -8.389999 15.849600 188 188 188
v -43.632603 -8.389999 15.849600 188 188 188
v -41.905399 -8.389999 15.849600 188 188 188
v -41.092602 -8.389999 15.849600 188 188 188
v -37.181000 -8.389999 15.849600 188 188 188
v -37.587402 -8.389999 15.849600 188 188 188
v -35.403000 -8.389999 15.849600 188 188 188
v -39.314598 -8.389999 15.849600 188 188 188
v -39.721001 -8.389999 15.849600 188 188 188
v -52.471802 -6.002400 15.849600 188 188 188
v -52.471802 -5.646799 15.849600 188 188 188
v -52.471802 -7.119999 15.849600 188 188 188
v -52.319401 -8.643999 15.849600 188 188 188
v -63.089001 8.272401 15.849600 188 188 188
v -62.377800 5.326001 15.849600 188 188 188
v -62.377800 5.478401 15.849600 188 188 188
v -62.428600 5.732400 15.849600 188 188 188
v -62.479404 5.732400 15.849600 188 188 188
v -59.329803 11.777601 15.849600 188 188 188
v -63.241402 8.729601 15.849600 188 188 188
v -59.634605 11.777601 15.849600 188 188 188
v -63.292198 8.831202 15.849600 188 188 188
v -63.292198 8.882001 15.849600 188 188 188
v -63.292198 8.983601 15.849600 188 188 188
v -60.142605 11.625201 15.849600 188 188 188
v -60.041000 11.625201 15.849600 188 188 188
v -59.736202 11.726802 15.849600 188 188 188
v -59.685402 11.777601 15.849600 188 188 188
v -60.244202 11.574401 15.849600 188 188 188
v -60.142605 11.574401 15.849600 188 188 188
v -60.345802 11.523602 15.849600 188 188 188
v -63.292198 9.186801 15.849600 188 188 188
v -63.343002 9.186801 15.849600 188 188 188
v -60.599800 11.422001 15.849600 188 188 188
v -60.650604 11.422001 15.849600 188 188 188
v -63.393803 9.339201 15.849600 188 188 188
v -61.107800 11.371202 15.849600 188 188 188
v -61.158604 11.371202 15.849600 188 188 188
v -61.361801 11.320401 15.849600 188 188 188
v -61.666603 11.218801 15.849600 188 188 188
v -61.463398 11.269602 15.849600 188 188 188
v -61.412601 11.269602 15.849600 188 188 188
v -63.495403 9.745602 15.849600 188 188 188
v -63.495403 9.898002 15.849600 188 188 188
v -62.073002 11.066401 15.849600 188 188 188
v -62.123798 11.066401 15.849600 188 188 188
v -61.971405 11.117201 15.849600 188 188 188
v -61.768200 11.168001 15.849600 188 188 188
v -61.717403 11.218801 15.849600 188 188 188
v -62.631798 10.914001 15.849600 188 188 188
v -62.428600 10.964801 15.849600 188 188 188
v -63.597000 10.304400 15.849600 188 188 188
v -63.038200 10.761600 15.849600 188 188 188
v -63.089001 10.761600 15.849600 188 188 188
v -63.139805 10.710801 15.849600 188 188 188
v -58.161404 12.133202 15.849600 188 188 188
v -63.546200 10.609201 15.849600 188 188 188
v -58.110600 12.184001 15.849600 188 188 188
v -63.495403 10.710801 15.849600 188 188 188
v -63.597000 10.609201 15.849600 188 188 188
v -63.495403 10.050401 15.849600 188 188 188
v -63.038200 7.967600 15.849600 188 188 188
v -63.393803 9.237600 15.849600 188 188 188
v -57.704197 12.285601 15.849600 188 188 188
v -63.241402 8.780400 15.849600 188 188 188
v -63.089001 8.475601 15.849600 188 188 188
v -58.720203 12.031601 15.849600 188 188 188
v -57.704197 12.336402 15.849600 188 188 188
v -58.669403 12.031601 15.849600 188 188 188
v -58.212204 12.082402 15.849600 188 188 188

v -57.399403 -12.707999 16.357601 188 188 188
v -57.500999 -12.707999 15.849600 188 188 188
v -57.500999 -12.707999 15.849600 188 188 188
v -57.958199 -12.707999 16.357601 188 188 188
v -57.856598 -12.707999 15.849600 188 188 188
v -57.958199 -12.707999 16.357601 188 188 188
v -57.958199 -12.707999 15.849600 188 188 188
v -57.958199 -12.707999 16.357601 188 188 188
v -57.958199 -12.707999 15.849600 188 188 188
v -58.517002 -10.523600 16.357601 188 188 188
v -54.554604 0.601601 15.849600 188 188 188
v -54.351398 -0.211199 16.357601 188 188 188
v -54.910202 2.176401 15.849600 188 188 188
v -54.351398 -0.211199 16.357601 188 188 188
v -54.351398 -0.211199 16.357601 188 188 188
v -54.961002 2.278001 16.357601 188 188 188
v -54.961002 2.278001 16.357601 188 188 188
v -60.701401 -1.531999 16.357601 188 188 188
v -60.701401 -1.531999 16.357601 188 188 188
v -61.260201 0.703200 16.357601 188 188 188
v -60.803005 -1.125599 15.849600 188 188 188
v -61.260201 0.703200 16.357601 188 188 188
v -60.701401 -1.531999 16.357601 188 188 188
v -60.701401 -1.531999 16.357601 188 188 188
v -60.599800 -1.938399 15.849600 188 188 188
v -60.244202 -3.360799 15.849600 188 188 188
v -60.142605 -3.767199 15.849600 188 188 188
v -60.142605 -3.767199 16.357601 188 188 188
v -60.041000 -4.173599 15.849600 188 188 188
v -60.142605 -3.767199 16.357601 188 188 188
v -60.142605 -3.767199 16.357601 188 188 188
v -59.990204 -4.579999 15.849600 188 188 188
v -59.634605 -6.002400 16.357601 188 188 188
v -59.431400 -6.865999 15.849600 188 188 188
v -59.075802 -8.288399 15.849600 188 188 188
v -59.634605 -6.002400 16.357601 188 188 188
v -59.634605 -6.002400 16.357601 188 188 188
v -59.075802 -8.288399 16.357601 188 188 188
v -54.757801 -11.996799 16.357601 188 188 188
v -59.075802 -8.288399 16.357601 188 188 188
v -54.757801 -11.996799 16.357601 188 188 188
v -54.808601 -11.996799 16.357601 188 188 188
v -54.757801 -11.996799 15.849600 188 188 188
v -54.808601 -11.996799 16.357601 188 188 188
v -52.167000 -9.152000 16.357601 188 188 188
v -52.167000 -9.152000 15.849600 188 188 188
v -52.167000 -9.152000 16.357601 188 188 188
v -59.634605 -6.002400 16.357601 188 188 188
v -52.167000 -9.202800 16.357601 188 188 188
v -52.167000 -9.202800 16.357601 188 188 188
v -59.634605 -6.002400 16.357601 188 188 188
v -52.217804 -9.202800 16.357601 188 188 188
v -52.167000 -9.202800 16.357601 188 188 188
v -52.217804 -9.253599 16.052801 188 188 188
v -52.167000 -9.202800 16.357601 188 188 188
v -52.167000 -9.202800 15.849600 188 188 188
v -52.217804 -9.253599 16.052801 188 188 188
v -52.217804 -9.253599 15.798800 188 188 188
v -52.217804 -9.253599 16.052801 188 188 188
v -52.217804 -9.253599 16.052801 188 188 188
v -52.217804 -9.202800 16.357601 188 188 188
v -52.217804 -9.202800 15.849600 188 188 188
v -52.167000 -9.202800 15.849600 188 188 188
v -52.217804 -9.202800 15.849600 188 188 188
v -52.217804 -9.202800 16.357601 188 188 188
v -52.167000 -9.202800 15.849600 188 188 188
v -52.217804 -9.202800 16.357601 188 188 188
v -52.167000 -9.202800 15.849600 188 188 188
v -52.116199 -9.355200 16.357601 188 188 188
v -52.167000 -9.304399 15.849600 188 188 188
v -52.116199 -9.355200 16.357601 188 188 188
v -52.167000 -9.355200 15.849600 188 188 188
v -52.116199 -9.355200 16.357601 188 188 188
v -52.116199 -9.355200 15.849600 188 188 188
v -52.116199 -9.355200 16.357601 188 188 188
v -52.116199 -9.355200 15.849600 188 188 188
v -52.065403 -9.507600 16.357601 188 188 188
v -52.116199 -9.456800 15.849600 188 188 188
v -52.065403 -9.507600 16.357601 188 188 188
v -52.065403 -9.456800 15.849600 188 188 188
v -52.065403 -9.507600 16.357601 188 188 188
v -52.065403 -9.507600 15.849600 188 188 188
v -52.065403 -9.507600 16.357601 188 188 188
v -52.065403 -9.507600 15.849600 188 188 188
v -52.014599 -9.660000 16.357601 188 188 188
v -52.065403 -9.609200 15.849600 188 188 188
v -52.014599 -9.660000 16.357601 188 188 188
v -52.014599 -9.609200 15.849600 188 188 188
v -52.014599 -9.660000 16.357601 188 188 188
v -52.014599 -9.660000 16.357601 188 188 188
v -52.065403 -9.507600 16.357601 188 188 188
v -53.182999 -11.539599 16.357601 188 188 188
v -52.014599 -9.660000 16.357601 188 188 188
v -52.014599 -9.660000 16.357601 188 188 188
v -51.963802 -9.812399 16.357601 188 188 188
v -52.014599 -9.710799 15.849600 188 188 188
v -51.963802 -9.812399 16.357601 188 188 188
v -51.963802 -9.812399 15.849600 188 188 188
v -51.963802 -9.812399 16.357601 188 188 188
v -51.963802 -9.863200 15.849600 188 188 188
v -51.963802 -9.812399 16.357601 188 188 188
v -51.963802 -9.863200 15.849600 188 188 188
v -51.913002 -9.964799 16.357601 188 188 188
v -54.656200 -11.996799 15.849600 188 188 188
v -54.656200 -11.996799 16.357601 188 188 188
v -54.656200 -11.996799 15.849600 188 188 188
v -54.707005 -11.996799 16.357601 188 188 188
v -54.707005 -11.996799 15.849600 188 188 188
v -54.707005 -11.996799 16.357601 188 188 188
v -54.757801 -11.996799 16.357601 188 188 188
v -54.656200 -11.996799 16.357601 188 188 188
v -59.634605 -6.002400 16.357601 188 188 188
v -54.707005 -11.996799 16.357601 188 188 188
v -59.634605 -6.002400 16.357601 188 188 188
v -54.656200 -11.996799 16.357601 188 188 188
v -54.554604 -11.996799 16.357601 188 188 188
v -54.656200 -11.996799 16.357601 188 188 188
v -54.554604 -11.996799 16.357601 188 188 188
v -54.605400 -12.047600 16.357601 188 188 188
v -54.554604 -12.047600 15.849600 188 188 188
v -54.605400 -12.047600 16.357601 188 188 188
v -54.554604 -12.047600 15.849600 188 188 188
v -54.554604 -11.996799 16.357601 188 188 188
v -54.605400 -12.047600 16.357601 188 188 188
v -54.656200 -11.996799 16.357601 188 188 188
v -54.605400 -12.047600 15.849600 188 188 188
v -59.634605 -6.002400 16.357601 188 188 188
v -54.554604 -11.996799 16.357601 188 188 188
v -54.452999 -11.996799 16.357601 188 188 188
v -54.554604 -11.996799 16.357601 188 188 188
v -54.503799 -11.996799 15.849600 188 188 188
v -54.452999 -11.996799 16.357601 188 188 188
v -54.452999 -11.996799 16.357601 188 188 188
v -54.452999 -11.996799 15.849600 188 188 188
v -54.097401 -11.844399 15.849600 188 188 188
v -54.097401 -11.844399 16.357601 188 188 188
v -54.097401 -11.844399 15.849600 188 188 188
v -54.148201 -11.844399 16.357601 188 188 188
v -54.148201 -11.844399 15.849600 188 188 188
v -54.148201 -11.844399 16.357601 188 188 188
v -54.199005 -11.895200 15.849600 188 188 188
v -54.148201 -11.844399 16.357601 188 188 188
v -54.199005 -11.895200 15.849600 188 188 188
v -54.300602 -11.945999 16.357601 188 188 188
v -54.402203 -11.945999 15.849600 188 188 188
v -54.351398 -11.945999 15.849600 188 188 188
v -54.402203 -11.945999 16.357601 188 188 188
v -54.300602 -11.945999 15.849600 188 188 188
v -54.300602 -11.945999 16.357601 188 188 188
v -54.402203 -11.945999 16.357601 188 188 188
v -54.300602 -11.945999 16.357601 188 188 188
v -59.634605 -6.002400 16.357601 188 188 188
v -54.402203 -11.945999 16.357601 188 188 188
v -54.300602 -11.945999 15.849600 188 188 188
v -54.300602 -11.895200 15.849600 188 188 188
v -54.300602 -11.945999 16.357601 188 188 188
v -54.148201 -11.844399 16.357601 188 188 188
v -59.634605 -6.002400 16.357601 188 188 188
v -54.300602 -11.945999 16.357601 188 188 188
v -54.097401 -11.844399 16.357601 188 188 188
v -59.634605 -6.002400 16.357601 188 188 188
v -54.148201 -11.844399 16.357601 188 188 188
v -59.634605 -6.002400 16.357601 188 188 188
v -54.097401 -11.844399 16.357601 188 188 188
v -54.046604 -11.793599 16.357601 188 188 188
v -54.097401 -11.844399 16.357601 188 188 188
v -54.046604 -11.793599 15.849600 188 188 188
v -54.046604 -11.793599 16.357601 188 188 188
v -53.995800 -11.793599 15.849600 188 188 188
v -54.046604 -11.793599 16.357601 188 188 188
v -52.217804 -9.202800 16.357601 188 188 188
v -54.046604 -11.793599 16.357601 188 188 188
v -53.995800 -11.793599 16.357601 188 188 188
v -52.217804 -9.202800 16.357601 188 188 188
v -53.995800 -11.793599 16.357601 188 188 188
v -52.217804 -9.202800 16.357601 188 188 188
v -53.995800 -11.844399 16.357601 188 188 188
v -52.217804 -9.202800 16.357601 188 188 188
v -53.945000 -11.844399 16.357601 188 188 188
v -52.217804 -9.202800 16.357601 188 188 188
v -53.843399 -11.844399 16.357601 188 188 188
v -52.217804 -9.202800 16.357601 188 188 188
v -53.741802 -11.793599 16.357601 188 188 188
v -52.217804 -9.202800 16.357601 188 188 188
v -53.640202 -11.742800 16.357601 188 188 188
v -52.217804 -9.202800 16.357601 188 188 188
v -53.538605 -11.691999 16.357601 188 188 188
v -52.217804 -9.202800 16.357601 188 188 188
v -53.437000 -11.691999 16.357601 188 188 188
v -52.217804 -9.202800 16.357601 188 188 188
v -53.386204 -11.641200 16.357601 188 188 188
v -52.217804 -9.202800 16.357601 188 188 188
v -53.284599 -11.590400 16.357601 188 188 188
v -53.182999 -11.539599 16.357601 188 188 188
v -53.182999 -11.539599 16.357601 188 188 188
v -53.284599 -11.590400 16.357601 188 188 188
v -53.182999 -11.539599 16.357601 188 188 188
v -53.182999 -11.539599 15.849600 188 188 188
v -53.132202 -11.539599 15.849600 188 188 188
v -53.132202 -11.590400 16.357601 188 188 188
v -53.132202 -11.590400 15.849600 188 188 188
v -53.081402 -11.590400 15.849600 188 188 188
v -53.081402 -11.641200 15.849600 188 188 188
v -53.081402 -11.590400 16.357601 188 188 188
v -51.963802 -9.812399 16.357601 188 188 188
v -53.081402 -11.590400 16.357601 188 188 188
v -53.081402 -11.641200 16.357601 188 188 188
v -51.963802 -9.812399 16.357601 188 188 188
v -53.081402 -11.641200 16.357601 188 188 188
v -51.963802 -9.812399 16.357601 188 188 188
v -52.979801 -11.590400 16.357601 188 188 188
v -51.963802 -9.812399 16.357601 188 188 188
v -52.878204 -11.590400 16.357601 188 188 188
v -51.963802 -9.812399 16.357601 188 188 188
v -52.776600 -11.539599 16.357601 188 188 188
v -51.963802 -9.812399 16.357601 188 188 188
v -52.725803 -11.488799 16.357601 188 188 188
v -51.963802 -9.812399 16.357601 188 188 188
v -52.624203 -11.488799 16.357601 188 188 188
v -52.522598 -11.438000 16.357601 188 188 188
v -52.624203 -11.488799 16.357601 188 188 188
v -52.522598 -11.438000 15.849600 188 188 188
v -52.522598 -11.438000 16.357601 188 188 188
v -52.522598 -11.438000 16.357601 188 188 188
v -52.471802 -11.387200 15.849600 188 188 188
v -52.319401 -11.285600 15.849600 188 188 188
v -52.319401 -11.336400 16.357601 188 188 188
v -52.319401 -11.285600 15.849600 188 188 188
v -52.319401 -11.285600 16.357601 188 188 188
v -52.319401 -11.285600 15.849600 188 188 188
v -52.421001 -11.336400 16.357601 188 188 188
v -52.370205 -11.336400 15.849600 188 188 188
v -52.421001 -11.336400 16.357601 188 188 188
v -51.913002 -9.964799 16.357601 188 188 188
v -52.421001 -11.336400 16.357601 188 188 188
v -52.319401 -11.285600 16.357601 188 188 188
v -52.319401 -11.285600 16.357601 188 188 188
v -51.913002 -9.964799 16.357601 188 188 188
v -51.913002 -9.964799 16.357601 188 188 188
v -51.862206 -10.168000 16.357601 188 188 188
v -52.319401 -11.285600 16.357601 188 188 188
v -51.862206 -10.168000 16.357601 188 188 188
v -51.862206 -10.168000 16.357601 188 188 188
v -51.811401 -10.320399 16.357601 188 188 188
v -51.862206 -10.168000 15.849600 188 188 188
v -51.811401 -10.320399 16.357601 188 188 188
v -53.945000 -11.844399 16.357601 188 188 188
v -53.945000 -11.895200 15.849600 188 188 188
v -53.945000 -11.844399 16.357601 188 188 188
v -53.945000 -11.895200 15.849600 188 188 188
v -53.945000 -11.895200 16.357601 188 188 188
v -53.945000 -11.895200 16.357601 188 188 188
v -53.894203 -11.895200 15.849600 188 188 188
v -53.843399 -11.844399 15.849600 188 188 188
v -53.843399 -11.844399 16.357601 188 188 188
v -53.945000 -11.895200 16.357601 188 188 188
v -53.843399 -11.844399 15.849600 188 188 188
v -53.843399 -11.844399 16.357601 188 188 188
v -53.843399 -11.844399 16.357601 188 188 188
v -53.792603 -11.844399 15.849600 188 188 188
v -53.945000 -11.844399 15.849600 188 188 188
v -53.995800 -11.844399 16.357601 188 188 188
v -53.741802 -11.793599 15.849600 188 188 188
v -53.741802 -11.793599 16.357601 188 188 188
v -53.741802 -11.793599 16.357601 188 188 188
v -53.690998 -11.793599 15.849600 188 188 188
v -53.640202 -11.742800 16.357601 188 188 188
v -53.640202 -11.742800 15.849600 188 188 188
v -53.589401 -11.742800 15.849600 188 188 188
v -53.538605 -11.691999 16.357601 188 188 188
v -53.538605 -11.691999 16.357601 188 188 188
v -53.538605 -11.691999 15.849600 188 188 188
v -53.437000 -11.691999 15.849600 188 188 188
v -53.437000 -11.691999 16.357601 188 188 188
v -53.437000 -11.691999 16.357601 188 188 188
v -53.437000 -11.641200 15.849600 188 188 188
v -52.725803 -11.488799 16.357601 188 188 188
v -52.725803 -11.488799 15.849600 188 188 188
v -52.725803 -11.488799 16.357601 188 188 188
v -52.725803 -11.488799 16.357601 188 188 188
v -52.674999 -11.488799 15.849600 188 188 188
v -52.624203 -11.488799 15.849600 188 188 188
v -52.624203 -11.488799 16.357601 188 188 188
v -52.725803 -11.539599 15.849600 188 188 188
v -52.776600 -11.539599 16.357601 188 188 188
v -52.268600 -11.387200 15.849600 188 188 188
v -52.268600 -11.336400 16.357601 188 188 188
v -52.268600 -11.336400 16.357601 188 188 188
v -52.268600 -11.387200 16.357601 188 188 188
v -52.167000 -11.336400 16.357601 188 188 188
v -52.268600 -11.387200 16.357601 188 188 188
v -52.167000 -11.336400 16.357601 188 188 188
v -52.217804 -11.387200 16.357601 188 188 188
v -52.167000 -11.336400 15.849600 188 188 188
v -52.217804 -11.387200 16.357601 188 188 188
v -52.014599 -11.234799 15.849600 188 188 188
v -52.014599 -11.234799 16.357601 188 188 188
v -52.014599 -11.234799 15.849600 188 188 188
v -52.065403 -11.234799 16.357601 188 188 188
v -52.065403 -11.234799 15.849600 188 188 188
v -52.065403 -11.234799 16.357601 188 188 188
v -52.116199 -11.285600 16.357601 188 188 188
v -52.065403 -11.234799 16.357601 188 188 188
v -51.709805 -10.676000 16.357601 188 188 188
v -52.319401 -11.285600 16.357601 188 188 188
v -52.116199 -11.285600 16.357601 188 188 188
v -52.319401 -11.285600 16.357601 188 188 188
v -51.709805 -10.676000 16.357601 188 188 188
v -52.319401 -11.285600 16.357601 188 188 188
v -51.760601 -10.574400 16.357601 188 188 188
v -51.760601 -10.472799 16.357601 188 188 188
v -51.760601 -10.574400 16.357601 188 188 188
v -51.760601 -10.472799 15.849600 188 188 188
v -51.760601 -10.574400 16.357601 188 188 188
v -51.760601 -10.472799 16.357601 188 188 188
v -51.760601 -10.472799 15.849600 188 188 188
v -51.811401 -10.320399 15.849600 188 188 188
v -51.811401 -10.320399 16.357601 188 188 188
v -51.760601 -10.472799 16.357601 188 188 188
v -51.760601 -10.574400 15.849600 188 188 188
v -51.760601 -10.574400 16.357601 188 188 188
v -51.709805 -10.676000 16.357601 188 188 188
v -51.760601 -10.574400 15.849600 188 188 188
v -51.709805 -10.676000 16.357601 188 188 188
v -51.760601 -10.625199 15.849600 188 188 188
v -51.709805 -10.676000 16.357601 188 188 188
v -51.709805 -10.676000 15.849600 188 188 188
v -51.709805 -10.676000 16.357601 188 188 188
v -51.709805 -10.676000 15.849600 188 188 188
v -51.709805 -10.726799 16.357601 188 188 188
v -51.709805 -10.726799 15.849600 188 188 188
v -51.709805 -10.726799 16.357601 188 188 188
v -51.709805 -10.726799 15.849600 188 188 188
v -51.709805 -10.828400 16.357601 188 188 188
v -51.709805 -10.828400 15.849600 188 188 188
v -51.709805 -10.828400 16.357601 188 188 188
v -51.709805 -10.828400 15.849600 188 188 188
v -51.709805 -10.929999 16.357601 188 188 188
v -51.709805 -11.031600 15.849600 188 188 188
v -51.709805 -11.031600 16.357601 188 188 188
v -51.709805 -11.031600 15.849600 188 188 188
v -51.760601 -11.133200 16.357601 188 188 188
v -51.760601 -11.082399 15.849600 188 188 188
v -51.760601 -11.133200 16.357601 188 188 188
v -51.760601 -11.133200 15.849600 188 188 188
v -51.760601 -11.133200 16.357601 188 188 188
v -51.760601 -11.133200 15.849600 188 188 188
v -51.760601 -11.183999 16.357601 188 188 188
v -51.963802 -11.183999 16.357601 188 188 188
v -52.014599 -11.234799 16.357601 188 188 188
v -51.963802 -11.183999 15.849600 188 188 188
v -51.709805 -10.828400 16.357601 188 188 188
v -52.014599 -11.234799 16.357601 188 188 188
v -51.963802 -11.183999 16.357601 188 188 188
v -51.913002 -11.183999 15.849600 188 188 188
v -51.963802 -11.183999 16.357601 188 188 188
v -51.709805 -11.031600 16.357601 188 188 188
v -51.963802 -11.183999 16.357601 188 188 188
v -51.913002 -11.183999 16.357601 188 188 188
v -51.709805 -10.929999 16.357601 188 188 188
v -51.963802 -11.183999 16.357601 188 188 188
v -51.709805 -11.031600 16.357601 188 188 188
v -51.709805 -10.929999 16.357601 188 188 188
v -51.709805 -11.031600 16.357601 188 188 188
v -51.913002 -11.183999 15.849600 188 188 188
v -51.913002 -11.183999 16.357601 188 188 188
v -51.913002 -11.183999 16.357601 188 188 188
v -51.862206 -11.183999 15.849600 188 188 188
v -51.862206 -11.183999 15.849600 188 188 188
v -51.811401 -11.183999 16.357601 188 188 188
v -51.760601 -11.183999 15.849600 188 188 188
v -51.811401 -11.183999 16.357601 188 188 188
v -51.811401 -11.183999 15.849600 188 188 188
v -51.760601 -11.133200 16.357601 188 188 188
v -51.913002 -11.183999 16.357601 188 188 188
v -51.811401 -11.183999 16.357601 188 188 188
v -51.760601 -11.183999 15.849600 188 188 188
v -51.760601 -11.183999 16.357601 188 188 188
v -51.811401 -11.183999 16.357601 188 188 188
v -51.760601 -11.133200 16.357601 188 188 188
v -51.811401 -11.183999 16.357601 188 188 188
v -51.760601 -11.183999 16.357601 188 188 188
v -51.709805 -11.031600 16.357601 188 188 188
v -51.913002 -11.183999 16.357601 188 188 188
v -51.760601 -11.133200 16.357601 188 188 188
v -51.709805 -10.929999 15.849600 188 188 188
v -51.709805 -11.031600 16.357601 188 188 188
v -51.709805 -10.980799 15.849600 188 188 188
v -51.709805 -10.929999 15.849600 188 188 188
v -51.709805 -10.879200 15.849600 188 188 188
v -51.709805 -10.929999 16.357601 188 188 188
v -51.709805 -10.828400 16.357601 188 188 188
v -51.963802 -11.183999 16.357601 188 188 188
v -51.709805 -10.929999 16.357601 188 188 188
v -52.014599 -11.234799 16.357601 188 188 188
v -51.709805 -10.828400 16.357601 188 188 188
v -51.709805 -10.726799 16.357601 188 188 188
v -52.014599 -11.234799 16.357601 188 188 188
v -51.709805 -10.726799 16.357601 188 188 188
v -51.709805 -10.676000 16.357601 188 188 188
v -51.709805 -10.676000 16.357601 188 188 188
v -52.065403 -11.234799 16.357601 188 188 188
v -52.014599 -11.234799 16.357601 188 188 188
v -51.963802 -11.183999 15.849600 188 188 188
v -52.014599 -11.234799 16.357601 188 188 188
v -51.963802 -11.234799 15.849600 188 188 188
v -52.065403 -11.234799 15.849600 188 188 188
v -52.116199 -11.285600 16.357601 188 188 188
v -52.116199 -11.285600 15.849600 188 188 188
v -52.116199 -11.285600 16.357601 188 188 188
v -52.167000 -11.336400 16.357601 188 188 188
v -52.116199 -11.285600 15.849600 188 188 188
v -52.167000 -11.336400 16.357601 188 188 188
v -52.217804 -11.336400 15.849600 188 188 188
v -52.217804 -11.387200 16.357601 188 188 188
v -52.167000 -11.336400 15.849600 188 188 188
v -52.167000 -11.285600 15.849600 188 188 188
v -52.167000 -11.336400 16.357601 188 188 188
v -52.268600 -11.387200 16.357601 188 188 188
v -52.217804 -11.387200 15.849600 188 188 188
v -52.217804 -11.387200 16.357601 188 188 188
v -52.167000 -11.336400 16.357601 188 188 188
v -52.116199 -11.285600 16.357601 188 188 188
v -52.268600 -11.336400 16.357601 188 188 188
v -52.319401 -11.336400 16.357601 188 188 188
v -52.268600 -11.336400 16.357601 188 188 188
v -52.116199 -11.285600 16.357601 188 188 188
v -52.268600 -11.387200 16.357601 188 188 188
v -52.268600 -11.387200 15.849600 188 188 188
v -52.217804 -11.387200 15.849600 188 188 188
v -52.268600 -11.336400 15.849600 188 188 188
v -52.268600 -11.336400 16.357601 188 188 188
v -52.319401 -11.336400 16.357601 188 188 188
v -52.776600 -11.539599 15.849600 188 188 188
v -52.878204 -11.590400 16.357601 188 188 188
v -52.878204 -11.590400 15.849600 188 188 188
v -52.878204 -11.590400 16.357601 188 188 188
v -53.081402 -11.641200 16.357601 188 188 188
v -52.929001 -11.590400 15.849600 188 188 188
v -52.979801 -11.590400 16.357601 188 188 188
v -52.979801 -11.590400 15.849600 188 188 188
v -53.284599 -11.590400 16.357601 188 188 188
v -53.284599 -11.590400 15.849600 188 188 188
v -53.386204 -11.641200 16.357601 188 188 188
v -53.335400 -11.590400 15.849600 188 188 188
v -53.386204 -11.641200 16.357601 188 188 188
v -53.386204 -11.641200 15.849600 188 188 188
v -53.335400 -11.641200 15.849600 188 188 188
v -53.386204 -11.641200 16.357601 188 188 188
v -51.811401 -10.320399 15.849600 188 188 188
v -51.811401 -10.269599 15.849600 188 188 188
v -51.811401 -10.320399 16.357601 188 188 188
v -51.862206 -10.168000 15.849600 188 188 188
v -51.862206 -10.168000 16.357601 188 188 188
v -52.319401 -11.285600 16.357601 188 188 188
v -51.760601 -10.472799 16.357601 188 188 188
v -51.811401 -10.320399 16.357601 188 188 188
v -51.913002 -9.964799 16.357601 188 188 188
v -52.522598 -11.438000 16.357601 188 188 188
v -52.421001 -11.336400 16.357601 188 188 188
v -52.116199 -11.285600 16.357601 188 188 188
v -52.319401 -11.285600 16.357601 188 188 188
v -52.319401 -11.336400 16.357601 188 188 188
v -52.268600 -11.336400 15.849600 188 188 188
v -52.319401 -11.336400 16.357601 188 188 188
v -52.319401 -11.336400 15.849600 188 188 188
v -52.421001 -11.387200 15.849600 188 188 188
v -52.421001 -11.336400 15.849600 188 188 188
v -52.421001 -11.336400 16.357601 188 188 188
v -52.421001 -11.387200 15.849600 188 188 188
v -52.421001 -11.336400 16.357601 188 188 188
v -52.522598 -11.438000 16.357601 188 188 188
v -52.573402 -11.438000 15.849600 188 188 188
v -52.522598 -11.438000 15.849600 188 188 188
v -52.624203 -11.488799 16.357601 188 188 188
v -52.624203 -11.488799 15.849600 188 188 188
v -52.624203 -11.488799 16.357601 188 188 188
v -52.725803 -11.488799 16.357601 188 188 188
v -52.725803 -11.539599 15.849600 188 188 188
v -52.725803 -11.488799 16.357601 188 188 188
v -52.776600 -11.539599 16.357601 188 188 188
v -52.776600 -11.539599 15.849600 188 188 188
v -52.776600 -11.539599 16.357601 188 188 188
v -52.878204 -11.590400 16.357601 188 188 188
v -52.929001 -11.590400 15.849600 188 188 188
v -52.878204 -11.590400 16.357601 188 188 188
v -52.979801 -11.590400 16.357601 188 188 188
v -52.979801 -11.590400 15.849600 188 188 188
v -52.979801 -11.590400 16.357601 188 188 188
v -53.081402 -11.641200 16.357601 188 188 188
v -51.963802 -9.812399 16.357601 188 188 188
v -53.132202 -11.590400 16.357601 188 188 188
v -53.081402 -11.590400 16.357601 188 188 188
v -53.081402 -11.641200 15.849600 188 188 188
v -53.030605 -11.641200 15.849600 188 188 188
v -53.081402 -11.641200 16.357601 188 188 188
v -53.081402 -11.590400 15.849600 188 188 188
v -53.081402 -11.590400 16.357601 188 188 188
v -53.132202 -11.590400 16.357601 188 188 188
v -53.132202 -11.539599 15.849600 188 188 188
v -53.132202 -11.590400 16.357601 188 188 188
v -53.182999 -11.539599 16.357601 188 188 188
v -53.182999 -11.539599 15.849600 188 188 188
v -53.284599 -11.590400 16.357601 188 188 188
v -53.233803 -11.590400 15.849600 188 188 188
v -53.284599 -11.590400 15.849600 188 188 188
v -53.284599 -11.590400 16.357601 188 188 188
v -53.386204 -11.641200 16.357601 188 188 188
v -53.386204 -11.641200 15.849600 188 188 188
v -53.386204 -11.641200 16.357601 188 188 188
v -53.437000 -11.691999 16.357601 188 188 188
v -53.437000 -11.691999 15.849600 188 188 188
v -53.437000 -11.691999 16.357601 188 188 188
v -53.538605 -11.691999 16.357601 188 188 188
v -53.589401 -11.742800 15.849600 188 188 188
v -53.538605 -11.691999 16.357601 188 188 188
v -53.640202 -11.742800 16.357601 188 188 188
v -53.640202 -11.742800 15.849600 188 188 188
v -53.640202 -11.742800 16.357601 188 188 188
v -53.741802 -11.793599 16.357601 188 188 188
v -53.741802 -11.793599 15.849600 188 188 188
v -53.741802 -11.793599 16.357601 188 188 188
v -53.843399 -11.844399 16.357601 188 188 188
v -53.843399 -11.844399 16.357601 188 188 188
v -53.945000 -11.844399 16.357601 188 188 188
v -53.945000 -11.895200 16.357601 188 188 188
v -53.945000 -11.844399 15.849600 188 188 188
v -53.945000 -11.844399 16.357601 188 188 188
v -53.995800 -11.844399 16.357601 188 188 188
v -53.995800 -11.844399 15.849600 188 188 188
v -53.995800 -11.844399 16.357601 188 188 188
v -53.995800 -11.793599 16.357601 188 188 188
v -53.995800 -11.793599 16.357601 188 188 188
v -53.995800 -11.793599 15.849600 188 188 188
v -53.995800 -11.844399 15.849600 188 188 188
v -54.046604 -11.793599 15.849600 188 188 188
v -54.097401 -11.844399 16.357601 188 188 188
v -54.046604 -11.844399 15.849600 188 188 188
v -54.402203 -11.945999 15.849600 188 188 188
v -54.402203 -11.945999 16.357601 188 188 188
v -54.452999 -11.996799 16.357601 188 188 188
v -54.402203 -11.945999 16.357601 188 188 188
v -59.634605 -6.002400 16.357601 188 188 188
v -54.452999 -11.996799 16.357601 188 188 188
v -54.605400 -12.047600 15.849600 188 188 188
v -54.656200 -11.996799 16.357601 188 188 188
v -54.656200 -12.047600 15.849600 188 188 188
v -54.554604 -11.996799 15.849600 188 188 188
v -54.503799 -11.996799 15.849600 188 188 188
v -54.554604 -11.996799 16.357601 188 188 188
v -51.913002 -10.015599 15.849600 188 188 188
v -51.862206 -10.168000 16.357601 188 188 188
v -51.862206 -10.117200 15.849600 188 188 188
v -51.913002 -9.964799 16.357601 188 188 188
v -51.913002 -10.015599 15.849600 188 188 188
v -51.913002 -9.964799 15.849600 188 188 188
v -52.522598 -11.438000 16.357601 188 188 188
v -51.913002 -9.964799 16.357601 188 188 188
v -51.963802 -9.812399 16.357601 188 188 188
v -51.963802 -9.812399 16.357601 188 188 188
v -53.182999 -11.539599 16.357601 188 188 188
v -53.132202 -11.590400 16.357601 188 188 188
v -53.182999 -11.539599 16.357601 188 188 188
v -52.065403 -9.507600 16.357601 188 188 188
v -52.116199 -9.355200 16.357601 188 188 188
v -53.182999 -11.539599 16.357601 188 188 188
v -52.116199 -9.355200 16.357601 188 188 188
v -52.217804 -9.202800 16.357601 188 188 188
v -52.217804 -9.202800 16.357601 188 188 188
v -59.634605 -6.002400 16.357601 188 188 188
v -54.046604 -11.793599 16.357601 188 188 188
v -52.167000 -9.152000 16.357601 188 188 188
v -59.634605 -6.002400 16.357601 188 188 188
v -59.634605 -6.002400 16.357601 188 188 188
v -52.167000 -9.101199 16.357601 188 188 188
v -52.167000 -9.050400 16.357601 188 188 188
v -52.167000 -9.101199 16.357601 188 188 188
v -52.167000 -9.050400 15.849600 188 188 188
v -52.167000 -9.101199 16.357601 188 188 188
v -52.167000 -9.101199 15.849600 188 188 188
v -52.167000 -9.101199 16.357601 188 188 188
v -52.167000 -9.101199 15.849600 188 188 188
v -52.116199 -9.101199 16.357601 188 188 188
v -56.383404 -12.454000 15.849600 188 188 188
v -56.434200 -12.454000 16.357601 188 188 188
v -56.434200 -12.454000 15.849600 188 188 188
v -56.434200 -12.454000 16.357601 188 188 188
v -56.434200 -12.454000 15.849600 188 188 188
v -56.688198 -12.504800 16.357601 188 188 188
v -52.319401 -8.643999 15.849600 188 188 188
v -52.319401 -8.593200 16.357601 188 188 188
v -59.634605 -6.002400 16.357601 188 188 188
v -52.268600 -8.643999 16.357601 188 188 188
v -52.319401 -8.593200 16.357601 188 188 188
v -59.634605 -6.002400 16.357601 188 188 188
v -52.319401 -8.593200 16.357601 188 188 188
v -52.319401 -8.542399 16.357601 188 188 188
v -52.319401 -8.593200 16.357601 188 188 188
v -52.319401 -8.542399 15.849600 188 188 188
v -52.319401 -8.542399 16.357601 188 188 188
v -52.319401 -8.491599 15.849600 188 188 188
v -52.319401 -8.542399 16.357601 188 188 188
v -52.319401 -8.491599 15.849600 188 188 188
v -52.319401 -8.491599 16.357601 188 188 188
v -52.319401 -8.491599 16.357601 188 188 188
v -52.268600 -8.491599 15.849600 188 188 188
v -52.268600 -8.440800 15.849600 188 188 188
v -52.268600 -8.440800 16.357601 188 188 188
v -51.862206 -8.440800 15.849600 188 188 188
v -50.490601 -8.440800 15.849600 188 188 188
v -52.268600 -8.440800 16.357601 188 188 188
v -50.135002 -8.440800 16.357601 188 188 188
v -52.268600 -8.440800 16.357601 188 188 188
v -59.634605 -6.002400 16.357601 188 188 188
v -52.268600 -8.440800 16.357601 188 188 188
v -52.471802 -7.729599 16.357601 188 188 188
v -59.634605 -6.002400 16.357601 188 188 188
v -52.471802 -7.729599 16.357601 188 188 188
v -59.634605 -6.002400 16.357601 188 188 188
v -53.081402 -5.240400 16.357601 188 188 188
v -53.741802 -2.700399 16.357601 188 188 188
v -60.142605 -3.767199 16.357601 188 188 188
v -59.634605 -6.002400 16.357601 188 188 188
v -60.142605 -3.767199 16.357601 188 188 188
v -53.741802 -2.700399 16.357601 188 188 188
v -54.351398 -0.211199 16.357601 188 188 188
v -54.351398 -0.211199 16.357601 188 188 188
v -53.741802 -2.700399 16.357601 188 188 188
v -54.249802 -0.515999 15.849600 188 188 188
v -53.741802 -2.700399 16.357601 188 188 188
v -53.741802 -2.700399 16.357601 188 188 188
v -53.081402 -5.240400 16.357601 188 188 188
v -53.233803 -4.732399 15.849600 188 188 188
v -53.081402 -5.240400 16.357601 188 188 188
v -53.081402 -5.240400 15.849600 188 188 188
v -53.081402 -5.240400 16.357601 188 188 188
v -41.346600 -3.106799 15.849600 188 188 188
v -35.047401 -3.106799 16.357601 188 188 188
v -38.247803 -3.106799 15.849600 188 188 188
v -35.047401 -3.106799 16.357601 188 188 188
v -35.047401 -7.424799 15.849600 188 188 188
v -35.047401 -8.389999 16.357601 188 188 188
v -35.047401 -8.389999 15.849600 188 188 188
v -35.047401 -8.389999 16.357601 188 188 188
v -35.403000 -8.389999 15.849600 188 188 188
v -35.047401 -8.389999 16.357601 188 188 188
v -35.403000 -8.389999 15.849600 188 188 188
v -37.181000 -8.389999 16.357601 188 188 188
v -45.817001 -8.389999 15.849600 188 188 188
v -45.817001 -8.389999 16.357601 188 188 188
v -46.223400 -8.389999 15.849600 188 188 188
v -45.817001 -8.389999 16.357601 188 188 188
v -46.223400 -8.389999 15.849600 188 188 188
v -47.950600 -8.389999 16.357601 188 188 188
v -50.135002 -8.440800 16.357601 188 188 188
v -49.931797 -8.440800 15.849600 188 188 188
v -50.135002 -8.440800 16.357601 188 188 188
v -57.196198 -12.657200 15.849600 188 188 188
v -57.145401 -12.657200 16.357601 188 188 188
v -57.399403 -12.707999 16.357601 188 188 188
v -57.145401 -12.657200 16.357601 188 188 188
v -58.517002 -10.523600 16.357601 188 188 188
v -57.399403 -12.707999 16.357601 188 188 188
v -58.517002 -10.523600 16.357601 188 188 188
v -57.145401 -12.657200 16.357601 188 188 188
v -56.891403 -12.606400 16.357601 188 188 188
v -57.145401 -12.657200 16.357601 188 188 188
v -56.942200 -12.606400 15.849600 188 188 188
v -57.145401 -12.657200 16.357601 188 188 188
v -56.891403 -12.606400 16.357601 188 188 188
v -56.840599 -12.606400 15.849600 188 188 188
v -56.891403 -12.606400 16.357601 188 188 188
v -56.891403 -12.606400 16.357601 188 188 188
v -56.789799 -12.555599 15.849600 188 188 188
v -56.688198 -12.504800 15.849600 188 188 188
v -56.688198 -12.504800 16.357601 188 188 188
v -56.688198 -12.504800 15.849600 188 188 188
v -56.688198 -12.504800 16.357601 188 188 188
v -56.891403 -12.606400 16.357601 188 188 188
v -56.942200 -12.606400 15.849600 188 188 188
v -56.891403 -12.606400 15.849600 188 188 188
v -56.891403 -12.606400 16.357601 188 188 188
v -56.688198 -12.504800 16.357601 188 188 188
v -58.517002 -10.523600 16.357601 188 188 188
v -56.891403 -12.606400 16.357601 188 188 188
v -57.145401 -12.657200 15.849600 188 188 188
v -57.094601 -12.657200 15.849600 188 188 188
v -57.145401 -12.657200 16.357601 188 188 188
v -57.196198 -12.657200 15.849600 188 188 188
v -57.399403 -12.707999 16.357601 188 188 188
v -50.135002 -8.440800 16.357601 188 188 188
v -49.576199 -8.440800 15.849600 188 188 188
v -48.204601 -8.389999 15.849600 188 188 188
v -47.950600 -8.389999 16.357601 188 188 188
v -50.135002 -8.440800 16.357601 188 188 188
v -47.950600 -8.389999 16.357601 188 188 188
v -50.135002 -8.440800 16.357601 188 188 188
v -50.135002 -8.440800 16.357601 188 188 188
v -52.471802 -6.002400 16.357601 188 188 188
v -52.471802 -6.561199 16.357601 188 188 188
v -52.471802 -6.002400 16.357601 188 188 188
v -52.471802 -6.561199 15.849600 188 188 188
v -52.471802 -6.002400 16.357601 188 188 188
v -52.471802 -6.205599 15.849600 188 188 188
v -52.471802 -6.002400 16.357601 188 188 188
v -52.471802 -6.103999 15.849600 188 188 188
v -52.471802 -6.002400 16.357601 188 188 188
v -52.471802 -6.002400 15.849600 188 188 188
v -52.471802 -6.002400 16.357601 188 188 188
v -52.471802 -6.002400 15.849600 188 188 188
v -52.471802 -5.443599 16.357601 188 188 188
v -52.471802 -5.443599 16.357601 188 188 188
v -52.471802 -5.443599 15.849600 188 188 188
v -52.471802 -5.443599 16.357601 188 188 188
v -52.471802 -5.443599 15.849600 188 188 188
v -52.421001 -4.834000 16.357601 188 188 188
v -52.421001 -5.037199 15.849600 188 188 188
v -52.421001 -4.834000 16.357601 188 188 188
v -52.421001 -4.834000 16.357601 188 188 188
v -52.421001 -4.935599 15.849600 188 188 188
v -52.421001 -4.275199 16.357601 188 188 188
v -52.421001 -4.376800 15.849600 188 188 188
v -52.421001 -3.716400 16.357601 188 188 188
v -52.421001 -3.817999 15.849600 188 188 188
v -52.421001 -3.716400 15.849600 188 188 188
v -52.421001 -3.716400 16.357601 188 188 188
v -52.421001 -3.614799 15.849600 188 188 188
v -52.471802 -3.106799 16.357601 188 188 188
v -52.471802 -3.106799 15.849600 188 188 188
v -52.471802 -3.208399 15.849600 188 188 188
v -52.421001 -3.614799 15.849600 188 188 188
v -52.421001 -3.716400 16.357601 188 188 188
v -52.471802 -3.106799 16.357601 188 188 188
v -45.817001 -8.389999 16.357601 188 188 188
v -52.471802 -3.106799 16.357601 188 188 188
v -52.421001 -3.716400 16.357601 188 188 188
v -52.471802 -3.106799 16.357601 188 188 188
v -45.817001 -8.389999 16.357601 188 188 188
v -43.632603 -8.389999 16.357601 188 188 188
v -45.817001 -8.389999 16.357601 188 188 188
v -44.039001 -8.389999 15.849600 188 188 188
v -43.632603 -8.389999 16.357601 188 188 188
v -43.632603 -8.389999 15.849600 188 188 188
v -43.632603 -8.389999 16.357601 188 188 188
v -43.632603 -8.389999 16.357601 188 188 188
v -43.277004 -8.389999 15.849600 188 188 188
v -41.905399 -8.389999 15.849600 188 188 188
v -41.498997 -8.389999 15.849600 188 188 188
v -41.498997 -8.389999 16.357601 188 188 188
v -41.498997 -8.389999 16.357601 188 188 188
v -41.092602 -8.389999 15.849600 188 188 188
v -39.314598 -8.389999 16.357601 188 188 188
v -38.959000 -8.389999 15.849600 188 188 188
v -37.587402 -8.389999 15.849600 188 188 188
v -37.181000 -8.389999 16.357601 188 188 188
v -37.587402 -8.389999 15.849600 188 188 188
v -37.181000 -8.389999 16.357601 188 188 188
v -39.314598 -8.389999 16.357601 188 188 188
v -35.047401 -3.106799 16.357601 188 188 188
v -39.314598 -8.389999 16.357601 188 188 188
v -37.181000 -8.389999 16.357601 188 188 188
v -35.047401 -3.106799 16.357601 188 188 188
v -41.498997 -8.389999 16.357601 188 188 188
v -39.314598 -8.389999 16.357601 188 188 188
v -35.047401 -3.106799 16.357601 188 188 188
v -43.632603 -8.389999 16.357601 188 188 188
v -41.498997 -8.389999 16.357601 188 188 188
v -39.721001 -8.389999 15.849600 188 188 188
v -39.314598 -8.389999 15.849600 188 188 188
v -39.314598 -8.389999 16.357601 188 188 188
v -39.721001 -8.389999 15.849600 188 188 188
v -39.314598 -8.389999 16.357601 188 188 188
v -41.498997 -8.389999 16.357601 188 188 188
v -41.905399 -8.389999 15.849600 188 188 188
v -41.498997 -8.389999 16.357601 188 188 188
v -43.632603 -8.389999 16.357601 188 188 188
v -35.047401 -3.106799 16.357601 188 188 188
v -52.471802 -3.106799 16.357601 188 188 188
v -43.632603 -8.389999 16.357601 188 188 188
v -52.421001 -4.173599 15.849600 188 188 188
v -52.421001 -4.275199 16.357601 188 188 188
v -52.421001 -3.716400 16.357601 188 188 188
v -47.950600 -8.389999 16.357601 188 188 188
v -52.421001 -3.716400 16.357601 188 188 188
v -52.421001 -4.275199 16.357601 188 188 188
v -52.421001 -4.834000 16.357601 188 188 188
v -47.950600 -8.389999 16.357601 188 188 188
v -52.421001 -4.275199 16.357601 188 188 188
v -52.421001 -4.275199 15.849600 188 188 188
v -52.421001 -4.275199 16.357601 188 188 188
v -52.421001 -4.173599 15.849600 188 188 188
v -52.421001 -4.834000 15.849600 188 188 188
v -52.421001 -4.275199 16.357601 188 188 188
v -52.421001 -4.478400 15.849600 188 188 188
v -52.421001 -4.834000 15.849600 188 188 188
v -52.421001 -4.834000 16.357601 188 188 188
v -52.421001 -4.275199 16.357601 188 188 188
v -52.471802 -5.443599 16.357601 188 188 188
v -47.950600 -8.389999 16.357601 188 188 188
v -52.421001 -4.834000 16.357601 188 188 188
v -52.471802 -5.545199 15.849600 188 188 188
v -52.471802 -5.646799 15.849600 188 188 188
v -52.471802 -5.443599 16.357601 188 188 188
v -52.471802 -6.561199 16.357601 188 188 188
v -52.471802 -6.561199 15.849600 188 188 188
v -52.471802 -6.662799 15.849600 188 188 188
v -52.471802 -6.561199 16.357601 188 188 188
v -52.471802 -6.561199 16.357601 188 188 188
v -52.471802 -6.764399 15.849600 188 188 188
v -52.471802 -7.119999 15.849600 188 188 188
v -52.471802 -6.561199 16.357601 188 188 188
v -52.471802 -7.119999 16.357601 188 188 188
v -52.471802 -7.119999 15.849600 188 188 188
v -52.471802 -7.272399 15.849600 188 188 188
v -52.471802 -7.119999 16.357601 188 188 188
v -52.471802 -7.119999 16.357601 188 188 188
v -52.471802 -7.374000 15.849600 188 188 188
v -52.471802 -7.729599 15.849600 188 188 188
v -52.471802 -7.729599 16.357601 188 188 188
v -52.979801 -5.697599 15.849600 188 188 188
v -52.471802 -7.729599 16.357601 188 188 188
v -52.624203 -7.272399 15.849600 188 188 188
v -52.471802 -7.729599 15.849600 188 188 188
v -52.471802 -7.729599 16.357601 188 188 188
v -52.471802 -7.119999 16.357601 188 188 188
v -52.471802 -7.119999 16.357601 188 188 188
v -50.135002 -8.440800 16.357601 188 188 188
v -52.471802 -6.561199 16.357601 188 188 188
v -52.471802 -6.002400 16.357601 188 188 188
v -47.950600 -8.389999 16.357601 188 188 188
v -52.471802 -5.443599 16.357601 188 188 188
v -48.204601 -8.389999 15.849600 188 188 188
v -47.950600 -8.389999 16.357601 188 188 188
v -47.950600 -8.389999 15.849600 188 188 188
v -47.594997 -8.389999 15.849600 188 188 188
v -47.950600 -8.389999 16.357601 188 188 188
v -45.817001 -8.389999 16.357601 188 188 188
v -52.421001 -3.716400 16.357601 188 188 188
v -47.950600 -8.389999 16.357601 188 188 188
v -44.039001 -8.389999 15.849600 188 188 188
v -45.817001 -8.389999 16.357601 188 188 188
v -45.410599 -8.389999 15.849600 188 188 188
v -37.181000 -8.389999 15.849600 188 188 188
v -36.774601 -8.389999 15.849600 188 188 188
v -37.181000 -8.389999 16.357601 188 188 188
v -35.047401 -3.106799 16.357601 188 188 188
v -37.181000 -8.389999 16.357601 188 188 188
v -35.047401 -8.389999 16.357601 188 188 188
v -35.047401 -3.106799 15.849600 188 188 188
v -35.047401 -8.389999 16.357601 188 188 188
v -35.047401 -6.459600 15.849600 188 188 188
v -35.047401 -3.106799 16.357601 188 188 188
v -35.047401 -8.389999 16.357601 188 188 188
v -35.047401 -3.106799 15.849600 188 188 188
v -35.047401 -3.106799 16.357601 188 188 188
v -52.471802 -3.106799 15.849600 188 188 188
v -52.471802 -3.106799 16.357601 188 188 188
v -53.741802 -2.700399 15.849600 188 188 188
v -53.081402 -5.240400 16.357601 188 188 188
v -53.335400 -4.325999 15.849600 188 188 188
v -53.741802 -2.598799 15.849600 188 188 188
v -53.843399 -2.141599 15.849600 188 188 188
v -53.741802 -2.700399 16.357601 188 188 188
v -54.249802 -0.515999 15.849600 188 188 188
v -54.351398 -0.211199 16.357601 188 188 188
v -53.741802 -2.700399 15.849600 188 188 188
v -53.741802 -2.700399 16.357601 188 188 188
v -53.081402 -5.240400 16.357601 188 188 188
v -52.979801 -5.697599 15.849600 188 188 188
v -53.081402 -5.240400 16.357601 188 188 188
v -52.471802 -7.729599 16.357601 188 188 188
v -52.268600 -8.440800 16.357601 188 188 188
v -59.634605 -6.002400 16.357601 188 188 188
v -52.319401 -8.491599 16.357601 188 188 188
v -52.471802 -7.729599 16.357601 188 188 188
v -50.135002 -8.440800 16.357601 188 188 188
v -52.471802 -7.119999 16.357601 188 188 188
v -50.490601 -8.440800 15.849600 188 188 188
v -50.135002 -8.440800 15.849600 188 188 188
v -50.135002 -8.440800 16.357601 188 188 188
v -52.268600 -8.440800 16.357601 188 188 188
v -52.319401 -8.491599 16.357601 188 188 188
v -52.268600 -8.440800 15.849600 188 188 188
v -52.319401 -8.491599 16.357601 188 188 188
v -59.634605 -6.002400 16.357601 188 188 188
v -52.319401 -8.542399 16.357601 188 188 188
v -59.634605 -6.002400 16.357601 188 188 188
v -52.268600 -8.643999 16.357601 188 188 188
v -52.268600 -8.643999 16.357601 188 188 188
v -52.268600 -8.694799 16.357601 188 188 188
v -59.634605 -6.002400 16.357601 188 188 188
v -52.268600 -8.694799 16.357601 188 188 188
v -52.268600 -8.694799 16.357601 188 188 188
v -52.217804 -8.745599 16.357601 188 188 188
v -52.217804 -8.745599 16.357601 188 188 188
v -59.634605 -6.002400 16.357601 188 188 188
v -52.217804 -8.745599 16.357601 188 188 188
v -52.217804 -8.796399 16.357601 188 188 188
v -52.217804 -8.745599 15.849600 188 188 188
v -52.217804 -8.796399 16.357601 188 188 188
v -52.217804 -8.796399 15.849600 188 188 188
v -52.217804 -8.796399 16.357601 188 188 188
v -52.217804 -8.796399 15.849600 188 188 188
v -52.217804 -8.847199 16.357601 188 188 188
v -52.217804 -8.847199 16.357601 188 188 188
v -52.217804 -8.847199 15.849600 188 188 188
v -52.217804 -8.847199 15.849600 188 188 188
v -52.217804 -8.898000 16.357601 188 188 188
v -52.217804 -8.898000 15.849600 188 188 188
v -52.217804 -8.898000 16.357601 188 188 188
v -52.217804 -8.898000 15.849600 188 188 188
v -52.217804 -8.948799 16.357601 188 188 188
v -52.217804 -8.948799 15.849600 188 188 188
v -52.217804 -8.948799 16.357601 188 188 188
v -59.634605 -6.002400 16.357601 188 188 188
v -52.217804 -8.999599 16.357601 188 188 188
v -52.217804 -8.948799 16.357601 188 188 188
v -59.634605 -6.002400 16.357601 188 188 188
v -52.217804 -8.948799 16.357601 188 188 188
v -52.217804 -8.898000 16.357601 188 188 188
v -52.217804 -8.847199 16.357601 188 188 188
v -59.634605 -6.002400 16.357601 188 188 188
v -52.217804 -8.898000 16.357601 188 188 188
v -52.217804 -8.847199 16.357601 188 188 188
v -52.217804 -8.796399 16.357601 188 188 188
v -59.634605 -6.002400 16.357601 188 188 188
v -52.319401 -8.593200 15.849600 188 188 188
v -52.319401 -8.542399 15.849600 188 188 188
v -52.319401 -8.593200 16.357601 188 188 188
v -52.319401 -8.643999 15.849600 188 188 188
v -52.268600 -8.643999 16.357601 188 188 188
v -52.268600 -8.643999 15.849600 188 188 188
v -52.268600 -8.643999 15.849600 188 188 188
v -52.268600 -8.694799 16.357601 188 188 188
v -52.268600 -8.694799 15.849600 188 188 188
v -52.268600 -8.694799 15.849600 188 188 188
v -52.217804 -8.745599 16.357601 188 188 188
v -52.217804 -8.745599 15.849600 188 188 188
v -52.217804 -8.948799 15.849600 188 188 188
v -52.217804 -8.999599 16.357601 188 188 188
v -52.217804 -8.999599 15.849600 188 188 188
v -52.217804 -8.999599 16.357601 188 188 188
v -52.167000 -9.050400 16.357601 188 188 188
v -52.217804 -8.999599 15.849600 188 188 188
v -52.167000 -9.050400 16.357601 188 188 188
v -56.637402 -12.504800 15.849600 188 188 188
v -56.586601 -12.504800 15.849600 188 188 188
v -56.688198 -12.504800 16.357601 188 188 188
v -56.434200 -12.454000 16.357601 188 188 188
v -58.517002 -10.523600 16.357601 188 188 188
v -56.688198 -12.504800 16.357601 188 188 188
v -58.517002 -10.523600 16.357601 188 188 188
v -56.434200 -12.454000 16.357601 188 188 188
v -56.180199 -12.352400 16.357601 188 188 188
v -56.434200 -12.454000 16.357601 188 188 188
v -58.517002 -10.523600 16.357601 188 188 188
v -56.180199 -12.352400 16.357601 188 188 188
v -55.926201 -12.301600 16.357601 188 188 188
v -56.180199 -12.352400 16.357601 188 188 188
v -55.977001 -12.301600 15.849600 188 188 188
v -56.180199 -12.352400 16.357601 188 188 188
v -55.977001 -12.301600 15.849600 188 188 188
v -55.926201 -12.301600 16.357601 188 188 188
v -55.926201 -12.301600 16.357601 188 188 188
v -55.926201 -12.301600 15.849600 188 188 188
v -55.773800 -12.250799 15.849600 188 188 188
v -55.723003 -12.199999 15.849600 188 188 188
v -55.723003 -12.199999 16.357601 188 188 188
v -55.723003 -12.199999 16.357601 188 188 188
v -55.672199 -12.199999 15.849600 188 188 188
v -55.367405 -12.149199 15.849600 188 188 188
v -55.367405 -12.149199 16.357601 188 188 188
v -55.367405 -12.149199 16.357601 188 188 188
v -59.075802 -8.288399 16.357601 188 188 188
v -55.418201 -12.149199 16.357601 188 188 188
v -55.418201 -12.149199 16.357601 188 188 188
v -59.075802 -8.288399 16.357601 188 188 188
v -55.418201 -12.149199 16.357601 188 188 188
v -55.469002 -12.149199 16.357601 188 188 188
v -55.469002 -12.149199 16.357601 188 188 188
v -59.075802 -8.288399 16.357601 188 188 188
v -58.517002 -10.523600 16.357601 188 188 188
v -55.469002 -12.149199 16.357601 188 188 188
v -58.517002 -10.523600 16.357601 188 188 188
v -55.723003 -12.199999 16.357601 188 188 188
v -58.517002 -10.523600 16.357601 188 188 188
v -59.075802 -8.288399 16.357601 188 188 188
v -58.517002 -10.523600 15.849600 188 188 188
v -59.075802 -8.288399 16.357601 188 188 188
v -58.872601 -9.101199 15.849600 188 188 188
v -59.075802 -8.288399 16.357601 188 188 188
v -58.517002 -10.523600 15.849600 188 188 188
v -58.517002 -10.523600 16.357601 188 188 188
v -59.075802 -8.288399 16.357601 188 188 188
v -55.367405 -12.149199 16.357601 188 188 188
v -55.265800 -12.149199 16.357601 188 188 188
v -55.367405 -12.149199 16.357601 188 188 188
v -55.265800 -12.149199 16.357601 188 188 188
v -55.265800 -12.149199 15.849600 188 188 188
v -55.011799 -12.149199 15.849600 188 188 188
v -55.011799 -12.149199 16.357601 188 188 188
v -55.011799 -12.149199 15.849600 188 188 188
v -55.113400 -12.149199 16.357601 188 188 188
v -55.062603 -12.149199 15.849600 188 188 188
v -55.113400 -12.149199 16.357601 188 188 188
v -55.113400 -12.149199 15.849600 188 188 188
v -55.113400 -12.149199 16.357601 188 188 188
v -55.113400 -12.149199 15.849600 188 188 188
v -55.164200 -12.149199 16.357601 188 188 188
v -55.164200 -12.149199 15.849600 188 188 188
v -55.164200 -12.149199 16.357601 188 188 188
v -55.164200 -12.149199 16.357601 188 188 188
v -59.075802 -8.288399 16.357601 188 188 188
v -55.215004 -12.149199 16.357601 188 188 188
v -55.113400 -12.149199 16.357601 188 188 188
v -59.075802 -8.288399 16.357601 188 188 188
v -55.164200 -12.149199 16.357601 188 188 188
v -55.011799 -12.149199 16.357601 188 188 188
v -59.075802 -8.288399 16.357601 188 188 188
v -55.113400 -12.149199 16.357601 188 188 188
v -59.075802 -8.288399 16.357601 188 188 188
v -55.011799 -12.149199 16.357601 188 188 188
v -54.910202 -12.098400 16.357601 188 188 188
v -55.011799 -12.149199 16.357601 188 188 188
v -54.910202 -12.098400 16.357601 188 188 188
v -54.961002 -12.149199 16.357601 188 188 188
v -54.910202 -12.098400 15.849600 188 188 188
v -54.961002 -12.149199 16.357601 188 188 188
v -54.961002 -12.149199 15.849600 188 188 188
v -54.961002 -12.098400 15.849600 188 188 188
v -54.961002 -12.149199 16.357601 188 188 188
v -54.910202 -12.098400 16.357601 188 188 188
v -54.910202 -12.098400 15.849600 188 188 188
v -54.808601 -11.996799 15.849600 188 188 188
v -54.859398 -11.996799 15.849600 188 188 188
v -54.859398 -11.996799 16.357601 188 188 188
v -54.859398 -11.996799 16.357601 188 188 188
v -59.075802 -8.288399 16.357601 188 188 188
v -54.859398 -12.047600 16.357601 188 188 188
v -54.859398 -11.996799 15.849600 188 188 188
v -54.859398 -12.047600 16.357601 188 188 188
v -54.859398 -12.047600 16.357601 188 188 188
v -54.910202 -12.047600 15.849600 188 188 188
v -54.859398 -12.047600 15.849600 188 188 188
v -54.910202 -12.047600 15.849600 188 188 188
v -54.859398 -12.047600 16.357601 188 188 188
v -54.910202 -12.098400 16.357601 188 188 188
v -54.859398 -12.047600 16.357601 188 188 188
v -59.075802 -8.288399 16.357601 188 188 188
v -54.910202 -12.098400 16.357601 188 188 188
v -54.961002 -12.149199 15.849600 188 188 188
v -54.961002 -12.149199 16.357601 188 188 188
v -55.011799 -12.149199 16.357601 188 188 188
v -55.164200 -12.149199 15.849600 188 188 188
v -55.215004 -12.149199 16.357601 188 188 188
v -55.215004 -12.149199 15.849600 188 188 188
v -55.215004 -12.149199 15.849600 188 188 188
v -55.215004 -12.149199 16.357601 188 188 188
v -55.265800 -12.149199 16.357601 188 188 188
v -55.215004 -12.149199 16.357601 188 188 188
v -59.075802 -8.288399 16.357601 188 188 188
v -55.265800 -12.149199 16.357601 188 188 188
v -55.265800 -12.149199 15.849600 188 188 188
v -55.367405 -12.149199 16.357601 188 188 188
v -55.316601 -12.149199 15.849600 188 188 188
v -55.367405 -12.149199 15.849600 188 188 188
v -55.418201 -12.149199 16.357601 188 188 188
v -55.418201 -12.149199 15.849600 188 188 188
v -55.418201 -12.149199 15.849600 188 188 188
v -55.469002 -12.149199 16.357601 188 188 188
v -55.519798 -12.149199 15.849600 188 188 188
v -55.469002 -12.149199 15.849600 188 188 188
v -55.469002 -12.149199 16.357601 188 188 188
v -55.469002 -12.149199 16.357601 188 188 188
v -55.723003 -12.199999 16.357601 188 188 188
v -55.519798 -12.149199 15.849600 188 188 188
v -55.723003 -12.199999 16.357601 188 188 188
v -55.926201 -12.301600 16.357601 188 188 188
v -55.773800 -12.250799 15.849600 188 188 188
v -55.723003 -12.199999 16.357601 188 188 188
v -58.517002 -10.523600 16.357601 188 188 188
v -55.926201 -12.301600 16.357601 188 188 188
v -56.180199 -12.352400 15.849600 188 188 188
v -56.434200 -12.454000 16.357601 188 188 188
v -56.332600 -12.403200 15.849600 188 188 188
v -56.180199 -12.352400 15.849600 188 188 188
v -56.129402 -12.352400 15.849600 188 188 188
v -56.180199 -12.352400 16.357601 188 188 188
v -52.116199 -9.101199 15.849600 188 188 188
v -52.116199 -9.152000 15.849600 188 188 188
v -52.116199 -9.101199 16.357601 188 188 188
v -52.116199 -9.152000 16.357601 188 188 188
v -52.116199 -9.101199 15.849600 188 188 188
v -52.116199 -9.101199 16.357601 188 188 188
v -52.167000 -9.101199 16.357601 188 188 188
v -52.116199 -9.152000 16.357601 188 188 188
v -52.167000 -8.999599 15.849600 188 188 188
v -52.167000 -9.050400 16.357601 188 188 188
v -52.167000 -9.050400 15.849600 188 188 188
v -59.634605 -6.002400 16.357601 188 188 188
v -52.167000 -9.050400 16.357601 188 188 188
v -52.217804 -8.999599 16.357601 188 188 188
v -52.167000 -9.152000 16.357601 188 188 188
v -52.116199 -9.152000 16.357601 188 188 188
v -52.167000 -9.101199 16.357601 188 188 188
v -52.116199 -9.152000 16.357601 188 188 188
v -52.167000 -9.152000 16.357601 188 188 188
v -52.116199 -9.152000 15.849600 188 188 188
v -52.167000 -9.152000 15.849600 188 188 188
v -52.167000 -9.202800 16.357601 188 188 188
v -52.167000 -9.202800 15.849600 188 188 188
v -52.014599 -9.660000 16.357601 188 188 188
v -52.014599 -9.710799 15.849600 188 188 188
v -52.014599 -9.660000 15.849600 188 188 188
v -54.808601 -11.996799 15.849600 188 188 188
v -54.808601 -11.996799 16.357601 188 188 188
v -54.859398 -11.996799 16.357601 188 188 188
v -54.707005 -11.996799 15.849600 188 188 188
v -54.757801 -11.996799 16.357601 188 188 188
v -54.757801 -11.996799 15.849600 188 188 188
v -54.808601 -11.996799 16.357601 188 188 188
v -59.075802 -8.288399 16.357601 188 188 188
v -54.859398 -11.996799 16.357601 188 188 188
v -54.707005 -11.996799 16.357601 188 188 188
v -59.634605 -6.002400 16.357601 188 188 188
v -54.757801 -11.996799 16.357601 188 188 188
v -59.075802 -8.288399 15.849600 188 188 188
v -58.974205 -8.694799 15.849600 188 188 188
v -59.075802 -8.288399 16.357601 188 188 188
v -59.634605 -6.002400 15.849600 188 188 188
v -59.533001 -6.459600 15.849600 188 188 188
v -59.634605 -6.002400 16.357601 188 188 188
v -59.634605 -6.002400 15.849600 188 188 188
v -59.634605 -6.002400 16.357601 188 188 188
v -60.142605 -3.767199 16.357601 188 188 188
v -60.244202 -3.360799 15.849600 188 188 188
v -60.142605 -3.767199 16.357601 188 188 188
v -60.701401 -1.531999 16.357601 188 188 188
v -62.885799 7.510402 15.849600 188 188 188
v -62.885799 7.510402 16.357601 188 188 188
v -62.885799 7.510402 15.849600 188 188 188
v -62.936600 7.662801 16.357601 188 188 188
v -62.936600 7.662801 16.357601 188 188 188
v -62.936600 7.612000 15.849600 188 188 188
v -57.653400 12.336402 15.849600 188 188 188
v -57.653400 12.336402 16.357601 188 188 188
v -57.653400 12.336402 15.849600 188 188 188
v -57.602600 12.285601 16.357601 188 188 188
v -57.602600 12.336402 15.849600 188 188 188
v -57.602600 12.285601 16.357601 188 188 188
v -57.602600 12.285601 15.849600 188 188 188
v -57.602600 12.285601 16.357601 188 188 188
v -57.602600 12.285601 15.849600 188 188 188
v -57.551804 12.285601 16.357601 188 188 188
v -57.450199 12.234801 15.849600 188 188 188
v -57.450199 12.234801 16.357601 188 188 188
v -57.450199 12.234801 15.849600 188 188 188
v -57.399403 12.184001 16.357601 188 188 188
v -57.450199 12.184001 15.849600 188 188 188
v -57.399403 12.184001 16.357601 188 188 188
v -57.399403 12.184001 15.849600 188 188 188
v -57.399403 12.184001 16.357601 188 188 188
v -57.399403 12.184001 15.849600 188 188 188
v -56.789799 9.694800 16.357601 188 188 188
v -56.993000 10.609201 15.849600 188 188 188
v -56.789799 9.694800 16.357601 188 188 188
v -57.450199 12.234801 16.357601 188 188 188
v -56.789799 9.694800 16.357601 188 188 188
v -57.399403 12.184001 16.357601 188 188 188
v -57.551804 12.285601 16.357601 188 188 188
v -56.789799 9.694800 16.357601 188 188 188
v -57.450199 12.234801 16.357601 188 188 188
v -57.551804 12.285601 16.357601 188 188 188
v -57.450199 12.234801 16.357601 188 188 188
v -57.500999 12.285601 15.849600 188 188 188
v -57.450199 12.234801 16.357601 188 188 188
v -57.500999 12.234801 15.849600 188 188 188
v -57.551804 12.285601 15.849600 188 188 188
v -57.551804 12.285601 16.357601 188 188 188
v -57.500999 12.285601 15.849600 188 188 188
v -57.602600 12.285601 16.357601 188 188 188
v -56.789799 9.694800 16.357601 188 188 188
v -57.551804 12.285601 16.357601 188 188 188
v -56.789799 9.694800 16.357601 188 188 188
v -57.602600 12.285601 16.357601 188 188 188
v -56.789799 9.694800 16.357601 188 188 188
v -57.704197 12.285601 16.357601 188 188 188
v -57.755001 12.234801 16.357601 188 188 188
v -57.704197 12.285601 16.357601 188 188 188
v -57.755001 12.234801 15.849600 188 188 188
v -57.704197 12.285601 16.357601 188 188 188
v -63.038200 8.018401 15.849600 188 188 188
v -63.038200 8.018401 16.357601 188 188 188
v -63.038200 8.069201 16.357601 188 188 188
v -63.038200 8.018401 15.849600 188 188 188
v -58.008999 12.133202 15.849600 188 188 188
v -58.008999 12.133202 16.357601 188 188 188
v -58.008999 12.133202 15.849600 188 188 188
v -57.958199 12.133202 16.357601 188 188 188
v -57.958199 12.133202 15.849600 188 188 188
v -57.958199 12.133202 16.357601 188 188 188
v -57.958199 12.133202 16.357601 188 188 188
v -56.789799 9.694800 16.357601 188 188 188
v -57.907402 12.184001 16.357601 188 188 188
v -57.907402 12.184001 16.357601 188 188 188
v -56.789799 9.694800 16.357601 188 188 188
v -57.907402 12.184001 16.357601 188 188 188
v -57.856598 12.184001 16.357601 188 188 188
v -57.907402 12.184001 15.849600 188 188 188
v -57.856598 12.184001 16.357601 188 188 188
v -57.856598 12.184001 15.849600 188 188 188
v -57.856598 12.184001 16.357601 188 188 188
v -57.755001 12.234801 16.357601 188 188 188
v -58.008999 12.133202 16.357601 188 188 188
v -56.789799 9.694800 16.357601 188 188 188
v -57.958199 12.133202 16.357601 188 188 188
v -56.789799 9.694800 16.357601 188 188 188
v -58.008999 12.133202 16.357601 188 188 188
v -56.789799 9.694800 16.357601 188 188 188
v -58.059803 12.133202 16.357601 188 188 188
v -58.161404 12.133202 16.357601 188 188 188
v -58.059803 12.133202 16.357601 188 188 188
v -58.161404 12.133202 16.357601 188 188 188
v -58.161404 12.184001 16.357601 188 188 188
v -58.161404 12.133202 15.849600 188 188 188
v -58.161404 12.184001 16.357601 188 188 188
v -58.212204 12.082402 15.849600 188 188 188
v -58.212204 12.082402 16.357601 188 188 188
v -58.161404 12.133202 16.357601 188 188 188
v -58.212204 12.082402 15.849600 188 188 188
v -58.161404 12.133202 16.357601 188 188 188
v -58.212204 12.082402 16.357601 188 188 188
v -58.263000 12.082402 15.849600 188 188 188
v -58.263000 12.031601 15.849600 188 188 188
v -58.212204 12.082402 16.357601 188 188 188
v -58.263000 12.031601 16.357601 188 188 188
v -56.789799 9.694800 16.357601 188 188 188
v -58.212204 12.082402 16.357601 188 188 188
v -56.789799 9.694800 16.357601 188 188 188
v -58.263000 12.031601 16.357601 188 188 188
v -58.263000 12.031601 16.357601 188 188 188
v -58.313805 12.031601 16.357601 188 188 188
v -58.313805 12.031601 16.357601 188 188 188
v -58.313805 12.031601 15.849600 188 188 188
v -63.139805 8.272401 16.357601 188 188 188
v -63.089001 8.272401 15.849600 188 188 188
v -63.139805 8.272401 15.849600 188 188 188
v -63.139805 8.272401 16.357601 188 188 188
v -63.139805 8.272401 15.849600 188 188 188
v -63.139805 8.323202 16.357601 188 188 188
v -63.139805 8.323202 15.849600 188 188 188
v -63.139805 8.323202 16.357601 188 188 188
v -63.089001 8.374002 16.357601 188 188 188
v -63.139805 8.323202 15.849600 188 188 188
v -58.466206 12.031601 15.849600 188 188 188
v -58.466206 12.031601 16.357601 188 188 188
v -58.466206 12.031601 16.357601 188 188 188
v -56.789799 9.694800 16.357601 188 188 188
v -58.415401 12.031601 16.357601 188 188 188
v -58.415401 12.031601 16.357601 188 188 188
v -56.789799 9.694800 16.357601 188 188 188
v -58.364597 12.031601 16.357601 188 188 188
v -58.415401 12.031601 16.357601 188 188 188
v -58.364597 12.031601 15.849600 188 188 188
v -58.415401 12.031601 15.849600 188 188 188
v -58.364597 12.031601 16.357601 188 188 188
v -56.789799 9.694800 16.357601 188 188 188
v -58.466206 12.031601 16.357601 188 188 188
v -58.618599 12.031601 16.357601 188 188 188
v -58.466206 12.031601 16.357601 188 188 188
v -58.517002 12.082402 16.357601 188 188 188
v -58.618599 12.031601 16.357601 188 188 188
v -58.618599 12.031601 15.849600 188 188 188
v -58.618599 12.031601 16.357601 188 188 188
v -58.618599 12.031601 16.357601 188 188 188
v -58.669403 12.031601 15.849600 188 188 188
v -58.720203 12.031601 15.849600 188 188 188
v -58.771000 11.980802 16.357601 188 188 188
v -58.771000 11.980802 15.849600 188 188 188
v -58.872601 11.980802 15.849600 188 188 188
v -58.771000 11.980802 16.357601 188 188 188
v -58.872601 11.980802 16.357601 188 188 188
v -56.789799 9.694800 16.357601 188 188 188
v -58.771000 11.980802 16.357601 188 188 188
v -56.789799 9.694800 16.357601 188 188 188
v -58.872601 11.980802 16.357601 188 188 188
v -58.974205 11.930001 16.357601 188 188 188
v -58.872601 11.980802 16.357601 188 188 188
v -58.974205 11.930001 15.849600 188 188 188
v -58.872601 11.980802 16.357601 188 188 188
v -59.177402 11.828401 15.849600 188 188 188
v -59.228203 11.828401 16.357601 188 188 188
v -58.974205 11.930001 16.357601 188 188 188
v -59.228203 11.828401 15.849600 188 188 188
v -59.228203 11.828401 16.357601 188 188 188
v -59.278999 11.828401 15.849600 188 188 188
v -59.228203 11.828401 16.357601 188 188 188
v -59.228203 11.828401 16.357601 188 188 188
v -59.329803 11.777601 15.849600 188 188 188
v -59.431400 11.726802 15.849600 188 188 188
v -59.482204 11.726802 16.357601 188 188 188
v -59.482204 11.726802 15.849600 188 188 188
v -59.482204 11.777601 15.849600 188 188 188
v -59.482204 11.726802 16.357601 188 188 188
v -59.482204 11.777601 16.357601 188 188 188
v -59.482204 11.726802 16.357601 188 188 188
v -59.482204 11.726802 16.357601 188 188 188
v -59.533001 11.777601 16.357601 188 188 188
v -59.685402 11.777601 16.357601 188 188 188
v -59.533001 11.777601 16.357601 188 188 188
v -59.685402 11.777601 16.357601 188 188 188
v -59.533001 11.828401 16.357601 188 188 188
v -59.634605 11.777601 15.849600 188 188 188
v -59.533001 11.828401 16.357601 188 188 188
v -59.685402 11.777601 16.357601 188 188 188
v -59.685402 11.777601 16.357601 188 188 188
v -59.736202 11.726802 15.849600 188 188 188
v -60.041000 11.625201 15.849600 188 188 188
v -59.685402 11.777601 16.357601 188 188 188
v -60.091801 11.625201 16.357601 188 188 188
v -59.685402 11.777601 16.357601 188 188 188
v -56.180199 7.205601 16.357601 188 188 188
v -60.091801 11.625201 16.357601 188 188 188
v -60.244202 11.574401 16.357601 188 188 188
v -60.091801 11.625201 16.357601 188 188 188
v -60.244202 11.574401 15.849600 188 188 188
v -60.091801 11.625201 16.357601 188 188 188
v -60.650604 11.422001 15.849600 188 188 188
v -60.650604 11.422001 16.357601 188 188 188
v -60.599800 11.422001 15.849600 188 188 188
v -60.650604 11.422001 16.357601 188 188 188
v -60.244202 11.574401 16.357601 188 188 188
v -60.599800 11.422001 15.849600 188 188 188
v -60.244202 11.574401 16.357601 188 188 188
v -60.345802 11.523602 15.849600 188 188 188
v -60.244202 11.574401 16.357601 188 188 188
v -60.650604 11.422001 16.357601 188 188 188
v -60.701401 11.422001 15.849600 188 188 188
v -60.701401 11.422001 15.849600 188 188 188
v -60.701401 11.422001 16.357601 188 188 188
v -60.701401 11.422001 16.357601 188 188 188
v -60.701401 11.472800 16.357601 188 188 188
v -61.057003 11.371202 16.357601 188 188 188
v -60.701401 11.472800 16.357601 188 188 188
v -61.057003 11.371202 16.357601 188 188 188
v -60.752201 11.472800 16.357601 188 188 188
v -61.006203 11.422001 15.849600 188 188 188
v -60.752201 11.472800 16.357601 188 188 188
v -61.666603 11.218801 15.849600 188 188 188
v -61.717403 11.218801 16.357601 188 188 188
v -61.666603 11.218801 15.849600 188 188 188
v -61.361801 11.320401 16.357601 188 188 188
v -61.463398 11.269602 15.849600 188 188 188
v -61.361801 11.320401 16.357601 188 188 188
v -61.412601 11.269602 15.849600 188 188 188
v -61.361801 11.320401 16.357601 188 188 188
v -61.361801 11.320401 15.849600 188 188 188
v -61.361801 11.320401 16.357601 188 188 188
v -61.057003 11.371202 16.357601 188 188 188
v -61.361801 11.320401 15.849600 188 188 188
v -61.057003 11.371202 16.357601 188 188 188
v -61.158604 11.371202 15.849600 188 188 188
v -61.057003 11.371202 16.357601 188 188 188
v -61.107800 11.371202 15.849600 188 188 188
v -61.057003 11.371202 16.357601 188 188 188
v -61.361801 11.320401 16.357601 188 188 188
v -56.180199 7.205601 16.357601 188 188 188
v -61.057003 11.371202 16.357601 188 188 188
v -61.057003 11.371202 16.357601 188 188 188
v -56.180199 7.205601 16.357601 188 188 188
v -60.650604 11.422001 16.357601 188 188 188
v -61.717403 11.218801 16.357601 188 188 188
v -56.180199 7.205601 16.357601 188 188 188
v -61.361801 11.320401 16.357601 188 188 188
v -56.180199 7.205601 16.357601 188 188 188
v -61.717403 11.218801 16.357601 188 188 188
v -62.022202 11.117201 16.357601 188 188 188
v -61.717403 11.218801 16.357601 188 188 188
v -61.971405 11.117201 15.849600 188 188 188
v -61.717403 11.218801 16.357601 188 188 188
v -63.495403 9.847202 15.849600 188 188 188
v -63.495403 9.898002 16.357601 188 188 188
v -56.180199 7.205601 16.357601 188 188 188
v -63.495403 9.898002 16.357601 188 188 188
v -63.495403 9.847202 16.357601 188 188 188
v -56.180199 7.205601 16.357601 188 188 188
v -63.495403 9.847202 16.357601 188 188 188
v -56.180199 7.205601 16.357601 188 188 188
v -63.444599 9.796401 16.357601 188 188 188
v -63.495403 9.745602 16.357601 188 188 188
v -63.444599 9.796401 16.357601 188 188 188
v -63.495403 9.745602 15.849600 188 188 188
v -63.444599 9.796401 16.357601 188 188 188
v -63.495403 9.694800 15.849600 188 188 188
v -63.495403 9.644002 16.357601 188 188 188
v -63.495403 9.745602 16.357601 188 188 188
v -63.495403 9.694800 15.849600 188 188 188
v -63.495403 9.694800 16.357601 188 188 188
v -63.495403 9.644002 16.357601 188 188 188
v -63.495403 9.694800 16.357601 188 188 188
v -56.180199 7.205601 16.357601 188 188 188
v -63.495403 9.694800 16.357601 188 188 188
v -63.444599 9.593201 16.357601 188 188 188
v -56.180199 7.205601 16.357601 188 188 188
v -63.444599 9.593201 16.357601 188 188 188
v -56.180199 7.205601 16.357601 188 188 188
v -63.393803 9.542401 16.357601 188 188 188
v -56.180199 7.205601 16.357601 188 188 188
v -63.393803 9.491600 16.357601 188 188 188
v -56.180199 7.205601 16.357601 188 188 188
v -63.393803 9.440801 16.357601 188 188 188
v -63.393803 9.390001 16.357601 188 188 188
v -63.393803 9.440801 16.357601 188 188 188
v -63.393803 9.390001 15.849600 188 188 188
v -63.393803 9.440801 16.357601 188 188 188
v -63.393803 9.237600 15.849600 188 188 188
v -63.343002 9.237600 16.357601 188 188 188
v -63.393803 9.288402 16.357601 188 188 188
v -63.343002 9.237600 16.357601 188 188 188
v -63.393803 9.288402 16.357601 188 188 188
v -63.393803 9.339201 16.357601 188 188 188
v -63.393803 9.288402 15.849600 188 188 188
v -63.393803 9.339201 16.357601 188 188 188
v -63.393803 9.339201 15.849600 188 188 188
v -63.393803 9.339201 16.357601 188 188 188
v -63.393803 9.390001 16.357601 188 188 188
v -56.180199 7.205601 16.357601 188 188 188
v -63.393803 9.339201 16.357601 188 188 188
v -63.343002 9.237600 16.357601 188 188 188
v -56.180199 7.205601 16.357601 188 188 188
v -63.343002 9.237600 16.357601 188 188 188
v -56.180199 7.205601 16.357601 188 188 188
v -63.343002 9.186801 16.357601 188 188 188
v -56.180199 7.205601 16.357601 188 188 188
v -63.292198 9.136001 16.357601 188 188 188
v -56.180199 7.205601 16.357601 188 188 188
v -63.292198 9.085201 16.357601 188 188 188
v -63.292198 9.034402 16.357601 188 188 188
v -63.292198 9.085201 16.357601 188 188 188
v -63.292198 9.034402 15.849600 188 188 188
v -63.292198 9.085201 16.357601 188 188 188
v -63.292198 8.831202 16.357601 188 188 188
v -63.292198 8.780400 15.849600 188 188 188
v -63.292198 8.831202 16.357601 188 188 188
v -63.241402 8.780400 15.849600 188 188 188
v -63.190601 8.678802 15.849600 188 188 188
v -63.190601 8.678802 16.357601 188 188 188
v -56.180199 7.205601 16.357601 188 188 188
v -63.241402 8.729601 16.357601 188 188 188
v -63.190601 8.678802 16.357601 188 188 188
v -56.180199 7.205601 16.357601 188 188 188
v -63.190601 8.678802 16.357601 188 188 188
v -56.180199 7.205601 16.357601 188 188 188
v -63.190601 8.577202 16.357601 188 188 188
v -56.180199 7.205601 16.357601 188 188 188
v -63.089001 8.475601 16.357601 188 188 188
v -63.089001 8.374002 16.357601 188 188 188
v -63.089001 8.475601 16.357601 188 188 188
v -63.190601 8.577202 16.357601 188 188 188
v -63.139805 8.475601 15.849600 188 188 188
v -63.190601 8.577202 16.357601 188 188 188
v -63.089001 8.475601 16.357601 188 188 188
v -63.089001 8.374002 15.849600 188 188 188
v -63.089001 8.475601 16.357601 188 188 188
v -63.089001 8.424801 15.849600 188 188 188
v -63.089001 8.475601 15.849600 188 188 188
v -63.089001 8.475601 16.357601 188 188 188
v -63.139805 8.475601 15.849600 188 188 188
v -63.190601 8.577202 15.849600 188 188 188
v -63.190601 8.577202 16.357601 188 188 188
v -63.190601 8.678802 16.357601 188 188 188
v -56.180199 7.205601 16.357601 188 188 188
v -63.292198 8.831202 16.357601 188 188 188
v -63.241402 8.729601 16.357601 188 188 188
v -56.180199 7.205601 16.357601 188 188 188
v -63.292198 8.831202 16.357601 188 188 188
v -56.180199 7.205601 16.357601 188 188 188
v -63.292198 8.882001 16.357601 188 188 188
v -63.292198 8.882001 16.357601 188 188 188
v -63.343002 8.932801 16.357601 188 188 188
v -63.343002 8.932801 16.357601 188 188 188
v -56.180199 7.205601 16.357601 188 188 188
v -63.343002 8.932801 16.357601 188 188 188
v -63.292198 8.983601 16.357601 188 188 188
v -63.343002 8.932801 15.849600 188 188 188
v -63.292198 8.983601 16.357601 188 188 188
v -63.292198 8.983601 15.849600 188 188 188
v -63.292198 8.983601 16.357601 188 188 188
v -63.292198 9.034402 16.357601 188 188 188
v -63.190601 8.577202 15.849600 188 188 188
v -63.190601 8.678802 16.357601 188 188 188
v -63.190601 8.628001 15.849600 188 188 188
v -59.533001 11.777601 16.357601 188 188 188
v -63.190601 8.678802 15.849600 188 188 188
v -63.241402 8.729601 16.357601 188 188 188
v -63.241402 8.729601 15.849600 188 188 188
v -63.241402 8.729601 15.849600 188 188 188
v -63.241402 8.729601 16.357601 188 188 188
v -63.292198 8.831202 16.357601 188 188 188
v -63.292198 8.831202 15.849600 188 188 188
v -63.292198 8.831202 16.357601 188 188 188
v -63.292198 8.882001 16.357601 188 188 188
v -63.292198 8.831202 15.849600 188 188 188
v -63.292198 8.882001 16.357601 188 188 188
v -63.292198 8.882001 15.849600 188 188 188
v -63.292198 8.882001 15.849600 188 188 188
v -63.343002 8.932801 16.357601 188 188 188
v -63.343002 8.932801 15.849600 188 188 188
v -60.091801 11.625201 16.357601 188 188 188
v -63.292198 9.136001 16.357601 188 188 188
v -63.292198 9.085201 15.849600 188 188 188
v -63.292198 9.136001 16.357601 188 188 188
v -63.292198 9.136001 15.849600 188 188 188
v -63.292198 9.186801 15.849600 188 188 188
v -63.343002 9.186801 16.357601 188 188 188
v -63.292198 8.983601 15.849600 188 188 188
v -63.292198 9.034402 16.357601 188 188 188
v -63.292198 9.034402 15.849600 188 188 188
v -63.292198 8.983601 16.357601 188 188 188
v -56.180199 7.205601 16.357601 188 188 188
v -63.292198 9.034402 16.357601 188 188 188
v -63.292198 9.085201 15.849600 188 188 188
v -63.292198 9.085201 16.357601 188 188 188
v -63.292198 9.136001 16.357601 188 188 188
v -63.292198 9.186801 15.849600 188 188 188
v -63.292198 9.136001 16.357601 188 188 188
v -63.343002 9.186801 16.357601 188 188 188
v -63.343002 9.186801 15.849600 188 188 188
v -63.343002 9.186801 16.357601 188 188 188
v -63.343002 9.237600 16.357601 188 188 188
v -63.343002 9.186801 15.849600 188 188 188
v -63.343002 9.237600 16.357601 188 188 188
v -63.343002 9.237600 15.849600 188 188 188
v -63.393803 9.237600 15.849600 188 188 188
v -63.393803 9.288402 16.357601 188 188 188
v -63.393803 9.288402 15.849600 188 188 188
v -60.701401 11.472800 16.357601 188 188 188
v -63.444599 9.593201 16.357601 188 188 188
v -63.393803 9.542401 16.357601 188 188 188
v -63.393803 9.542401 15.849600 188 188 188
v -63.393803 9.440801 15.849600 188 188 188
v -63.393803 9.491600 16.357601 188 188 188
v -63.393803 9.491600 15.849600 188 188 188
v -63.393803 9.390001 15.849600 188 188 188
v -63.393803 9.339201 15.849600 188 188 188
v -63.393803 9.390001 16.357601 188 188 188
v -63.393803 9.339201 16.357601 188 188 188
v -56.180199 7.205601 16.357601 188 188 188
v -63.393803 9.390001 16.357601 188 188 188
v -63.393803 9.440801 15.849600 188 188 188
v -63.393803 9.440801 16.357601 188 188 188
v -63.393803 9.491600 16.357601 188 188 188
v -63.393803 9.491600 15.849600 188 188 188
v -63.393803 9.491600 16.357601 188 188 188
v -63.393803 9.542401 16.357601 188 188 188
v -63.393803 9.542401 15.849600 188 188 188
v -63.393803 9.542401 16.357601 188 188 188
v -63.444599 9.593201 16.357601 188 188 188
v -63.444599 9.593201 15.849600 188 188 188
v -63.444599 9.593201 16.357601 188 188 188
v -63.495403 9.644002 16.357601 188 188 188
v -63.444599 9.593201 15.849600 188 188 188
v -63.495403 9.644002 16.357601 188 188 188
v -63.495403 9.644002 15.849600 188 188 188
v -63.495403 9.745602 16.357601 188 188 188
v -63.495403 9.745602 15.849600 188 188 188
v -63.495403 9.694800 15.849600 188 188 188
v -63.495403 9.694800 16.357601 188 188 188
v -56.180199 7.205601 16.357601 188 188 188
v -63.495403 9.745602 16.357601 188 188 188
v -63.444599 9.796401 15.849600 188 188 188
v -63.444599 9.796401 16.357601 188 188 188
v -63.495403 9.847202 16.357601 188 188 188
v -56.180199 7.205601 16.357601 188 188 188
v -63.495403 9.898002 16.357601 188 188 188
v -63.546200 10.050401 16.357601 188 188 188
v -63.495403 9.898002 16.357601 188 188 188
v -63.495403 9.898002 16.357601 188 188 188
v -63.546200 9.999601 16.357601 188 188 188
v -63.546200 9.948801 16.357601 188 188 188
v -63.546200 9.999601 16.357601 188 188 188
v -63.546200 9.999601 16.357601 188 188 188
v -63.597000 9.999601 16.357601 188 188 188
v -63.597000 9.999601 16.357601 188 188 188
v -63.546200 9.999601 15.849600 188 188 188
v -62.022202 11.117201 16.357601 188 188 188
v -62.327003 10.964801 15.849600 188 188 188
v -62.327003 10.964801 16.357601 188 188 188
v -62.327003 10.964801 15.849600 188 188 188
v -62.022202 11.117201 16.357601 188 188 188
v -62.123798 11.066401 15.849600 188 188 188
v -62.022202 11.117201 16.357601 188 188 188
v -62.073002 11.066401 15.849600 188 188 188
v -62.022202 11.117201 16.357601 188 188 188
v -62.327003 10.964801 16.357601 188 188 188
v -62.428600 10.964801 15.849600 188 188 188
v -62.631798 10.914001 15.849600 188 188 188
v -62.327003 10.964801 16.357601 188 188 188
v -62.682602 10.863201 16.357601 188 188 188
v -56.180199 7.205601 16.357601 188 188 188
v -62.327003 10.964801 16.357601 188 188 188
v -56.180199 7.205601 16.357601 188 188 188
v -62.682602 10.863201 16.357601 188 188 188
v -63.038200 10.761600 16.357601 188 188 188
v -62.682602 10.863201 16.357601 188 188 188
v -63.038200 10.761600 15.849600 188 188 188
v -62.682602 10.863201 16.357601 188 188 188
v -63.038200 10.761600 16.357601 188 188 188
v -63.038200 10.761600 16.357601 188 188 188
v -63.139805 10.710801 15.849600 188 188 188
v -63.393803 10.660001 15.849600 188 188 188
v -63.038200 10.761600 16.357601 188 188 188
v -63.393803 10.660001 15.849600 188 188 188
v -63.393803 10.660001 16.357601 188 188 188
v -63.393803 10.660001 16.357601 188 188 188
v -63.393803 10.710801 15.849600 188 188 188
v -63.597000 10.304400 15.849600 188 188 188
v -63.597000 10.253601 16.357601 188 188 188
v -56.180199 7.205601 16.357601 188 188 188
v -63.597000 10.355202 16.357601 188 188 188
v -63.597000 10.253601 16.357601 188 188 188
v -56.180199 7.205601 16.357601 188 188 188
v -63.597000 10.253601 16.357601 188 188 188
v -56.180199 7.205601 16.357601 188 188 188
v -63.546200 10.202802 16.357601 188 188 188
v -56.180199 7.205601 16.357601 188 188 188
v -63.495403 10.101202 16.357601 188 188 188
v -63.495403 10.050401 16.357601 188 188 188
v -63.495403 10.101202 16.357601 188 188 188
v -63.495403 10.050401 15.849600 188 188 188
v -63.495403 10.101202 16.357601 188 188 188
v -62.682602 10.863201 16.357601 188 188 188
v -63.546200 10.202802 16.357601 188 188 188
v -63.495403 10.101202 15.849600 188 188 188
v -63.546200 10.202802 16.357601 188 188 188
v -63.546200 10.152001 15.849600 188 188 188
v -63.495403 10.050401 16.357601 188 188 188
v -63.495403 10.050401 15.849600 188 188 188
v -63.546200 10.050401 15.849600 188 188 188
v -63.546200 10.050401 16.357601 188 188 188
v -63.495403 10.050401 16.357601 188 188 188
v -63.495403 10.101202 15.849600 188 188 188
v -63.495403 10.101202 16.357601 188 188 188
v -63.546200 10.202802 16.357601 188 188 188
v -63.546200 10.202802 15.849600 188 188 188
v -63.546200 10.202802 16.357601 188 188 188
v -63.597000 10.253601 16.357601 188 188 188
v -56.180199 7.205601 16.357601 188 188 188
v -63.597000 10.355202 16.357601 188 188 188
v -63.597000 10.355202 16.357601 188 188 188
v -63.597000 10.456801 16.357601 188 188 188
v -63.597000 10.456801 16.357601 188 188 188
v -56.180199 7.205601 16.357601 188 188 188
v -63.597000 10.456801 16.357601 188 188 188
v -63.597000 10.507601 16.357601 188 188 188
v -63.597000 10.456801 15.849600 188 188 188
v -63.597000 10.507601 16.357601 188 188 188
v -63.597000 10.507601 15.849600 188 188 188
v -63.597000 10.507601 16.357601 188 188 188
v -63.597000 10.507601 15.849600 188 188 188
v -63.597000 10.609201 16.357601 188 188 188
v -63.597000 10.609201 16.357601 188 188 188
v -63.597000 10.558402 15.849600 188 188 188
v -63.444599 10.710801 16.357601 188 188 188
v -63.546200 10.660001 15.849600 188 188 188
v -63.546200 10.660001 16.357601 188 188 188
v -63.393803 10.660001 16.357601 188 188 188
v -63.444599 10.710801 16.357601 188 188 188
v -63.597000 10.609201 16.357601 188 188 188
v -63.393803 10.660001 16.357601 188 188 188
v -63.546200 10.660001 16.357601 188 188 188
v -63.597000 10.609201 16.357601 188 188 188
v -63.546200 10.660001 16.357601 188 188 188
v -63.444599 10.710801 15.849600 188 188 188
v -63.495403 10.710801 15.849600 188 188 188
v -63.444599 10.710801 16.357601 188 188 188
v -63.546200 10.609201 15.849600 188 188 188
v -63.546200 10.660001 16.357601 188 188 188
v -63.546200 10.660001 15.849600 188 188 188
v -63.597000 10.609201 15.849600 188 188 188
v -63.597000 10.609201 16.357601 188 188 188
v -63.546200 10.609201 15.849600 188 188 188
v -63.597000 10.507601 16.357601 188 188 188
v -63.393803 10.660001 16.357601 188 188 188
v -63.597000 10.609201 16.357601 188 188 188
v -63.597000 10.456801 16.357601 188 188 188
v -63.597000 10.456801 15.849600 188 188 188
v -63.597000 10.507601 16.357601 188 188 188
v -56.180199 7.205601 16.357601 188 188 188
v -63.393803 10.660001 16.357601 188 188 188
v -63.546200 10.202802 15.849600 188 188 188
v -63.597000 10.253601 16.357601 188 188 188
v -63.597000 10.253601 15.849600 188 188 188
v -63.597000 10.304400 15.849600 188 188 188
v -63.597000 10.355202 16.357601 188 188 188
v -63.597000 10.355202 15.849600 188 188 188
v -63.597000 10.355202 15.849600 188 188 188
v -63.597000 10.456801 16.357601 188 188 188
v -63.597000 10.406001 15.849600 188 188 188
v -63.444599 10.710801 16.357601 188 188 188
v -63.393803 10.660001 16.357601 188 188 188
v -63.444599 10.710801 15.849600 188 188 188
v -62.835003 10.812402 15.849600 188 188 188
v -62.682602 10.863201 16.357601 188 188 188
v -62.733402 10.863201 15.849600 188 188 188
v -63.038200 10.761600 15.849600 188 188 188
v -63.089001 10.761600 15.849600 188 188 188
v -63.038200 10.761600 16.357601 188 188 188
v -63.393803 10.660001 16.357601 188 188 188
v -56.180199 7.205601 16.357601 188 188 188
v -63.038200 10.761600 16.357601 188 188 188
v -62.631798 10.914001 15.849600 188 188 188
v -62.682602 10.863201 15.849600 188 188 188
v -62.682602 10.863201 16.357601 188 188 188
v -63.597000 9.999601 16.357601 188 188 188
v -63.597000 9.999601 15.849600 188 188 188
v -63.546200 9.999601 15.849600 188 188 188
v -63.546200 9.999601 16.357601 188 188 188
v -63.546200 10.050401 15.849600 188 188 188
v -63.546200 9.948801 15.849600 188 188 188
v -63.546200 9.948801 16.357601 188 188 188
v -63.597000 9.999601 16.357601 188 188 188
v -63.495403 9.898002 15.849600 188 188 188
v -63.546200 9.948801 16.357601 188 188 188
v -63.546200 9.948801 15.849600 188 188 188
v -63.546200 10.050401 16.357601 188 188 188
v -63.546200 10.050401 15.849600 188 188 188
v -63.546200 9.999601 16.357601 188 188 188
v -63.546200 10.050401 16.357601 188 188 188
v -56.180199 7.205601 16.357601 188 188 188
v -63.495403 10.050401 16.357601 188 188 188
v -63.444599 9.796401 15.849600 188 188 188
v -63.495403 9.847202 16.357601 188 188 188
v -63.495403 9.847202 15.849600 188 188 188
v -63.495403 9.898002 15.849600 188 188 188
v -63.495403 9.898002 16.357601 188 188 188
v -63.546200 9.948801 16.357601 188 188 188
v -62.022202 11.117201 15.849600 188 188 188
v -62.022202 11.117201 16.357601 188 188 188
v -61.971405 11.117201 15.849600 188 188 188
v -62.327003 10.964801 16.357601 188 188 188
v -56.180199 7.205601 16.357601 188 188 188
v -62.022202 11.117201 16.357601 188 188 188
v -61.717403 11.218801 15.849600 188 188 188
v -61.768200 11.168001 15.849600 188 188 188
v -61.717403 11.218801 16.357601 188 188 188
v -60.752201 11.472800 15.849600 188 188 188
v -60.803005 11.472800 15.849600 188 188 188
v -60.752201 11.472800 16.357601 188 188 188
v -61.006203 11.422001 15.849600 188 188 188
v -61.057003 11.371202 15.849600 188 188 188
v -61.057003 11.371202 16.357601 188 188 188
v -60.752201 11.472800 16.357601 188 188 188
v -60.701401 11.472800 16.357601 188 188 188
v -60.752201 11.472800 15.849600 188 188 188
v -60.701401 11.472800 15.849600 188 188 188
v -60.701401 11.472800 16.357601 188 188 188
v -60.701401 11.422001 15.849600 188 188 188
v -61.057003 11.371202 16.357601 188 188 188
v -60.650604 11.422001 16.357601 188 188 188
v -60.701401 11.422001 16.357601 188 188 188
v -60.142605 11.625201 15.849600 188 188 188
v -60.142605 11.574401 15.849600 188 188 188
v -60.091801 11.625201 16.357601 188 188 188
v -60.294998 11.574401 15.849600 188 188 188
v -60.244202 11.574401 16.357601 188 188 188
v -60.244202 11.574401 15.849600 188 188 188
v -60.650604 11.422001 16.357601 188 188 188
v -56.180199 7.205601 16.357601 188 188 188
v -60.244202 11.574401 16.357601 188 188 188
v -60.041000 11.625201 15.849600 188 188 188
v -60.091801 11.625201 15.849600 188 188 188
v -60.091801 11.625201 16.357601 188 188 188
v -59.533001 11.828401 15.849600 188 188 188
v -59.583801 11.828401 15.849600 188 188 188
v -59.533001 11.828401 16.357601 188 188 188
v -59.685402 11.777601 15.849600 188 188 188
v -59.685402 11.777601 16.357601 188 188 188
v -59.634605 11.777601 15.849600 188 188 188
v -59.533001 11.828401 16.357601 188 188 188
v -59.533001 11.777601 16.357601 188 188 188
v -59.533001 11.828401 15.849600 188 188 188
v -59.685402 11.777601 16.357601 188 188 188
v -56.180199 7.205601 16.357601 188 188 188
v -59.482204 11.726802 16.357601 188 188 188
v -59.482204 11.726802 16.357601 188 188 188
v -56.180199 7.205601 16.357601 188 188 188
v -56.789799 9.694800 16.357601 188 188 188
v -59.482204 11.726802 16.357601 188 188 188
v -56.789799 9.694800 16.357601 188 188 188
v -59.228203 11.828401 16.357601 188 188 188
v -56.789799 9.694800 16.357601 188 188 188
v -56.180199 7.205601 16.357601 188 188 188
v -56.688198 9.288402 15.849600 188 188 188
v -56.180199 7.205601 16.357601 188 188 188
v -56.180199 7.205601 16.357601 188 188 188
v -56.180199 7.205601 15.849600 188 188 188
v -56.180199 7.205601 16.357601 188 188 188
v -56.027798 6.748401 15.849600 188 188 188
v -56.180199 7.205601 16.357601 188 188 188
v -56.027798 6.748401 15.849600 188 188 188
v -55.570602 4.767201 16.357601 188 188 188
v -54.961002 2.278001 16.357601 188 188 188
v -54.961002 2.278001 16.357601 188 188 188
v -55.164200 3.192401 15.849600 188 188 188
v -55.570602 4.767201 15.849600 188 188 188
v -55.570602 4.767201 16.357601 188 188 188
v -54.961002 2.278001 16.357601 188 188 188
v -54.961002 2.278001 16.357601 188 188 188
v -55.570602 4.767201 16.357601 188 188 188
v -55.570602 4.767201 16.357601 188 188 188
v -61.819004 2.989201 16.357601 188 188 188
v -61.819004 2.989201 16.357601 188 188 188
v -62.377800 5.224401 16.357601 188 188 188
v -61.869801 3.192401 15.849600 188 188 188
v -62.377800 5.224401 16.357601 188 188 188
v -61.819004 2.989201 16.357601 188 188 188
v -61.717403 2.582802 15.849600 188 188 188
v -61.819004 2.989201 16.357601 188 188 188
v -61.819004 2.989201 16.357601 188 188 188
v -61.615799 2.176401 15.849600 188 188 188
v -61.260201 0.703200 15.849600 188 188 188
v -61.260201 0.703200 16.357601 188 188 188
v -61.819004 2.989201 16.357601 188 188 188
v -62.682602 6.443600 15.849600 188 188 188
v -62.682602 6.443600 16.357601 188 188 188
v -62.682602 6.443600 15.849600 188 188 188
v -62.682602 6.494401 16.357601 188 188 188
v -62.835003 7.358001 16.357601 188 188 188
v -62.835003 7.307201 15.849600 188 188 188
v -62.784199 7.205601 15.849600 188 188 188
v -62.784199 7.205601 16.357601 188 188 188
v -62.784199 7.154802 15.849600 188 188 188
v -62.733402 7.053202 15.849600 188 188 188
v -62.784199 7.205601 16.357601 188 188 188
v -56.180199 7.205601 16.357601 188 188 188
v -62.784199 7.205601 16.357601 188 188 188
v -62.733402 7.053202 16.357601 188 188 188
v -56.180199 7.205601 16.357601 188 188 188
v -62.733402 7.053202 16.357601 188 188 188
v -56.180199 7.205601 16.357601 188 188 188
v -62.682602 6.850001 16.357601 188 188 188
v -56.180199 7.205601 16.357601 188 188 188
v -62.631798 6.697602 16.357601 188 188 188
v -62.682602 6.646801 16.357601 188 188 188
v -62.631798 6.697602 16.357601 188 188 188
v -62.682602 6.646801 15.849600 188 188 188
v -62.631798 6.697602 16.357601 188 188 188
v -62.682602 6.646801 16.357601 188 188 188
v -62.682602 6.646801 15.849600 188 188 188
v -62.682602 6.596002 15.849600 188 188 188
v -62.682602 6.646801 16.357601 188 188 188
v -62.682602 6.596002 16.357601 188 188 188
v -62.682602 6.596002 15.849600 188 188 188
v -62.733402 6.545200 15.849600 188 188 188
v -62.682602 6.596002 16.357601 188 188 188
v -62.733402 6.545200 16.357601 188 188 188
v -56.180199 7.205601 16.357601 188 188 188
v -62.682602 6.596002 16.357601 188 188 188
v -56.180199 7.205601 16.357601 188 188 188
v -62.733402 6.545200 16.357601 188 188 188
v -62.682602 6.494401 16.357601 188 188 188
v -62.682602 6.494401 15.849600 188 188 188
v -62.733402 6.545200 16.357601 188 188 188
v -62.733402 6.545200 15.849600 188 188 188
v -62.682602 6.596002 16.357601 188 188 188
v -56.180199 7.205601 16.357601 188 188 188
v -62.682602 6.646801 16.357601 188 188 188
v -62.631798 6.697602 15.849600 188 188 188
v -62.631798 6.697602 16.357601 188 188 188
v -62.682602 6.850001 16.357601 188 188 188
v -62.631798 6.697602 15.849600 188 188 188
v -62.682602 6.850001 16.357601 188 188 188
v -62.682602 6.799201 15.849600 188 188 188
v -62.682602 6.850001 16.357601 188 188 188
v -62.682602 6.850001 15.849600 188 188 188
v -62.682602 6.850001 16.357601 188 188 188
v -62.733402 7.053202 16.357601 188 188 188
v -62.682602 6.850001 15.849600 188 188 188
v -62.733402 7.053202 16.357601 188 188 188
v -62.733402 7.053202 16.357601 188 188 188
v -62.733402 6.951602 15.849600 188 188 188
v -56.180199 7.205601 16.357601 188 188 188
v -62.835003 7.358001 16.357601 188 188 188
v -62.784199 7.205601 16.357601 188 188 188
v -56.180199 7.205601 16.357601 188 188 188
v -62.885799 7.510402 16.357601 188 188 188
v -62.835003 7.358001 16.357601 188 188 188
v -62.733402 7.053202 16.357601 188 188 188
v -62.733402 7.053202 15.849600 188 188 188
v -62.733402 7.002401 15.849600 188 188 188
v -62.784199 7.205601 15.849600 188 188 188
v -62.784199 7.205601 16.357601 188 188 188
v -62.835003 7.358001 16.357601 188 188 188
v -62.835003 7.358001 15.849600 188 188 188
v -62.835003 7.358001 16.357601 188 188 188
v -62.885799 7.510402 16.357601 188 188 188
v -62.682602 6.494401 15.849600 188 188 188
v -62.682602 6.494401 16.357601 188 188 188
v -62.733402 6.545200 16.357601 188 188 188
v -56.180199 7.205601 16.357601 188 188 188
v -62.682602 6.494401 16.357601 188 188 188
v -62.682602 6.443600 16.357601 188 188 188
v -56.180199 7.205601 16.357601 188 188 188
v -62.682602 6.443600 16.357601 188 188 188
v -56.180199 7.205601 16.357601 188 188 188
v -62.631798 6.392801 16.357601 188 188 188
v -56.180199 7.205601 16.357601 188 188 188
v -62.581001 6.342001 16.357601 188 188 188
v -62.581001 6.342001 16.357601 188 188 188
v -62.581001 5.935601 16.357601 188 188 188
v -62.581001 5.935601 16.357601 188 188 188
v -62.581001 5.986402 15.849600 188 188 188
v -62.581001 5.935601 16.357601 188 188 188
v -62.581001 5.935601 15.849600 188 188 188
v -62.530201 5.884801 15.849600 188 188 188
v -62.581001 5.935601 16.357601 188 188 188
v -62.530201 5.884801 16.357601 188 188 188
v -62.530201 5.884801 15.849600 188 188 188
v -62.479404 5.834001 15.849600 188 188 188
v -62.479404 5.783201 15.849600 188 188 188
v -62.479404 5.834001 16.357601 188 188 188
v -56.180199 7.205601 16.357601 188 188 188
v -62.479404 5.834001 16.357601 188 188 188
v -62.479404 5.783201 16.357601 188 188 188
v -56.180199 7.205601 16.357601 188 188 188
v -62.479404 5.783201 16.357601 188 188 188
v -56.180199 7.205601 16.357601 188 188 188
v -62.479404 5.732400 16.357601 188 188 188
v -56.180199 7.205601 16.357601 188 188 188
v -62.428600 5.732400 16.357601 188 188 188
v -62.428600 5.681601 16.357601 188 188 188
v -62.428600 5.732400 16.357601 188 188 188
v -62.428600 5.732400 16.357601 188 188 188
v -62.428600 5.681601 15.849600 188 188 188
v -62.428600 5.732400 15.849600 188 188 188
v -62.479404 5.732400 16.357601 188 188 188
v -62.479404 5.732400 15.849600 188 188 188
v -62.479404 5.732400 16.357601 188 188 188
v -62.479404 5.783201 15.849600 188 188 188
v -62.428600 5.681601 16.357601 188 188 188
v -62.428600 5.681601 15.849600 188 188 188
v -62.428600 5.681601 16.357601 188 188 188
v -62.479404 5.630802 15.849600 188 188 188
v -62.479404 5.630802 16.357601 188 188 188
v -62.479404 5.630802 15.849600 188 188 188
v -62.428600 5.529202 16.357601 188 188 188
v -62.428600 5.478401 15.849600 188 188 188
v -56.180199 7.205601 16.357601 188 188 188
v -62.428600 5.529202 16.357601 188 188 188
v -62.428600 5.478401 16.357601 188 188 188
v -56.180199 7.205601 16.357601 188 188 188
v -62.428600 5.478401 16.357601 188 188 188
v -56.180199 7.205601 16.357601 188 188 188
v -62.377800 5.478401 16.357601 188 188 188
v -56.180199 7.205601 16.357601 188 188 188
v -62.377800 5.427601 16.357601 188 188 188
v -62.377800 5.376801 16.357601 188 188 188
v -62.377800 5.427601 16.357601 188 188 188
v -62.377800 5.427601 16.357601 188 188 188
v -62.377800 5.376801 15.849600 188 188 188
v -62.377800 5.376801 16.357601 188 188 188
v -62.377800 5.376801 15.849600 188 188 188
v -62.377800 5.326001 15.849600 188 188 188
v -62.377800 5.376801 16.357601 188 188 188
v -62.377800 5.326001 16.357601 188 188 188
v -55.570602 4.767201 16.357601 188 188 188
v -62.377800 5.376801 16.357601 188 188 188
v -55.570602 4.767201 16.357601 188 188 188
v -62.377800 5.326001 16.357601 188 188 188
v -62.377800 5.275200 16.357601 188 188 188
v -62.377800 5.326001 16.357601 188 188 188
v -62.377800 5.275200 15.849600 188 188 188
v -62.377800 5.326001 16.357601 188 188 188
v -62.377800 5.326001 15.849600 188 188 188
v -62.377800 5.427601 15.849600 188 188 188
v -62.377800 5.427601 16.357601 188 188 188
v -62.377800 5.478401 16.357601 188 188 188
v -62.377800 5.478401 16.357601 188 188 188
v -62.377800 5.427601 15.849600 188 188 188
v -62.377800 5.478401 15.849600 188 188 188
v -62.377800 5.478401 16.357601 188 188 188
v -62.428600 5.478401 16.357601 188 188 188
v -56.180199 7.205601 16.357601 188 188 188
v -62.479404 5.630802 16.357601 188 188 188
v -62.428600 5.529202 16.357601 188 188 188
v -62.428600 5.529202 16.357601 188 188 188
v -62.479404 5.630802 16.357601 188 188 188
v -62.428600 5.478401 15.849600 188 188 188
v -62.377800 5.478401 15.849600 188 188 188
v -62.428600 5.478401 16.357601 188 188 188
v -62.428600 5.529202 15.849600 188 188 188
v -62.428600 5.529202 16.357601 188 188 188
v -62.479404 5.580001 16.357601 188 188 188
v -62.428600 5.529202 15.849600 188 188 188
v -62.479404 5.580001 16.357601 188 188 188
v -62.479404 5.580001 15.849600 188 188 188
v -62.479404 5.580001 15.849600 188 188 188
v -62.479404 5.580001 16.357601 188 188 188
v -62.479404 5.630802 16.357601 188 188 188
v -62.479404 5.630802 16.357601 188 188 188
v -56.180199 7.205601 16.357601 188 188 188
v -62.428600 5.681601 16.357601 188 188 188
v -62.428600 5.732400 15.849600 188 188 188
v -62.428600 5.732400 16.357601 188 188 188
v -62.479404 5.732400 16.357601 188 188 188
v -56.180199 7.205601 16.357601 188 188 188
v -62.530201 5.884801 16.357601 188 188 188
v -62.479404 5.834001 16.357601 188 188 188
v -62.479404 5.783201 15.849600 188 188 188
v -62.479404 5.732400 16.357601 188 188 188
v -62.479404 5.783201 16.357601 188 188 188
v -62.479404 5.834001 15.849600 188 188 188
v -62.479404 5.834001 16.357601 188 188 188
v -62.530201 5.884801 16.357601 188 188 188
v -62.581001 6.342001 16.357601 188 188 188
v -62.581001 5.986402 15.849600 188 188 188
v -62.631798 6.392801 16.357601 188 188 188
v -62.631798 6.392801 15.849600 188 188 188
v -62.581001 6.392801 15.849600 188 188 188
v -62.631798 6.392801 16.357601 188 188 188
v -62.581001 6.342001 16.357601 188 188 188
v -62.581001 6.342001 15.849600 188 188 188
v -62.581001 6.291201 15.849600 188 188 188
v -56.180199 7.205601 16.357601 188 188 188
v -62.581001 5.935601 16.357601 188 188 188
v -62.530201 5.884801 16.357601 188 188 188
v -62.581001 6.342001 15.849600 188 188 188
v -62.581001 6.342001 16.357601 188 188 188
v -62.631798 6.392801 16.357601 188 188 188
v -62.631798 6.392801 15.849600 188 188 188
v -62.631798 6.392801 16.357601 188 188 188
v -62.682602 6.443600 16.357601 188 188 188
v -62.377800 5.275200 16.357601 188 188 188
v -62.377800 5.275200 15.849600 188 188 188
v -62.377800 5.224401 15.849600 188 188 188
v -62.377800 5.224401 16.357601 188 188 188
v -62.377800 5.275200 16.357601 188 188 188
v -62.377800 5.224401 15.849600 188 188 188
v -62.377800 5.224401 16.357601 188 188 188
v -62.327003 5.021201 15.849600 188 188 188
v -62.225403 4.614801 15.849600 188 188 188
v -62.377800 5.224401 16.357601 188 188 188
v -61.869801 3.192401 15.849600 188 188 188
v -61.819004 2.989201 15.849600 188 188 188
v -61.819004 2.989201 16.357601 188 188 188
v -62.377800 5.224401 16.357601 188 188 188
v -55.570602 4.767201 16.357601 188 188 188
v -62.377800 5.275200 16.357601 188 188 188
v -55.570602 4.767201 15.849600 188 188 188
v -55.672199 5.173602 15.849600 188 188 188
v -55.570602 4.767201 16.357601 188 188 188
v -62.377800 5.376801 16.357601 188 188 188
v -55.570602 4.767201 16.357601 188 188 188
v -56.180199 7.205601 16.357601 188 188 188
v -56.180199 7.256401 15.849600 188 188 188
v -56.281799 7.713601 15.849600 188 188 188
v -56.180199 7.205601 16.357601 188 188 188
v -56.688198 9.288402 15.849600 188 188 188
v -56.789799 9.694800 16.357601 188 188 188
v -59.533001 11.777601 15.849600 188 188 188
v -59.533001 11.777601 16.357601 188 188 188
v -59.482204 11.777601 16.357601 188 188 188
v -59.533001 11.777601 15.849600 188 188 188
v -59.482204 11.777601 16.357601 188 188 188
v -59.482204 11.777601 15.849600 188 188 188
v -59.431400 11.726802 15.849600 188 188 188
v -59.482204 11.726802 16.357601 188 188 188
v -59.228203 11.828401 16.357601 188 188 188
v -59.177402 11.828401 15.849600 188 188 188
v -58.974205 11.930001 16.357601 188 188 188
v -58.974205 11.930001 15.849600 188 188 188
v -59.025002 11.879202 15.849600 188 188 188
v -58.974205 11.930001 16.357601 188 188 188
v -59.228203 11.828401 16.357601 188 188 188
v -56.789799 9.694800 16.357601 188 188 188
v -58.974205 11.930001 16.357601 188 188 188
v -58.923401 11.930001 15.849600 188 188 188
v -58.872601 11.980802 16.357601 188 188 188
v -58.872601 11.980802 15.849600 188 188 188
v -58.720203 12.031601 15.849600 188 188 188
v -58.771000 11.980802 16.357601 188 188 188
v -58.618599 12.031601 16.357601 188 188 188
v -58.517002 12.082402 16.357601 188 188 188
v -58.618599 12.031601 15.849600 188 188 188
v -58.517002 12.082402 16.357601 188 188 188
v -58.567802 12.082402 15.849600 188 188 188
v -58.517002 12.082402 15.849600 188 188 188
v -58.517002 12.082402 16.357601 188 188 188
v -58.466206 12.031601 16.357601 188 188 188
v -58.771000 11.980802 16.357601 188 188 188
v -56.789799 9.694800 16.357601 188 188 188
v -58.618599 12.031601 16.357601 188 188 188
v -58.415401 12.031601 15.849600 188 188 188
v -58.466206 12.031601 15.849600 188 188 188
v -58.415401 12.031601 16.357601 188 188 188
v -58.517002 12.082402 15.849600 188 188 188
v -58.466206 12.031601 16.357601 188 188 188
v -58.466206 12.082402 15.849600 188 188 188
v -63.089001 8.374002 15.849600 188 188 188
v -63.089001 8.374002 16.357601 188 188 188
v -63.089001 8.475601 16.357601 188 188 188
v -63.139805 8.323202 16.357601 188 188 188
v -56.180199 7.205601 16.357601 188 188 188
v -63.089001 8.374002 16.357601 188 188 188
v -56.180199 7.205601 16.357601 188 188 188
v -63.139805 8.323202 16.357601 188 188 188
v -63.139805 8.272401 16.357601 188 188 188
v -56.180199 7.205601 16.357601 188 188 188
v -63.139805 8.272401 16.357601 188 188 188
v -56.180199 7.205601 16.357601 188 188 188
v -63.089001 8.221601 16.357601 188 188 188
v -56.180199 7.205601 16.357601 188 188 188
v -63.089001 8.170801 16.357601 188 188 188
v -56.180199 7.205601 16.357601 188 188 188
v -63.038200 8.120002 16.357601 188 188 188
v -63.038200 8.069201 16.357601 188 188 188
v -63.038200 8.120002 16.357601 188 188 188
v -63.089001 8.170801 16.357601 188 188 188
v -63.038200 8.120002 15.849600 188 188 188
v -63.089001 8.170801 16.357601 188 188 188
v -63.038200 8.170801 15.849600 188 188 188
v -63.089001 8.170801 16.357601 188 188 188
v -63.038200 8.069201 15.849600 188 188 188
v -63.038200 8.120002 16.357601 188 188 188
v -63.038200 8.120002 15.849600 188 188 188
v -63.089001 8.170801 15.849600 188 188 188
v -63.089001 8.170801 16.357601 188 188 188
v -63.089001 8.221601 16.357601 188 188 188
v -63.089001 8.170801 15.849600 188 188 188
v -63.089001 8.221601 16.357601 188 188 188
v -63.089001 8.221601 15.849600 188 188 188
v -63.089001 8.221601 15.849600 188 188 188
v -63.089001 8.221601 16.357601 188 188 188
v -63.139805 8.272401 16.357601 188 188 188
v -58.364597 12.031601 15.849600 188 188 188
v -58.364597 12.031601 16.357601 188 188 188
v -58.313805 12.031601 16.357601 188 188 188
v -58.364597 12.031601 16.357601 188 188 188
v -56.789799 9.694800 16.357601 188 188 188
v -58.313805 12.031601 16.357601 188 188 188
v -58.313805 12.031601 15.849600 188 188 188
v -58.263000 12.031601 16.357601 188 188 188
v -58.263000 12.031601 15.849600 188 188 188
v -58.059803 12.133202 16.357601 188 188 188
v -58.110600 12.133202 15.849600 188 188 188
v -58.059803 12.133202 16.357601 188 188 188
v -58.059803 12.133202 15.849600 188 188 188
v -58.161404 12.184001 15.849600 188 188 188
v -58.059803 12.133202 16.357601 188 188 188
v -58.110600 12.184001 15.849600 188 188 188
v -58.161404 12.133202 16.357601 188 188 188
v -58.161404 12.133202 15.849600 188 188 188
v -58.212204 12.133202 15.849600 188 188 188
v -58.161404 12.184001 15.849600 188 188 188
v -58.161404 12.184001 16.357601 188 188 188
v -58.059803 12.133202 16.357601 188 188 188
v -58.212204 12.082402 16.357601 188 188 188
v -56.789799 9.694800 16.357601 188 188 188
v -58.161404 12.133202 16.357601 188 188 188
v -58.008999 12.133202 16.357601 188 188 188
v -58.059803 12.133202 15.849600 188 188 188
v -58.059803 12.133202 16.357601 188 188 188
v -63.038200 8.069201 15.849600 188 188 188
v -63.038200 8.069201 16.357601 188 188 188
v -63.038200 8.120002 16.357601 188 188 188
v -63.038200 8.018401 16.357601 188 188 188
v -56.180199 7.205601 16.357601 188 188 188
v -63.038200 8.069201 16.357601 188 188 188
v -56.180199 7.205601 16.357601 188 188 188
v -63.038200 8.018401 16.357601 188 188 188
v -63.089001 7.967600 16.357601 188 188 188
v -63.038200 8.018401 16.357601 188 188 188
v -63.089001 7.967600 15.849600 188 188 188
v -63.089001 7.967600 16.357601 188 188 188
v -63.089001 7.967600 16.357601 188 188 188
v -63.038200 7.916801 15.849600 188 188 188
v -63.038200 7.815201 15.849600 188 188 188
v -63.089001 7.967600 16.357601 188 188 188
v -56.180199 7.205601 16.357601 188 188 188
v -63.089001 7.967600 16.357601 188 188 188
v -63.038200 7.815201 16.357601 188 188 188
v -56.180199 7.205601 16.357601 188 188 188
v -63.038200 7.815201 16.357601 188 188 188
v -62.936600 7.662801 16.357601 188 188 188
v -63.089001 7.967600 15.849600 188 188 188
v -63.038200 8.018401 16.357601 188 188 188
v -63.038200 7.967600 15.849600 188 188 188
v -57.958199 12.133202 15.849600 188 188 188
v -57.907402 12.184001 16.357601 188 188 188
v -57.907402 12.184001 15.849600 188 188 188
v -57.856598 12.184001 15.849600 188 188 188
v -57.755001 12.234801 16.357601 188 188 188
v -57.704197 12.285601 16.357601 188 188 188
v -57.755001 12.285601 15.849600 188 188 188
v -57.704197 12.285601 15.849600 188 188 188
v -57.704197 12.285601 16.357601 188 188 188
v -57.653400 12.336402 16.357601 188 188 188
v -57.805805 12.234801 15.849600 188 188 188
v -57.755001 12.234801 16.357601 188 188 188
v -57.755001 12.234801 15.849600 188 188 188
v -57.856598 12.184001 16.357601 188 188 188
v -56.789799 9.694800 16.357601 188 188 188
v -57.755001 12.234801 16.357601 188 188 188
v -57.704197 12.285601 16.357601 188 188 188
v -57.602600 12.285601 16.357601 188 188 188
v -57.653400 12.336402 16.357601 188 188 188
v -57.704197 12.285601 15.849600 188 188 188
v -57.653400 12.336402 16.357601 188 188 188
v -57.704197 12.336402 15.849600 188 188 188
v -63.038200 7.815201 16.357601 188 188 188
v -63.038200 7.815201 15.849600 188 188 188
v -62.936600 7.662801 15.849600 188 188 188
v -63.038200 7.815201 16.357601 188 188 188
v -62.987404 7.764401 15.849600 188 188 188
v -62.936600 7.662801 15.849600 188 188 188
v -62.936600 7.662801 16.357601 188 188 188
v -63.038200 7.815201 16.357601 188 188 188
v -56.180199 7.205601 16.357601 188 188 188
v -62.936600 7.662801 16.357601 188 188 188
v -62.885799 7.510402 16.357601 188 188 188
v -62.835003 7.358001 15.849600 188 188 188
v -62.885799 7.510402 16.357601 188 188 188
v -62.885799 7.459601 15.849600 188 188 188
v -56.789799 9.694800 15.849600 188 188 188
v -56.891403 10.152001 15.849600 188 188 188
v -56.789799 9.694800 16.357601 188 188 188
v -61.260201 0.703200 16.357601 188 188 188
v -61.260201 0.703200 15.849600 188 188 188
v -61.158604 0.296801 15.849600 188 188 188
v -60.803005 -1.125599 15.849600 188 188 188
v -60.701401 -1.531999 15.849600 188 188 188
v -60.701401 -1.531999 16.357601 188 188 188
v -54.961002 2.278001 16.357601 188 188 188
v -61.819004 2.989201 16.357601 188 188 188
v -61.260201 0.703200 16.357601 188 188 188
v -54.351398 -0.211199 16.357601 188 188 188
v -60.701401 -1.531999 16.357601 188 188 188
v -60.142605 -3.767199 16.357601 188 188 188
v -54.961002 2.278001 16.357601 188 188 188
v -54.910202 2.176401 15.849600 188 188 188
v -54.961002 2.278001 15.849600 188 188 188
v -55.062603 2.735201 15.849600 188 188 188
v -54.961002 2.278001 16.357601 188 188 188
v -54.351398 -0.211199 15.849600 188 188 188
v -54.402203 0.144401 15.849600 188 188 188
v -54.351398 -0.211199 16.357601 188 188 188
v -58.415401 -10.929999 15.849600 188 188 188
v -58.313805 -11.336400 15.849600 188 188 188
v -58.517002 -10.523600 16.357601 188 188 188
v -57.399403 -12.707999 16.357601 188 188 188
v -58.517002 -10.523600 16.357601 188 188 188
v -57.958199 -12.707999 16.357601 188 188 188
v -57.399403 -12.707999 15.849600 188 188 188
v -57.348598 -12.707999 15.849600 188 188 188
v -57.399403 -12.707999 16.357601 188 188 188

f 984 985 986
f 2078 988 2079
f 987 2080 2081
f 989 2082 2083
f 2084 2085 1366
f 2086 2087 1642
f 1608 1362 1609
f 1611 2088 2089
f 2090 1360 2091
f 1363 2092 2093
f 2094 1364 2095
f 1628 2096 2097
f 2098 2099 1606
f 2100 1621 1620
f 1619 2101 2102
f 2103 1614 1354
f 2104 1615 2105
f 2106 1629 2107
f 1630 2108 2109
f 1631 1633 1252
f 1634 2110 2111
f 2112 1297 2113
f 1480 2114 2115
f 2116 2117 1485
f 1721 2118 2119
f 2120 2121 1718
f 1673 1404 1672
f 2122 1409 2123
f 2124 2125 2126
f 2127 2128 1411
f 2129 1523 2130
f 2131 1518 2132
f 1519 2133 2134
f 1515 2135 2136
f 2137 2138 2139
f 2140 2141 2142
f 2143 2144 1460
f 2145 2146 1775
f 1776 2147 2148
f 1777 2149 2150
f 2151 2152 1446
f 2153 2154 1779
f 1932 2155 2156
f 1780 2157 2158
f 2159 2160 1426
f 2161 2162 1781
f 1782 2163 2164
f 1783 2165 2166
f 1424 2167 2168
f 2169 1425 2170
f 1784 2171 2172
f 2173 2174 1787
f 1926 2175 2176
f 2177 2178 1408
f 2179 2180 1747
f 1723 1724 1416
f 2181 2182 1417
f 2183 2184 1722
f 2185 2186 2187
f 2188 2189 2190
f 1479 2191 2192
f 2193 2194 1481
f 1728 2195 2196
f 2197 2198 1729
f 2199 1731 2200
f 2201 2202 2203
f 1419 2204 2205
f 1733 2206 2207
f 2208 1736 2209
f 1735 2210 2211
f 1744 1767 1421
f 2212 2213 1475
f 2214 2215 1745
f 1743 2216 2217
f 2218 2219 1476
f 2220 2221 1742
f 1741 1418 1738
f 2222 2223 2224
f 2225 2226 2227
f 2228 2229 2230
f 2231 2232 2233
f 2234 2235 2236
f 2237 2238 2239
f 1420 2240 2241
f 1763 2242 2243
f 2244 1760 2245
f 2246 1474 2247
f 2248 2249 2250
f 2251 2252 1473
f 2253 2254 1432
f 2255 2256 1431
f 2257 2258 1472
f 2259 2260 1471
f 2261 2262 1470
f 2263 2264 1457
f 2265 2266 1458
f 2267 2268 1469
f 2269 2270 2271
f 2272 2273 1880
f 1886 2274 2275
f 1885 1468 2276
f 1879 2277 2278
f 1467 2279 1878
f 2280 1465 2281
f 2282 2283 2284
f 2285 2286 1466
f 2287 2288 1464
f 2289 2290 1463
f 2291 2292 1462
f 2293 2294 1461
f 2295 2296 1459
f 2297 2298 1921
f 2299 1922 2300
f 1923 2301 2302
f 1816 1430 1789
f 2303 2304 1406
f 2305 2306 1423
f 2307 2308 1790
f 1792 2309 2310
f 2311 2312 2313
f 2314 1407 2315
f 1748 2316 2317
f 2318 1442 2319
f 1752 2320 2321
f 2322 2323 1863
f 1755 2324 1758
f 2325 1433 2326
f 2327 1909 2328
f 1908 2329 2330
f 2331 2332 2333
f 2334 1913 2335
f 1915 2336 2337
f 2338 2339 1759
f 2340 1916 2341
f 1925 2342 2343
f 1866 2344 2345
f 2346 1867 2347
f 1526 2348 2349
f 2350 1528 2351
f 1527 2352 2353
f 1800 1919 2354
f 1801 2355 2356
f 1797 2357 2358
f 2359 1796 2360
f 2361 2362 1924
f 1448 1813 1812
f 2363 1449 2364
f 1447 2365 2366
f 2367 2368 1450
f 1821 2369 2370
f 2371 2372 1825
f 1818 1844 1434
f 2373 2374 1445
f 2375 2376 1819
f 2377 2378 1429
f 1444 2379 2380
f 2381 2382 2383
f 2384 2385 1440
f 2386 2387 1441
f 1904 2388 2389
f 2390 2391 1918
f 1864 2392 2393
f 2394 2395 2396
f 2397 2398 2399
f 2400 2401 1899
f 1900 2402 2403
f 2404 2405 1436
f 2406 2407 1807
f 2408 2409 1435
f 2410 2411 1808
f 2412 2413 1386
f 2414 2415 1804
f 1835 1834 1388
f 2416 2417 1452
f 2418 2419 1837
f 1848 2420 2421
f 2422 2423 1454
f 2424 2425 1849
f 1839 1387 1840
f 2426 2427 2428
f 2429 2430 2431
f 2432 1451 2433
f 2434 2435 2436
f 2437 2438 2439
f 2440 2441 1805
f 2442 1846 2443
f 1453 2444 2445
f 2446 1847 2447
f 2448 2449 2450
f 2451 2452 2453
f 2454 2455 2456
f 2457 2458 2459
f 2460 2461 2462
f 2463 2464 2465
f 2466 2467 2468
f 2469 2470 2471
f 2472 2473 2474
f 2475 2476 2477
f 2478 2479 2480
f 2481 2482 2483
f 2484 2485 1860
f 2486 2487 2488
f 2489 2490 1822
f 1817 2491 2492
f 2493 2494 2495
f 2496 2497 2498
f 2499 2500 2501
f 2502 2503 2504
f 2505 2506 2507
f 2508 2509 2510
f 2511 2512 1896
f 1895 2513 2514
f 1901 2515 1894
f 2516 2517 2518
f 1875 1876 2519
f 2520 2521 1872
f 1871 2522 2523
f 2524 2525 2526
f 2527 2528 2529
f 2530 1750 2531
f 2532 2533 2534
f 2535 2536 2537
f 2538 2539 2540
f 2541 2542 2543
f 2544 2545 2546
f 2547 2548 2549
f 2550 2551 2552
f 2553 2554 2555
f 2556 2557 2558
f 2559 2560 2561
f 2562 2563 2564
f 2565 2566 2567
f 2568 2569 2570
f 2571 2572 2573
f 2574 2575 2576
f 2577 2578 2579
f 2580 2581 2582
f 2583 2584 2585
f 2586 2587 2588
f 2589 2590 2591
f 2592 2593 2594
f 2595 2596 2597
f 2598 2599 2600
f 2601 2602 2603
f 2604 2605 2606
f 2607 2608 2609
f 2610 2611 2612
f 2613 2614 2615
f 2616 2617 2618
f 2619 2620 2621
f 2622 2623 2624
f 2625 2626 2627
f 2628 2629 2630
f 2631 2632 2633
f 2634 2635 2636
f 2637 2638 2639
f 2640 2641 2642
f 2643 2644 2645
f 2646 2647 2648
f 2649 1399 2650
f 1405 2651 2652
f 1940 2653 2654
f 1944 2655 2656
f 2657 2658 1398
f 2659 2660 1674
f 1669 1668 1497
f 1666 2661 2662
f 2663 2664 1498
f 2665 2666 1663
f 2020 1943 1391
f 2667 2668 1392
f 2669 2670 2671
f 1253 2672 2673
f 2674 2675 1942
f 2676 1969 2677
f 2678 1251 2679
f 2680 1970 2681
f 1971 2682 2683
f 2684 2001 1256
f 2000 2685 2686
f 2687 1254 2688
f 2689 1255 2690
f 2691 2692 2693
f 2694 2695 1257
f 2696 2697 1352
f 2698 2699 2700
f 2701 2702 2703
f 1973 2704 2705
f 2706 2707 1974
f 1975 1977 2708
f 1936 1976 2709
f 1937 2710 2711
f 1978 2712 2713
f 1958 1348 1957
f 2714 2715 1955
f 2716 2717 1956
f 1964 1382 1962
f 1963 2718 2719
f 2014 2720 2721
f 2722 2723 1350
f 2724 2725 1960
f 1968 1967 1384
f 2006 2726 2727
f 2728 2729 1375
f 2730 2731 2005
f 1951 2002 2732
f 1952 2733 2734
f 1644 1653 1367
f 2735 2736 2737
f 2738 2739 2740
f 1365 2741 2742
f 1655 2743 2744
f 2745 2746 1654
f 1656 1657 2747
f 2748 1659 2749
f 1665 2750 2751
f 2752 1662 2753
f 2754 2755 2756
f 2757 2758 2759
f 2760 2761 2762
f 2763 2764 2765
f 2766 2767 1645
f 2004 2768 2769
f 2770 2771 2772
f 2773 1374 2774
f 1373 2775 2776
f 1986 2777 2778
f 2779 2780 1988
f 1946 2781 2782
f 2017 2783 2784
f 2785 2786 1376
f 2787 2788 2018
f 2789 1991 1992
f 2790 2791 1381
f 2792 2793 1993
f 1989 2794 2795
f 2796 1990 2797
f 1994 1995 1380
f 2798 1996 2799
f 1997 1379 1949
f 2800 1987 2801
f 2802 2803 1998
f 2804 1377 1999
f 2805 2806 2807
f 2808 2809 2810
f 2811 2812 2813
f 1378 2814 2815
f 2007 2816 2817
f 2818 2009 2819
f 2820 2008 2821
f 2010 2822 2823
f 2824 1959 1383
f 2825 2011 2826
f 2016 2827 2828
f 2015 1966 1349
f 2013 2829 2830
f 2831 2012 2832
f 2833 2834 2835
f 2836 2837 2838
f 2839 2840 2841
f 2842 2843 2844
f 2845 2846 2847
f 2848 2849 2850
f 2851 2852 2853
f 2854 2855 2856
f 2857 2858 2859
f 2860 2861 2862
f 2863 2864 2865
f 2866 2867 2868
f 2869 2870 2871
f 2872 2873 2874
f 2875 2876 2877
f 2878 2879 2880
f 2881 2882 1945
f 2883 1984 2884
f 2019 2885 2886
f 2887 1372 2888
f 2889 2890 1983
f 2891 1982 2892
f 1981 2893 2894
f 2895 1979 2896
f 2897 2898 2899
f 2900 2901 2902
f 2903 2904 2905
f 2906 2907 2908
f 2909 2003 2910
f 2911 2912 2913
f 2914 2915 2916
f 2917 2918 2919
f 2920 2921 2922
f 2923 2924 2925
f 2926 2927 2928
f 2929 2930 2931
f 2932 2933 2934
f 2935 2936 2937
f 2938 2939 2940
f 2941 1934 2942
f 2943 2944 2945
f 2946 2947 2948
f 2949 2950 2951
f 2952 2953 2954
f 2955 2956 2957
f 2958 2959 2960
f 2961 2962 2963
f 2964 1393 2965
f 1648 2966 2967
f 2968 1394 2969
f 1649 2970 2971
f 2972 2973 1396
f 1953 2974 2975
f 2976 2977 1950
f 2978 2979 1395
f 1947 2980 2981
f 2982 1397 2983
f 2984 2985 1660
f 2986 2987 1401
f 2988 2989 1661
f 2990 2991 1410
f 2992 2993 2994
f 2995 2996 2997
f 2998 2999 3000
f 3001 3002 3003
f 3004 3005 3006
f 3007 3008 3009
f 3010 3011 3012
f 3013 3014 3015
f 3016 3017 1938
f 3018 3019 3020
f 3021 3022 1941
f 3023 3024 3025
f 3026 3027 3028
f 1403 3029 3030
f 3031 3032 1667
f 1402 3033 3034
f 1683 3035 3036
f 3037 3038 1685
f 3039 1682 3040
f 1689 3041 3042
f 3043 1686 1412
f 3044 1687 3045
f 1693 3046 3047
f 1696 1699 1298
f 3048 3049 1496
f 3050 3051 3052
f 3053 3054 1495
f 1697 3055 3056
f 3057 3058 3059
f 3060 3061 3062
f 1639 3063 3064
f 3065 3066 1638
f 1635 3067 3068
f 3069 1640 3070
f 1296 3071 3072
f 1698 3073 3074
f 1701 3075 3076
f 1711 1491 1929
f 3077 3078 1490
f 3079 3080 1708
f 1709 3081 3082
f 3083 3084 1489
f 3085 3086 1931
f 3087 3088 1413
f 3089 3090 3091
f 3092 3093 3094
f 3095 3096 3097
f 1487 3098 3099
f 3100 3101 1492
f 1714 3102 3103
f 3104 3105 1712
f 3106 3107 3108
f 1715 3109 3110
f 1717 3111 1414
f 3112 3113 1415
f 3114 3115 3116
f 3117 3118 1716
f 3119 3120 3121
f 3122 3123 3124
f 3125 3126 3127
f 3128 3129 3130
f 3131 3132 3133
f 3134 3135 3136
f 3137 3138 3139
f 3140 3141 3142
f 3143 3144 3145
f 3146 3147 1692
f 3148 3149 3150
f 3151 3152 3153
f 3154 3155 3156
f 3157 3158 3159
f 3160 3161 3162
f 3163 3164 3165
f 3166 1400 3167
f 3168 3169 3170
f 3171 3172 3173
f 3174 3175 3176
f 3177 3178 3179
f 3180 3181 3182
f 3183 3184 3185
f 3186 3187 3188
f 3189 3190 3191
f 3192 3193 3194
f 3195 3196 3197
f 3198 3199 3200
f 3201 3202 3203
f 3204 3205 3206
f 3207 3208 3209
f 3210 3211 3212
f 3213 3214 3215
f 1613 1616 1456
f 3216 3217 1455
f 3218 3219 1545
f 3220 1544 3221
f 1652 2075 1271
f 3222 3223 1268
f 3224 3225 1933
f 1647 3226 3227
f 3228 3229 1269
f 3230 3231 1705
f 1540 1584 1299
f 3232 3233 1308
f 3234 3235 1751
f 1553 3236 3237
f 3238 3239 1267
f 3240 3241 1554
f 1535 3242 3243
f 3244 3245 3246
f 3247 3248 3249
f 1637 3250 3251
f 3252 3253 3254
f 3255 3256 3257
f 3258 3259 3260
f 1266 3261 3262
f 1270 3263 3264
f 1677 3265 3266
f 3267 3268 1670
f 1622 2069 1359
f 3269 3270 1250
f 3271 1681 3272
f 1625 1578 1300
f 3273 3274 1295
f 3275 3276 1680
f 3277 3278 1291
f 3279 3280 3281
f 3282 3283 1284
f 1679 3284 3285
f 3286 3287 1636
f 3288 3289 3290
f 3291 3292 3293
f 1301 3294 3295
f 1322 3296 3297
f 3298 3299 1326
f 2063 3300 3301
f 3302 3303 1617
f 1585 1325 2077
f 3304 3305 3306
f 1688 3307 3308
f 1690 3309 3310
f 3311 1334 3312
f 3313 3314 3315
f 1335 3316 3317
f 3318 1586 3319
f 1612 3320 3321
f 2021 1587 1262
f 3322 1588 3323
f 3324 3325 1264
f 1572 3326 3327
f 3328 3329 1265
f 3330 1573 3331
f 1589 1368 1593
f 1369 3332 3333
f 3334 3335 3336
f 3337 3338 1336
f 3339 1594 3340
f 3341 3342 3343
f 1370 3344 3345
f 3346 3347 1437
f 3348 1704 3349
f 3350 2076 3351
f 2074 3352 3353
f 1854 1371 3354
f 1561 3355 3356
f 3357 1438 3358
f 3359 3360 3361
f 1439 3362 3363
f 1859 3364 3365
f 3366 3367 1562
f 1874 1771 1347
f 3368 3369 3370
f 3371 1772 3372
f 3373 2026 3374
f 1521 3375 3376
f 3377 1506 1345
f 1508 3378 3379
f 3380 1346 3381
f 3382 1343 3383
f 1342 3384 3385
f 3386 3387 1344
f 2028 3388 3389
f 3390 3391 1514
f 2034 3392 2035
f 2033 3393 3394
f 3395 1337 3396
f 3397 1248 3398
f 1286 3399 3400
f 2036 3401 3402
f 3403 3404 2037
f 1773 1285 2042
f 2041 3405 3406
f 3407 3408 3409
f 3410 3411 2038
f 1917 3412 3413
f 1341 3414 3415
f 3416 1339 3417
f 1338 3418 3419
f 3420 3421 1340
f 1785 3422 3423
f 3424 3425 1786
f 2047 2056 1293
f 3426 3427 1305
f 3428 3429 2048
f 2049 3430 3431
f 2046 3432 3433
f 3434 3435 3436
f 3437 3438 2045
f 2044 3439 3440
f 1794 3441 3442
f 3443 3444 3445
f 3446 3447 3448
f 3449 3450 3451
f 1292 3452 3453
f 2054 3454 3455
f 3456 3457 2055
f 1312 2051 1820
f 3458 1311 3459
f 3460 3461 3462
f 3463 3464 1310
f 1309 3465 3466
f 2050 3467 3468
f 3469 3470 1897
f 1799 1307 1898
f 3471 3472 1306
f 3473 3474 3475
f 3476 1304 3477
f 3478 3479 3480
f 3481 3482 1303
f 3483 3484 1302
f 3485 3486 1274
f 1273 3487 3488
f 1907 3489 3490
f 1788 3491 3492
f 1762 1288 2070
f 3493 3494 1294
f 3495 3496 1287
f 1766 3497 3498
f 3499 3500 2043
f 3501 3502 3503
f 3504 3505 3506
f 3507 3508 1290
f 3509 3510 1289
f 3511 3512 1276
f 1275 3513 3514
f 1737 3515 3516
f 3517 3518 1746
f 1280 2029 1713
f 3519 3520 2072
f 2027 3521 3522
f 1549 1793 1278
f 3523 3524 1279
f 3525 3526 3527
f 3528 3529 1277
f 3530 3531 1272
f 3532 3533 3534
f 1795 3535 3536
f 3537 3538 1706
f 3539 2073 1558
f 3540 3541 3542
f 3543 3544 3545
f 3546 3547 3548
f 3549 3550 3551
f 3552 1281 3553
f 3554 1282 3555
f 2030 3556 3557
f 3558 3559 1283
f 1734 3560 3561
f 3562 3563 2031
f 3564 3565 3566
f 3567 3568 3569
f 1512 3570 1520
f 3571 3572 3573
f 3574 3575 3576
f 3577 3578 3579
f 3580 3581 3582
f 3583 3584 3585
f 1732 2032 3586
f 2039 1740 3587
f 3588 3589 3590
f 3591 3592 2040
f 3593 3594 3595
f 3596 3597 3598
f 3599 3600 3601
f 3602 3603 3604
f 3605 3606 3607
f 3608 3609 3610
f 3611 3612 3613
f 1769 1768 3614
f 3615 1903 1902
f 3616 3617 1905
f 3618 3619 3620
f 3621 3622 3623
f 3624 3625 3626
f 3627 3628 3629
f 3630 3631 3632
f 3633 3634 3635
f 3636 3637 3638
f 3639 3640 3641
f 3642 3643 3644
f 3645 3646 3647
f 3648 3649 3650
f 3651 1316 3652
f 3653 1317 3654
f 1321 3655 3656
f 1320 3657 3658
f 3659 1841 3660
f 1843 3661 3662
f 1850 2058 1314
f 3663 3664 3665
f 3666 3667 2053
f 2052 3668 3669
f 1893 3670 3671
f 2057 3672 3673
f 3674 1313 3675
f 3676 3677 3678
f 1315 3679 3680
f 2060 3681 3682
f 3683 3684 1829
f 2061 2062 3685
f 1855 3686 3687
f 3688 1330 3689
f 3690 1856 3691
f 1857 3692 3693
f 1892 1329 2059
f 3694 3695 1324
f 3696 3697 3698
f 3699 3700 1327
f 3701 3702 1319
f 1318 3703 3704
f 2068 3705 3706
f 1510 3707 3708
f 1830 3709 1827
f 3710 1852 1511
f 3711 3712 3713
f 1838 3714 3715
f 3716 3717 3718
f 3719 3720 3721
f 3722 3723 3724
f 3725 1323 3726
f 1891 3727 3728
f 3729 3730 1328
f 1884 3731 3732
f 3733 3734 1882
f 3735 3736 1331
f 3737 3738 1865
f 3739 2067 3740
f 1333 2066 1870
f 3741 3742 1332
f 3743 3744 3745
f 3746 3747 3748
f 2064 3749 3750
f 3751 3752 3753
f 3754 3755 3756
f 3757 3758 3759
f 3760 3761 3762
f 3763 3764 1883
f 3765 3766 3767
f 3768 3769 3770
f 3771 3772 3773
f 3774 3775 3776
f 3777 3778 3779
f 3780 3781 3782
f 3783 3784 3785
f 3786 3787 3788
f 3789 3790 3791
f 1824 3792 3793
f 3794 3795 3796
f 3797 3798 3799
f 3800 3801 3802
f 3803 3804 3805
f 3806 3807 3808
f 3809 3810 3811
f 3812 3813 3814
f 3815 3816 3817
f 3818 3819 3820
f 3821 3822 3823
f 3824 3825 3826
f 3827 3828 3829
f 3830 3831 3832
f 3833 3834 3835
f 3836 3837 3838
f 3839 3840 3841
f 3842 3843 3844
f 3845 3846 3847
f 3848 3849 3850
f 3851 3852 3853
f 3854 3855 3856
f 3857 3858 3859
f 3860 3861 3862
f 3863 3864 3865
f 3866 3867 3868
f 1557 3869 3870
f 3871 3872 1559
f 1927 1560 3873
f 1600 3874 3875
f 3876 3877 1258
f 3878 3879 1601
f 1623 1626 3880
f 1603 3881 3882
f 3883 3884 3885
f 1260 3886 3887
f 3888 1259 3889
f 1567 3890 3891
f 3892 3893 1570
f 1565 1566 3894
f 3895 1607 3896
f 1605 3897 3898
f 3899 3900 3901
f 1537 1536 1389
f 3902 3903 1494
f 3904 3905 1590
f 1477 1595 1596
f 1580 3906 3907
f 3908 1582 1478
f 1576 3909 3910
f 3911 1482 3912
f 3913 3914 3915
f 3916 3917 1483
f 3918 3919 1484
f 1486 3920 3921
f 1529 3922 3923
f 3924 3925 1538
f 1695 3926 3927
f 3928 1488 3929
f 1591 3930 3931
f 3932 1493 3933
f 3934 3935 3936
f 3937 3938 3939
f 3940 3941 3942
f 3943 3944 3945
f 3946 3947 3948
f 3949 3950 1542
f 1541 3951 3952
f 3953 3954 3955
f 3956 3957 1569
f 3958 1568 3959
f 3960 3961 3962
f 3963 3964 3965
f 3966 3967 3968
f 3969 3970 3971
f 3972 3973 3974
f 3975 3976 3977
f 3978 3979 3980
f 3981 3982 1390
f 3983 3984 1505
f 1427 3985 3986
f 3987 1530 3988
f 1531 3989 3990
f 1592 3991 3992
f 3993 1428 3994
f 1597 3995 3996
f 1552 1504 3997
f 3998 1503 3999
f 4000 4001 4002
f 4003 4004 1500
f 4005 4006 1501
f 1502 4007 4008
f 1598 4009 4010
f 4011 2024 4012
f 2025 4013 4014
f 4015 4016 4017
f 4018 4019 1599
f 4020 4021 1358
f 1888 4022 4023
f 1357 1887 1774
f 4024 4025 1499
f 4026 4027 4028
f 4029 4030 1443
f 4031 4032 1361
f 4033 4034 1355
f 1564 4035 4036
f 4037 1563 4038
f 2022 4039 4040
f 4041 1353 4042
f 4043 4044 4045
f 1351 4046 4047
f 1579 4048 4049
f 4050 4051 4052
f 4053 4054 4055
f 4056 2023 4057
f 4058 4059 4060
f 4061 4062 4063
f 1356 4064 4065
f 4066 4067 4068
f 4069 4070 4071
f 4072 4073 4074
f 4075 4076 4077
f 4078 4079 4080
f 4081 4082 4083
f 4084 4085 4086
f 4087 4088 4089
f 4090 4091 4092
f 4093 1533 4094
f 1532 4095 1845
f 4096 4097 4098
f 4099 4100 4101
f 4102 4103 4104
f 4105 4106 4107
f 4108 4109 4110
f 1575 4111 4112
f 4113 4114 4115
f 4116 1571 4117
f 4118 4119 4120
f 4121 4122 4123
f 4124 4125 4126
f 4127 4128 4129
f 4130 4131 4132
f 4133 4134 4135
f 4136 1543 4137
f 4138 4139 4140
f 4141 4142 4143
f 4144 4145 4146
f 4147 4148 1861
f 4149 4150 4151
f 4152 4153 4154
f 4155 4156 4157
f 4158 4159 4160
f 1911 4161 1912
f 4162 4163 4164
f 4165 4166 4167
f 4168 4169 4170
f 4171 4172 4173
f 4174 4175 4176
f 4177 4178 4179
f 4180 4181 4182
f 4183 4184 4185
f 4186 4187 1263
f 4188 4189 1261
f 4190 4191 1249
f 4192 4193 4194
f 1691 4195 4196
f 4197 4198 1985
f 1965 4199 4200
f 4201 4202 4203
f 4204 4205 4206
f 4207 4208 4209
f 4210 4211 4212
f 4213 4214 4215
f 4216 4217 4218
f 4219 4220 4221
f 1577 2065 4222
f 4223 4224 4225
f 4226 4227 4228
f 4229 4230 4231
f 4232 4233 4234
f 4235 4236 4237
f 4238 4239 4240
f 4241 4242 4243
f 4244 4245 4246
f 1385 4247 4248
f 1627 4249 4250
f 4251 1851 4252
f 1548 4253 4254
f 4255 1422 4256
f 4257 4258 4259
f 4260 4261 4262
f 4263 4264 4265
f 4266 4267 4268
f 4269 4270 1676
f 4271 2071 4272
f 4273 4274 4275
f 4276 4277 4278
f 4279 4280 4281
f 4282 4283 4284
f 4285 4286 4287
f 4288 4289 1547
f 4290 4291 4292
f 4293 4294 4295
f 4296 4297 4298
f 4299 4300 4301
f 4302 4303 4304
f 4305 4306 4307
f 4308 4309 4310
f 4311 4312 4313
f 4314 4315 4316
f 4317 4318 1624
f 4319 4320 4321
f 4322 4323 4324
f 4325 4326 4327
f 4328 4329 4330
f 4331 4332 4333

usemtl BaseColor_0
f 990 989 1642
f 990 1642 1640
f 1640 1641 990
f 1641 1095 990
f 991 990 1095
f 1094 991 1095
f 1094 1095 1221
f 1094 1221 1222
f 1222 1224 1094
f 1935 1094 1224
f 1934 1935 1224
f 1611 1934 1224
f 1611 1224 1223
f 1610 1611 1223
f 1610 1223 1097
f 1097 1623 1610
f 1610 1623 1624
f 1624 1608 1610
f 1608 1609 1610
f 1628 1606 1091
f 1628 1091 1621
f 1621 1091 1096
f 1621 1096 1620
f 1619 1620 1098
f 1619 1098 1614
f 1630 1629 1098
f 1222 1630 1098
f 1631 1630 1222
f 1631 1222 1633
f 1721 1718 1159
f 1721 1159 1157
f 1722 1721 1157
f 1156 1722 1157
f 1154 1156 1157
f 1157 1148 1154
f 1784 1154 1148
f 1783 1784 1148
f 1783 1148 1147
f 1153 1783 1147
f 1146 1153 1147
f 1153 1146 1152
f 1152 1143 1153
f 1932 1153 1143
f 1778 1932 1143
f 1525 1778 1143
f 1525 1143 1142
f 1515 1525 1142
f 1516 1515 1142
f 1142 1524 1516
f 1524 1525 1516
f 1516 1525 1517
f 1517 1525 1139
f 1518 1517 1139
f 1139 1671 1518
f 1672 1518 1671
f 1671 1673 1672
f 1519 1515 1517
f 1518 1775 1525
f 1776 1525 1775
f 1777 1779 1778
f 1780 1781 1153
f 1782 1153 1781
f 1926 1747 1749
f 1747 1748 1749
f 1748 1750 1749
f 1749 1750 1165
f 1749 1165 1162
f 1162 1787 1749
f 1787 1162 1154
f 1166 1154 1162
f 1162 1168 1166
f 1168 1733 1166
f 1733 1731 1166
f 1731 1155 1166
f 1731 1730 1155
f 1730 1729 1155
f 1729 1724 1155
f 1724 1723 1155
f 1156 1155 1723
f 1735 1736 1168
f 1735 1168 1167
f 1739 1735 1167
f 1739 1167 1169
f 1745 1739 1169
f 1164 1745 1169
f 1162 1164 1169
f 1162 1163 1164
f 1164 1163 1765
f 1164 1765 1744
f 1744 1765 1767
f 1743 1742 1739
f 1741 1739 1742
f 1741 1738 1739
f 1886 1880 1192
f 1192 1885 1886
f 1879 1885 1890
f 1879 1890 1889
f 1889 1878 1879
f 1923 1922 1217
f 1792 1923 1217
f 1791 1792 1217
f 1791 1217 1207
f 1207 1206 1791
f 1789 1791 1206
f 1206 1816 1789
f 1752 1863 1183
f 1183 1750 1752
f 1864 1183 1863
f 1183 1864 1193
f 1185 1183 1193
f 1193 1190 1185
f 1185 1190 1867
f 1867 1868 1185
f 1868 1184 1185
f 1184 1868 1914
f 1914 1908 1184
f 1908 1906 1184
f 1182 1184 1906
f 1906 1172 1182
f 1165 1182 1172
f 1165 1172 1171
f 1165 1171 1170
f 1165 1170 1163
f 1163 1170 1761
f 1761 1763 1163
f 1760 1761 1170
f 1170 1759 1760
f 1754 1759 1170
f 1758 1759 1754
f 1755 1758 1754
f 1754 1171 1755
f 1915 1913 1914
f 1755 1906 1909
f 1754 1170 1171
f 1755 1171 1172
f 1182 1165 1183
f 1906 1755 1172
f 1183 1184 1182
f 1908 1909 1906
f 1908 1914 1913
f 1915 1914 1868
f 1915 1868 1916
f 1925 1916 1868
f 1866 1925 1868
f 1866 1868 1867
f 1526 1867 1869
f 1526 1869 1527
f 1526 1527 1528
f 1527 1869 1189
f 1527 1189 1186
f 1871 1527 1186
f 1186 1873 1871
f 1872 1871 1873
f 1875 1872 1873
f 1875 1873 1198
f 1876 1875 1198
f 1198 1877 1876
f 1880 1876 1877
f 1198 1192 1877
f 1188 1192 1198
f 1188 1198 1186
f 1186 1187 1188
f 1187 1904 1188
f 1904 1195 1188
f 1194 1188 1195
f 1195 1197 1194
f 1194 1197 1889
f 1889 1191 1194
f 1195 1196 1197
f 1896 1197 1196
f 1181 1896 1196
f 1180 1181 1196
f 1180 1179 1181
f 1802 1181 1179
f 1179 1175 1802
f 1800 1802 1175
f 1800 1175 1919
f 1797 1919 1175
f 1796 1797 1175
f 1796 1175 1174
f 1921 1796 1174
f 1921 1174 1217
f 1173 1217 1174
f 1173 1174 1175
f 1800 1801 1802
f 1801 1924 1802
f 1173 1175 1179
f 1802 1924 1181
f 1179 1180 1173
f 1180 1807 1173
f 1807 1809 1173
f 1809 1176 1173
f 1207 1173 1176
f 1809 1808 1176
f 1808 1177 1176
f 1176 1177 1178
f 1176 1178 1206
f 1178 1815 1206
f 1813 1206 1815
f 1813 1815 1811
f 1811 1812 1813
f 1821 1825 1201
f 1821 1201 1205
f 1823 1821 1205
f 1205 1204 1823
f 1860 1823 1204
f 1819 1860 1204
f 1200 1819 1204
f 1177 1200 1204
f 1177 1199 1200
f 1199 1212 1200
f 1200 1212 1818
f 1818 1212 1844
f 1918 1899 1195
f 1899 1180 1195
f 1180 1899 1900
f 1808 1804 1803
f 1803 1804 1805
f 1805 1833 1803
f 1803 1833 1177
f 1805 1834 1833
f 1835 1833 1834
f 1848 1849 1210
f 1210 1849 1214
f 1210 1214 1211
f 1199 1210 1211
f 1199 1211 1213
f 1213 1211 1839
f 1839 1840 1213
f 1213 1840 1212
f 1847 1846 1211
f 1846 1839 1211
f 1837 1210 1199
f 1833 1837 1199
f 1214 1847 1211
f 1849 1847 1214
f 1210 1837 1848
f 1835 1837 1833
f 1840 1844 1212
f 1199 1213 1212
f 1833 1199 1177
f 1818 1819 1200
f 1860 1822 1823
f 1177 1204 1205
f 1821 1823 1822
f 1177 1205 1201
f 1177 1201 1203
f 1201 1202 1203
f 1814 1203 1202
f 1203 1814 1811
f 1811 1178 1203
f 1202 1201 1814
f 1817 1814 1201
f 1812 1814 1817
f 1817 1201 1825
f 1812 1811 1814
f 1178 1811 1815
f 1177 1203 1178
f 1177 1808 1803
f 1807 1808 1809
f 1900 1807 1180
f 1924 1896 1181
f 1895 1197 1896
f 1895 1901 1197
f 1901 1894 1197
f 1878 1197 1894
f 1196 1195 1180
f 1188 1194 1191
f 1904 1918 1195
f 1864 1904 1187
f 1188 1191 1192
f 1186 1198 1873
f 1187 1186 1189
f 1187 1189 1190
f 1869 1190 1189
f 1869 1867 1190
f 1190 1193 1187
f 1183 1185 1184
f 1864 1187 1193
f 1813 1816 1206
f 1789 1790 1791
f 1176 1206 1207
f 1173 1207 1217
f 1792 1791 1790
f 1921 1217 1922
f 1878 1889 1197
f 1889 1890 1191
f 1890 1885 1191
f 1885 1192 1191
f 1880 1877 1192
f 1763 1761 1760
f 1763 1767 1765
f 1763 1765 1163
f 1744 1745 1164
f 1743 1739 1745
f 1162 1169 1167
f 1735 1739 1738
f 1728 1729 1730
f 1731 1728 1730
f 1736 1733 1168
f 1162 1167 1168
f 1154 1166 1155
f 1163 1162 1165
f 1750 1183 1165
f 1926 1749 1787
f 1777 1778 1776
f 1944 1674 1135
f 1944 1135 1138
f 1137 1138 1135
f 1135 1136 1137
f 1136 1139 1137
f 1139 1140 1137
f 1140 1142 1137
f 1142 1144 1137
f 1137 1144 1684
f 1684 1685 1137
f 1685 1219 1137
f 1685 1667 1219
f 1667 1668 1219
f 1669 1219 1668
f 1666 1663 1664
f 1666 1664 1219
f 1219 1664 1129
f 1138 1219 1129
f 1129 1131 1138
f 1131 1940 1138
f 1131 1939 1940
f 1940 1939 1941
f 1938 1941 1939
f 1661 1938 1939
f 1661 1939 1134
f 1133 1661 1134
f 1132 1133 1134
f 1134 1129 1132
f 1129 1134 1130
f 1127 1133 1132
f 1127 1132 1128
f 1126 1127 1128
f 1126 1128 1124
f 1124 1122 1126
f 1961 1126 1122
f 1122 1954 1961
f 1953 1961 1954
f 1953 1954 1650
f 1649 1953 1650
f 1649 1650 1220
f 1648 1649 1220
f 2020 1648 1220
f 2020 1220 1943
f 1971 1970 1972
f 1971 1972 2001
f 1973 1974 1935
f 1977 1935 1974
f 1975 1935 1977
f 1975 1976 1935
f 1936 1935 1976
f 1978 1980 1937
f 1937 1980 1094
f 1980 1983 1094
f 1983 1107 1094
f 1094 1107 994
f 1107 1108 994
f 1108 1109 994
f 1109 1112 994
f 1112 1110 994
f 994 1110 1111
f 994 1111 1115
f 992 994 1115
f 1115 1958 992
f 1957 992 1958
f 1956 992 1955
f 1956 1964 992
f 1962 992 1964
f 2014 1960 1113
f 1113 1960 1114
f 992 1113 1114
f 992 1114 1117
f 992 1117 1118
f 992 1118 1116
f 992 1116 993
f 1968 993 1116
f 1967 1968 1116
f 2006 2005 993
f 2005 2003 993
f 2003 2004 993
f 2004 2002 993
f 1951 993 2002
f 1951 1952 994
f 1952 1972 994
f 1972 1123 994
f 994 1123 991
f 1123 1102 991
f 1102 1103 991
f 1103 1646 991
f 985 991 1646
f 985 1646 1645
f 1644 1645 1646
f 1644 1646 1653
f 1655 1654 1124
f 1656 1655 1124
f 1124 1658 1656
f 1656 1658 1657
f 1665 1659 1658
f 1665 1658 1664
f 1665 1664 1662
f 1664 1658 1132
f 1657 1658 1659
f 1653 1124 1654
f 1124 1653 1120
f 1653 1646 1120
f 1103 1120 1646
f 1104 1120 1103
f 1120 1104 1220
f 1120 1220 1121
f 1120 1121 1122
f 1650 1122 1121
f 1102 1104 1103
f 1104 1102 1942
f 1104 1942 1943
f 1942 1102 1123
f 2000 1972 1952
f 993 1951 994
f 1986 1988 1108
f 1986 1108 1945
f 1946 1108 1988
f 2017 2018 1109
f 1992 1109 2018
f 1991 1109 1992
f 1112 1989 1990
f 1990 1995 1112
f 1994 1112 1995
f 1996 1110 1994
f 1110 1996 1997
f 1997 1949 1110
f 1949 1987 1111
f 1998 1115 1987
f 1998 1999 1115
f 2010 2008 1118
f 1959 2010 1118
f 2016 2011 1117
f 2015 2016 1117
f 1966 2015 1117
f 2013 1966 1114
f 2012 2013 1114
f 1959 1117 2011
f 2008 2009 1118
f 2009 2007 1118
f 2007 1967 1118
f 1989 1109 1993
f 1991 1993 1109
f 2017 1109 1946
f 2019 1984 1107
f 1981 1982 1980
f 1981 1980 1979
f 1945 1107 1984
f 2006 993 1968
f 1118 1967 1116
f 1117 1959 1118
f 1114 1966 1117
f 1960 2012 1114
f 1963 2014 1113
f 1113 1962 1963
f 1113 992 1962
f 1955 992 1957
f 1958 1115 1999
f 992 993 994
f 1987 1115 1111
f 1110 1949 1111
f 1112 1994 1110
f 1109 1989 1112
f 1946 1109 1108
f 1945 1108 1107
f 2019 1107 1983
f 1983 1980 1982
f 1978 1979 1980
f 1936 1937 1094
f 2000 2001 1972
f 1972 1970 1123
f 1123 1970 1969
f 1942 1123 1969
f 1947 1660 1948
f 1948 1660 1127
f 1127 1950 1948
f 1950 1127 1961
f 1947 1948 1950
f 1943 1220 1104
f 1121 1220 1650
f 1953 1950 1961
f 1122 1650 1954
f 1122 1124 1120
f 1124 1128 1658
f 1126 1961 1127
f 1658 1128 1132
f 1133 1127 1660
f 1660 1661 1133
f 1130 1134 1939
f 1939 1131 1130
f 1129 1130 1131
f 1664 1132 1129
f 1662 1664 1663
f 1689 1682 1144
f 1689 1144 1686
f 1693 1687 1141
f 1692 1693 1141
f 1692 1141 1694
f 1697 1692 1694
f 1697 1694 1145
f 1696 1697 1145
f 1696 1145 1700
f 1696 1700 1699
f 1639 1638 1221
f 1639 1221 1641
f 1635 1221 1638
f 1635 1634 1221
f 1701 1698 1702
f 1701 1702 1152
f 1152 1703 1701
f 1931 1701 1703
f 1931 1703 1146
f 1710 1931 1146
f 1708 1710 1146
f 1151 1708 1146
f 1148 1151 1146
f 1148 1149 1151
f 1149 1150 1151
f 1150 1158 1151
f 1711 1151 1158
f 1711 1930 1151
f 1930 1929 1151
f 1711 1929 1930
f 1714 1712 1150
f 1711 1150 1712
f 1715 1714 1149
f 1716 1715 1149
f 1160 1716 1149
f 1717 1716 1160
f 1719 1717 1160
f 1719 1160 1161
f 1161 1159 1719
f 1148 1159 1161
f 1148 1161 1160
f 1717 1719 1718
f 1150 1711 1158
f 1149 1714 1150
f 1148 1160 1149
f 1929 1708 1151
f 1708 1709 1710
f 1709 1931 1710
f 1702 1145 1152
f 1698 1700 1702
f 1698 1699 1700
f 1702 1700 1145
f 1694 1141 1145
f 1143 1145 1141
f 1687 1686 1141
f 1144 1141 1686
f 1682 1683 1144
f 1666 1219 1669
f 1683 1685 1684
f 1683 1684 1144
f 1142 1141 1144
f 1136 1135 1678
f 1678 1671 1136
f 1673 1678 1135
f 1138 1137 1219
f 1674 1673 1135
f 1138 1940 1944
f 1671 1678 1673
f 1671 1139 1136
f 1518 1519 1517
f 1140 1139 1525
f 1525 1524 1140
f 1524 1142 1140
f 1515 1516 1517
f 1518 1525 1515
f 1141 1142 1143
f 1525 1776 1778
f 1932 1778 1779
f 1153 1932 1780
f 1143 1152 1145
f 1703 1152 1146
f 1782 1783 1153
f 1146 1147 1148
f 1784 1787 1154
f 1154 1155 1156
f 1723 1722 1156
f 1148 1157 1159
f 1718 1719 1159
f 1634 1633 1222
f 1615 1098 1629
f 1615 1614 1098
f 1098 1620 1096
f 1097 1098 1096
f 1096 1086 1097
f 1086 1096 1091
f 1086 1091 1084
f 1084 1085 1086
f 1546 1086 1085
f 1543 1546 1085
f 1535 1543 1085
f 1535 1085 1090
f 1534 1535 1090
f 1534 1090 1216
f 1534 1216 1099
f 1125 1534 1099
f 1101 1125 1099
f 1099 1100 1101
f 1539 1101 1100
f 1613 1539 1100
f 1613 1100 1616
f 1539 1545 1544
f 1544 1547 1539
f 1539 1547 1548
f 1539 1548 1022
f 1548 1643 1022
f 1643 1023 1022
f 1021 1022 1023
f 1023 1068 1021
f 1068 1105 1021
f 1105 1106 1021
f 1651 1021 1106
f 1652 1651 1106
f 1652 1106 2075
f 1647 1705 1583
f 1647 1583 1024
f 1647 1024 1021
f 1583 1208 1024
f 1022 1024 1208
f 1022 1208 1209
f 1209 1101 1022
f 1208 1583 1209
f 1540 1209 1583
f 1540 1583 1584
f 1540 1751 1125
f 1553 1125 1751
f 1553 1554 1534
f 1584 1583 1637
f 1540 1125 1209
f 1637 1583 1705
f 1677 1670 1675
f 1677 1675 1676
f 1068 1676 1675
f 1676 1068 1046
f 1636 1676 1046
f 1632 1636 1046
f 1632 1046 1045
f 1045 1047 1632
f 1679 1632 1047
f 1680 1679 1047
f 1052 1680 1047
f 1048 1052 1047
f 1047 1023 1048
f 1627 1048 1023
f 1627 2069 1048
f 1622 1048 2069
f 1681 1012 1622
f 1050 1622 1012
f 1050 1012 1051
f 1050 1051 1052
f 1051 1625 1052
f 1625 1051 1578
f 2063 1617 997
f 2063 997 1688
f 1119 1688 997
f 1119 997 996
f 996 1004 1119
f 1004 1585 1119
f 2077 1119 1585
f 1612 1586 1082
f 1040 1612 1082
f 1038 1040 1082
f 1082 1000 1038
f 1000 1604 1038
f 1604 1587 1038
f 2021 1038 1587
f 1572 1573 1574
f 1572 1574 1083
f 1083 1574 1009
f 1016 1083 1009
f 1009 1011 1016
f 1011 1556 1016
f 1556 1589 1016
f 1589 1039 1016
f 1593 1039 1589
f 2076 1555 2074
f 2074 1555 1854
f 1859 1562 1006
f 1859 1006 1027
f 1859 1027 1861
f 1874 1861 1027
f 1874 1027 1771
f 1521 2026 1764
f 1764 1507 1521
f 1507 1506 1521
f 2028 1514 1725
f 2028 1725 1034
f 2028 1034 2035
f 2035 1034 2034
f 2036 2037 1037
f 2036 1037 1917
f 1757 1917 1037
f 1757 1037 1043
f 1043 1756 1757
f 2042 1757 1756
f 2042 1756 1773
f 2041 2038 1757
f 1785 1786 1049
f 1785 1049 1018
f 1794 1785 1018
f 1810 1794 1018
f 1810 1018 1013
f 1810 1013 1806
f 1806 2056 1810
f 2047 1810 2056
f 2046 2045 1810
f 2044 1810 2045
f 2046 1810 2049
f 2049 1810 2048
f 2055 1806 2054
f 2054 1806 1893
f 1061 1893 1806
f 1061 1806 1058
f 1060 1061 1058
f 1058 1059 1060
f 1059 1820 1060
f 2051 1060 1820
f 2050 1897 1056
f 1898 2050 1056
f 1898 1056 1081
f 1898 1081 1015
f 1015 1799 1898
f 1788 1053 1907
f 1055 1907 1053
f 1055 1053 1049
f 1003 1055 1049
f 1003 1049 1001
f 1001 1002 1003
f 1002 1766 1003
f 2070 1766 1002
f 1002 1762 2070
f 1766 2043 1910
f 1766 1910 1055
f 2043 1907 1910
f 1737 1746 1036
f 1032 1737 1036
f 1032 1036 1033
f 1031 1032 1033
f 1031 1033 1034
f 1034 1035 1031
f 1035 1734 1031
f 2030 1734 1035
f 2029 2030 1035
f 2029 1035 1713
f 2027 2072 1727
f 2027 1727 1550
f 1549 2027 1550
f 1549 1550 1008
f 1549 1008 1793
f 1795 1706 1005
f 1005 2073 1795
f 2073 1005 1558
f 1573 1558 1707
f 1573 1707 1009
f 1010 1009 1707
f 1707 1558 1010
f 1558 1005 1010
f 1007 1010 1005
f 1005 1006 1007
f 1561 1007 1006
f 1007 1561 1555
f 1007 1555 1017
f 1017 1555 1011
f 1010 1017 1011
f 1006 1005 1008
f 1010 1007 1017
f 1005 1706 1008
f 1734 2031 1032
f 1706 1793 1008
f 1087 1008 1550
f 1087 1550 1025
f 1027 1087 1025
f 1025 1026 1027
f 1720 1027 1026
f 1026 1028 1720
f 1508 1720 1028
f 1725 1508 1028
f 1726 1725 1028
f 1029 1726 1028
f 1025 1029 1028
f 1029 1025 1030
f 1030 1034 1029
f 1727 1030 1025
f 1727 1713 1030
f 1726 1029 1034
f 1520 1508 1725
f 1725 1513 1520
f 1513 1512 1520
f 1512 1513 1514
f 1508 1764 1720
f 1764 1920 1720
f 1920 1764 1772
f 1027 1920 1772
f 1920 1027 1720
f 1025 1028 1026
f 1027 1008 1087
f 1727 1025 1550
f 1713 1727 2072
f 1713 1035 1030
f 1034 1030 1035
f 1732 1034 1033
f 1037 1732 1033
f 1732 1037 2032
f 2033 1034 1732
f 1734 1032 1031
f 1036 1037 1033
f 1036 1041 1037
f 1037 1041 1042
f 1041 1740 1042
f 1042 1740 1753
f 1753 1044 1042
f 1043 1042 1044
f 1043 1044 1002
f 1753 1002 1044
f 2039 1753 1740
f 2039 2040 1753
f 2040 1762 1753
f 1746 1740 1041
f 2031 1737 1032
f 1036 1746 1041
f 1753 1762 1002
f 1002 1001 1043
f 1773 1043 1001
f 1001 1770 1773
f 1769 1773 1770
f 1769 1770 1768
f 1001 1768 1770
f 1049 1768 1001
f 1766 1055 1003
f 1055 1910 1907
f 1788 1054 1053
f 1053 1054 1018
f 1018 1054 1019
f 1018 1019 1020
f 1018 1020 1014
f 1798 1014 1020
f 1903 1798 1020
f 1020 1902 1903
f 1902 1020 1905
f 1903 1799 1798
f 1798 1015 1014
f 1013 1014 1015
f 1019 1905 1020
f 1905 1019 1054
f 1788 1905 1054
f 1798 1799 1015
f 1015 1081 1013
f 1081 1056 1013
f 1056 1058 1013
f 1056 1057 1058
f 1056 1897 1057
f 1897 1820 1057
f 1843 1841 1842
f 1824 1843 1842
f 1062 1824 1842
f 1842 1063 1062
f 1061 1062 1063
f 1063 1065 1061
f 1065 1828 1061
f 1850 1061 1828
f 1850 1828 2058
f 2052 1061 2053
f 2060 1829 1858
f 2060 1858 2061
f 2061 1858 2062
f 1857 1856 1073
f 1862 1857 1073
f 1078 1862 1073
f 1075 1078 1073
f 1072 1075 1073
f 1072 1073 1074
f 1077 1072 1074
f 1076 1077 1074
f 1074 1080 1076
f 1883 1076 1080
f 1891 1883 1080
f 1891 1080 1079
f 2059 1891 1079
f 1079 1892 2059
f 1510 1522 2068
f 2068 1522 1838
f 1070 1838 1522
f 1070 1522 1832
f 1070 1832 1831
f 1070 1831 1071
f 1069 1070 1071
f 1069 1071 1065
f 1064 1069 1065
f 1838 1069 1064
f 1838 1064 1063
f 1063 1841 1838
f 1065 1071 1066
f 1066 1067 1065
f 1067 1827 1065
f 1827 1067 1830
f 1858 1830 1067
f 1858 1067 1074
f 1074 1856 1858
f 1079 1074 1067
f 1067 1066 1079
f 1853 1079 1066
f 1853 1066 1511
f 1852 1853 1511
f 1509 1510 1511
f 1836 1509 1511
f 1509 1836 1522
f 1852 1892 1853
f 1836 1511 1066
f 1836 1066 1832
f 1071 1831 1066
f 1831 1832 1066
f 1836 1832 1522
f 1838 1070 1069
f 1510 1509 1522
f 1884 1882 1881
f 1884 1881 1883
f 1881 1882 1076
f 1882 1865 1077
f 2067 1075 1865
f 1075 2067 2064
f 2064 1870 1075
f 1870 1862 1075
f 1870 2066 1862
f 1853 1892 1079
f 1881 1076 1883
f 1074 1079 1080
f 1882 1077 1076
f 1077 1865 1072
f 1865 1075 1072
f 1078 1075 1862
f 1857 1862 2066
f 1074 1073 1856
f 1855 1858 1856
f 1855 2062 1858
f 1830 1858 1829
f 2057 1828 1827
f 2057 2058 1828
f 1850 2053 1061
f 1065 1827 1828
f 1063 1064 1065
f 1824 1062 1060
f 1063 1842 1841
f 2051 1824 1060
f 1820 1059 1057
f 1058 1057 1059
f 1061 1060 1062
f 2052 1893 1061
f 2047 2048 1810
f 2056 1806 2055
f 1058 1806 1013
f 1014 1013 1018
f 2044 1794 1810
f 1053 1018 1049
f 1786 1768 1049
f 2041 1757 2042
f 1043 1773 1756
f 1042 1043 1037
f 1917 1757 2038
f 2032 1037 2037
f 2033 2034 1034
f 1725 1726 1034
f 1513 1725 1514
f 1557 1559 1546
f 1560 1546 1559
f 1927 1546 1560
f 1600 1601 1602
f 1603 1602 1601
f 1603 1626 1602
f 1623 1602 1626
f 1602 1623 1086
f 1927 1602 1086
f 1567 1570 1092
f 1567 1092 1565
f 1565 1092 1566
f 1605 1607 1091
f 1566 1091 1607
f 1566 1092 1084
f 1571 1092 1570
f 1571 1093 1092
f 1085 1092 1093
f 1571 1575 1093
f 1575 1579 1093
f 1093 1579 1237
f 1093 1237 1090
f 1237 1238 1090
f 1238 1234 1090
f 1090 1234 1235
f 1090 1235 1236
f 1090 1236 1233
f 1090 1233 1229
f 1229 1230 1090
f 1230 1232 1090
f 1232 1231 1090
f 1090 1231 1228
f 1090 1228 1227
f 1090 1227 1226
f 1090 1226 1218
f 1090 1218 1088
f 1088 1089 1090
f 1090 1089 1215
f 1089 1536 1215
f 1537 1215 1536
f 1537 1590 1247
f 1590 1246 1247
f 1216 1247 1246
f 1216 1246 1242
f 1242 1243 1216
f 1243 1245 1216
f 1245 1244 1216
f 1216 1244 1241
f 1216 1241 1240
f 1216 1240 1239
f 1216 1239 1225
f 1216 1225 1100
f 1595 1100 1225
f 1595 1225 1596
f 1580 1596 1239
f 1581 1580 1239
f 1580 1581 1582
f 1529 1538 1245
f 1695 1529 1243
f 1591 1695 1242
f 1538 1542 1244
f 1541 1244 1542
f 1541 1569 1241
f 1568 1241 1569
f 1568 1576 1240
f 1576 1581 1240
f 1576 1582 1581
f 1239 1596 1225
f 1581 1239 1240
f 1568 1240 1241
f 1541 1241 1244
f 1538 1244 1245
f 1529 1245 1243
f 1242 1695 1243
f 1246 1591 1242
f 1216 1215 1247
f 1590 1591 1246
f 1088 1531 1530
f 1592 1531 1088
f 1597 1592 1551
f 1552 1597 1551
f 1227 1552 1551
f 2024 1231 1598
f 2025 1231 2024
f 1228 2025 1552
f 1888 1599 1928
f 1888 1928 1233
f 1233 1826 1888
f 1887 1888 1826
f 1774 1887 1826
f 1234 1564 1563
f 2022 1564 1238
f 2023 1236 1563
f 1774 1236 2023
f 1774 1826 1233
f 1928 1599 1229
f 1230 1599 1598
f 1551 1592 1218
f 1530 1533 1089
f 1532 1089 1533
f 1532 1845 1089
f 1537 1247 1215
f 1536 1089 1845
f 1088 1530 1089
f 1592 1088 1218
f 1551 1218 1226
f 1551 1226 1227
f 1228 1552 1227
f 2025 1228 1231
f 1232 1598 1231
f 1230 1598 1232
f 1599 1230 1229
f 1229 1233 1928
f 1774 1233 1236
f 1563 1236 1235
f 1563 1235 1234
f 1564 1234 1238
f 2022 1238 1237
f 1579 2022 1237
f 1600 1602 1927
f 1506 1507 1508
f 1507 1764 1508
f 1772 1764 2026
f 1771 1027 1772
f 1008 1027 1006
f 1561 1006 1562
f 1854 1555 1561
f 1704 1555 2076
f 1555 1704 1556
f 1704 1911 1556
f 1912 1556 1911
f 1594 1039 1593
f 1039 1594 1040
f 1589 1556 1912
f 1556 1011 1555
f 1009 1010 1011
f 1083 1016 1039
f 1039 1038 1083
f 1588 1083 1038
f 1009 1574 1573
f 1572 1083 1588
f 1691 1985 1604
f 1965 1604 1985
f 2021 1588 1038
f 1965 1587 1604
f 1604 1000 1691
f 996 1691 1000
f 999 996 1000
f 1012 1691 996
f 995 1012 996
f 1000 1082 999
f 1038 1039 1040
f 1612 1040 1594
f 1082 1586 999
f 1690 999 1586
f 999 1690 1004
f 1690 1585 1004
f 996 999 1004
f 995 996 997
f 997 998 995
f 1618 995 998
f 1618 1577 995
f 995 1577 1051
f 1577 1618 2065
f 1617 2065 1618
f 998 997 1618
f 1688 1119 2077
f 1617 1618 997
f 1578 1051 1577
f 1012 995 1051
f 1681 1691 1012
f 1627 1643 1851
f 1622 1050 1048
f 1048 1050 1052
f 1625 1680 1052
f 1023 1047 1045
f 1023 1045 1046
f 1679 1636 1632
f 1675 1670 1105
f 2071 1106 1670
f 1647 1651 1933
f 2071 2075 1106
f 1652 1933 1651
f 1651 1647 1021
f 1670 1106 1105
f 1675 1105 1068
f 1023 1046 1068
f 1022 1021 1024
f 1643 1627 1023
f 1548 1851 1643
f 1595 1616 1100
f 1613 1545 1539
f 1539 1022 1101
f 1101 1209 1125
f 1125 1553 1534
f 1100 1099 1216
f 1215 1216 1090
f 1535 1534 1554
f 1093 1090 1085
f 1557 1546 1543
f 1546 1927 1086
f 1085 1084 1092
f 1091 1566 1084
f 1605 1091 1606
f 1623 1097 1086
f 1098 1097 1223
f 1611 1610 1609
f 1098 1223 1224
f 1973 1935 1934
f 1935 1936 1094
f 1224 1222 1098
f 1221 1634 1222
f 991 1094 994
f 987 990 991
f 1095 1641 1221
f 1639 1641 1640
f 987 989 990
f 984 987 991
f 985 984 991


o Object.14
v 45.216606 -8.186800 0.000000 255 255 255
v 45.927803 -5.240400 0.000000 255 255 255
v 53.700199 -0.617599 0.000000 255 255 255
v 52.989002 -3.563999 0.000000 255 255 255
v 56.544998 11.066401 0.000000 255 255 255
v 56.494202 11.066401 0.000000 255 255 255
v 48.112202 3.548001 0.000000 255 255 255
v 53.801804 -0.312799 0.000000 255 255 255
v 51.871395 -7.932799 0.000000 255 255 255
v 51.515797 -9.406000 0.000000 255 255 255
v 48.112202 -11.844399 0.000000 255 255 255
v 48.823399 -11.996799 0.000000 255 255 255
v 52.277805 -6.459600 0.000000 255 255 255
v 45.978600 -11.387200 0.000000 255 255 255
v 46.689796 -11.539599 0.000000 255 255 255
v 47.401005 -11.691999 0.000000 255 255 255
v 44.556206 -11.133200 0.000000 255 255 255
v 45.267403 -11.234799 0.000000 255 255 255
v 49.585403 9.390001 0.000000 255 255 255
v 53.039799 11.777601 0.000000 255 255 255
v 53.395409 11.676001 0.000000 255 255 255
v 50.296600 12.336402 0.000000 255 255 255
v 51.871395 12.031601 0.000000 255 255 255
v 48.823399 6.494401 0.000000 255 255 255
v 53.801804 11.625201 0.000000 255 255 255
v 55.732208 11.218801 0.000000 255 255 255
v 55.833801 8.120002 0.000000 255 255 255
v 47.299400 0.296801 0.000000 255 255 255
v 55.122604 5.224401 0.000000 255 255 255
v 46.639000 -2.293999 0.000000 255 255 255
v 54.106606 1.109601 0.000000 255 255 255
v 49.534595 -12.199999 0.000000 255 255 255
v 51.160198 -10.828400 0.000000 255 255 255
v 50.499798 -12.403200 0.000000 255 255 255
v 50.449005 -12.403200 0.000000 255 255 255
v 50.601406 -12.403200 0.000000 255 255 255
v 50.804600 -12.301600 0.000000 255 255 255
v 50.702995 -12.352400 0.000000 255 255 255
v 50.652199 -12.352400 0.000000 255 255 255
v 50.398209 -12.403200 0.000000 255 255 255
v 50.296600 -12.352400 0.000000 255 255 255
v 50.245808 -12.352400 0.000000 255 255 255
v 51.515797 -9.406000 16.357601 188 188 188
v 45.216606 -8.186800 16.357601 188 188 188
v 47.401005 -11.691999 16.357601 188 188 188
v 44.556206 -11.133200 16.357601 188 188 188
v 45.267403 -11.234799 16.357601 188 188 188
v 53.700199 -0.617599 16.357601 188 188 188
v 47.350197 0.652401 16.357601 188 188 188
v 52.989002 -3.563999 16.357601 188 188 188
v 46.689796 -11.539599 16.357601 188 188 188
v 45.978600 -11.387200 16.357601 188 188 188
v 48.112202 -11.844399 16.357601 188 188 188
v 48.112202 3.548001 16.357601 188 188 188
v 54.411407 2.278001 16.357601 188 188 188
v 48.823399 6.494401 16.357601 188 188 188
v 49.585403 9.390001 16.357601 188 188 188
v 55.833801 8.120002 16.357601 188 188 188
v 53.395409 11.676001 16.357601 188 188 188
v 55.122604 5.224401 16.357601 188 188 188
v 45.927803 -5.240400 16.357601 188 188 188
v 52.277805 -6.459600 16.357601 188 188 188
v 46.639000 -2.293999 16.357601 188 188 188
v 48.823399 -11.996799 16.357601 188 188 188
v 52.633404 11.879202 16.357601 188 188 188
v 51.871395 12.031601 16.357601 188 188 188
v 51.109406 12.184001 16.357601 188 188 188
v 50.296600 12.336402 16.357601 188 188 188
v 54.208199 11.523602 16.357601 188 188 188
v 55.732208 11.218801 16.357601 188 188 188
v 56.544998 11.066401 16.357601 188 188 188
v 50.652199 -12.352400 16.357601 188 188 188
v 50.702995 -12.352400 16.357601 188 188 188
v 50.804600 -12.301600 16.357601 188 188 188
v 50.601406 -12.403200 16.357601 188 188 188
v 50.499798 -12.403200 16.357601 188 188 188
v 50.449005 -12.403200 16.357601 188 188 188
v 50.398209 -12.403200 16.357601 188 188 188
v 50.296600 -12.352400 16.357601 188 188 188
v 50.245808 -12.352400 16.357601 188 188 188
v 49.534595 -12.199999 16.357601 188 188 188
v 51.109406 12.184001 14.935200 188 188 188
v 50.296600 12.336402 14.935200 188 188 188
v 50.702995 12.285601 14.935200 188 188 188
v 51.515797 -9.406000 15.849600 188 188 188
v 51.058609 -11.234799 15.849600 188 188 188
v 50.906208 -11.793599 15.849600 188 188 188
v 51.668201 -8.847199 15.849600 188 188 188
v 49.636200 -12.199999 15.849600 188 188 188
v 49.534595 -12.199999 15.849600 188 188 188
v 49.534595 -12.199999 14.935200 255 255 255
v 49.433002 -12.149199 15.849600 188 188 188
v 50.093407 -12.301600 15.849600 188 188 188
v 50.245808 -12.352400 15.849600 188 188 188
v 46.791401 -11.539599 15.849600 188 188 188
v 54.411407 2.278001 15.849600 188 188 188
v 54.106606 1.109601 14.935200 255 255 255
v 48.975800 -12.047600 15.849600 188 188 188
v 45.826199 -5.748399 15.849600 188 188 188
v 50.398209 -12.403200 15.849600 188 188 188
v 50.347397 -12.403200 15.849600 188 188 188
v 50.296600 -12.352400 15.849600 188 188 188
v 46.080204 -11.438000 15.849600 188 188 188
v 52.379398 -5.951600 15.849600 188 188 188
v 45.369007 -11.285600 15.849600 188 188 188
v 44.556206 -11.133200 14.935200 255 255 255
v 50.499798 -12.403200 15.849600 188 188 188
v 50.550610 -12.403200 15.849600 188 188 188
v 45.115002 -8.694799 15.849600 188 188 188
v 50.601406 -12.352400 15.849600 188 188 188
v 50.601406 -12.403200 15.849600 188 188 188
v 56.494202 11.066401 14.935200 255 255 255
v 55.935406 8.678802 15.849600 188 188 188
v 53.395409 11.676001 14.935200 255 255 255
v 53.039799 11.777601 14.935200 255 255 255
v 53.395409 11.676001 15.849600 188 188 188
v 47.248604 -11.641200 15.849600 188 188 188
v 50.753807 -12.352400 15.849600 188 188 188
v 50.702995 -12.352400 15.849600 188 188 188
v 50.194996 11.828401 15.849600 188 188 188
v 51.719009 12.031601 15.849600 188 188 188
v 50.449005 -12.403200 15.849600 188 188 188
v 47.401005 -11.691999 15.849600 188 188 188
v 48.112202 -11.844399 15.849600 188 188 188
v 48.213806 -11.895200 15.849600 188 188 188
v 50.296600 12.336402 15.849600 188 188 188
v 47.959801 -11.793599 15.849600 188 188 188
v 47.502598 -11.691999 15.849600 188 188 188
v 51.871395 12.031601 15.849600 188 188 188
v 51.871395 12.031601 14.935200 255 255 255
v 51.769806 -8.339200 15.849600 188 188 188
v 52.277805 -6.459600 15.849600 188 188 188
v 45.369007 -7.628000 15.849600 188 188 188
v 45.927803 -5.240400 15.849600 188 188 188
v 53.751007 -0.515999 15.849600 188 188 188
v 53.700199 -0.617599 15.849600 188 188 188
v 53.243008 -2.497200 15.849600 188 188 188
v 52.989002 -3.563999 15.849600 188 188 188
v 53.090607 -3.005199 15.849600 188 188 188
v 56.544998 11.066401 15.849600 188 188 188
v 45.216606 -8.186800 15.849600 188 188 188
v 44.657799 -10.574400 15.849600 188 188 188
v 45.826199 -11.387200 15.849600 188 188 188
v 45.267403 -11.234799 15.849600 188 188 188
v 52.531799 -5.392799 15.849600 188 188 188
v 56.392609 11.117201 15.849600 188 188 188
v 46.740604 -1.887599 15.849600 188 188 188
v 47.197796 -0.008000 15.849600 188 188 188
v 46.639000 -2.293999 14.935200 255 255 255
v 47.350197 0.500001 15.849600 188 188 188
v 48.670998 5.935601 15.849600 188 188 188
v 46.639000 -2.293999 15.849600 188 188 188
v 46.537407 -2.852799 15.849600 188 188 188
v 53.801804 11.625201 14.935200 255 255 255
v 55.478203 11.269602 15.849600 188 188 188
v 46.080204 -4.681599 15.849600 188 188 188
v 54.563808 2.836802 15.849600 188 188 188
v 54.309803 1.871600 15.849600 188 188 188
v 53.852600 -0.008000 15.849600 188 188 188
v 49.433002 8.882001 15.849600 188 188 188
v 47.502598 1.160400 15.849600 188 188 188
v 47.959801 3.040000 15.849600 188 188 188
v 48.112202 3.548001 15.849600 188 188 188
v 50.652199 -12.352400 15.849600 188 188 188
v 55.833801 8.120002 15.849600 188 188 188
v 55.681400 7.612000 15.849600 188 188 188
v 55.275005 5.732400 15.849600 188 188 188
v 48.975800 7.002401 15.849600 188 188 188
v 49.585403 9.390001 15.849600 188 188 188
v 54.208199 11.523602 15.849600 188 188 188
v 54.055809 11.574401 15.849600 188 188 188
v 55.173401 11.320401 15.849600 188 188 188
v 50.804600 -12.301600 15.849600 188 188 188
v 48.823399 6.494401 15.849600 188 188 188
v 48.213806 4.106802 15.849600 188 188 188
v 56.087807 9.186801 15.849600 188 188 188
v 55.884598 11.168001 15.849600 188 188 188
v 55.732208 11.218801 15.849600 188 188 188
v 53.903408 11.574401 15.849600 188 188 188
v 53.293804 11.726802 15.849600 188 188 188
v 53.141403 11.726802 15.849600 188 188 188
v 48.874195 -11.996799 15.849600 188 188 188
v 52.633404 11.879202 15.849600 188 188 188
v 52.481003 11.879202 15.849600 188 188 188
v 52.379398 11.930001 15.849600 188 188 188
v 48.823399 -11.996799 15.849600 188 188 188
v 51.566608 12.082402 15.849600 188 188 188
v 51.109406 12.184001 15.849600 188 188 188
v 49.686996 9.948801 15.849600 188 188 188
v 50.957005 12.184001 15.849600 188 188 188
v 50.804600 12.234801 15.849600 188 188 188
v 55.122604 5.224401 15.849600 188 188 188
v 54.665401 3.344801 15.849600 188 188 188
v 48.366196 -11.895200 15.849600 188 188 188
v 47.350197 0.652401 15.849600 188 188 188
v 44.657799 -11.133200 15.849600 188 188 188
v 44.556206 -11.133200 15.849600 188 188 188
v 45.978600 -11.387200 15.849600 188 188 188
v 46.537407 -11.488799 15.849600 188 188 188
v 46.689796 -11.539599 15.849600 188 188 188
v 45.115002 -11.234799 15.849600 188 188 188

v 45.115002 -11.234799 15.849600 188 188 188
v 45.267403 -11.234799 16.357601 188 188 188
v 45.115002 -11.234799 15.849600 188 188 188
v 44.556206 -11.133200 16.357601 188 188 188
v 44.657799 -11.133200 15.849600 188 188 188
v 44.556206 -11.133200 16.357601 188 188 188
v 44.556206 -11.133200 15.849600 188 188 188
v 44.556206 -11.133200 16.357601 188 188 188
v 45.927803 -5.240400 16.357601 188 188 188
v 45.826199 -5.748399 15.849600 188 188 188
v 54.411407 2.278001 15.849600 188 188 188
v 54.411407 2.278001 16.357601 188 188 188
v 54.309803 1.871600 15.849600 188 188 188
v 54.411407 2.278001 16.357601 188 188 188
v 54.309803 1.871600 15.849600 188 188 188
v 53.700199 -0.617599 16.357601 188 188 188
v 53.852600 -0.008000 15.849600 188 188 188
v 53.700199 -0.617599 16.357601 188 188 188
v 53.751007 -0.515999 15.849600 188 188 188
v 53.700199 -0.617599 16.357601 188 188 188
v 53.700199 -0.617599 16.357601 188 188 188
v 53.700199 -0.617599 15.849600 188 188 188
v 53.700199 -0.617599 15.849600 188 188 188
v 52.989002 -3.563999 16.357601 188 188 188
v 52.989002 -3.563999 16.357601 188 188 188
v 52.989002 -3.563999 15.849600 188 188 188
v 52.989002 -3.563999 16.357601 188 188 188
v 52.989002 -3.563999 15.849600 188 188 188
v 52.277805 -6.459600 16.357601 188 188 188
v 48.112202 -11.844399 16.357601 188 188 188
v 48.366196 -11.895200 15.849600 188 188 188
v 48.112202 -11.844399 16.357601 188 188 188
v 48.823399 -11.996799 15.849600 188 188 188
v 48.823399 -11.996799 15.849600 188 188 188
v 48.823399 -11.996799 16.357601 188 188 188
v 48.874195 -11.996799 15.849600 188 188 188
v 48.823399 -11.996799 16.357601 188 188 188
v 48.823399 -11.996799 16.357601 188 188 188
v 48.975800 -12.047600 15.849600 188 188 188
v 50.093407 -12.301600 15.849600 188 188 188
v 50.245808 -12.352400 16.357601 188 188 188
v 50.093407 -12.301600 15.849600 188 188 188
v 49.534595 -12.199999 16.357601 188 188 188
v 49.534595 -12.199999 16.357601 188 188 188
v 50.245808 -12.352400 16.357601 188 188 188
v 51.515797 -9.406000 16.357601 188 188 188
v 50.245808 -12.352400 16.357601 188 188 188
v 51.515797 -9.406000 16.357601 188 188 188
v 50.296600 -12.352400 16.357601 188 188 188
v 51.515797 -9.406000 16.357601 188 188 188
v 50.398209 -12.403200 16.357601 188 188 188
v 51.515797 -9.406000 16.357601 188 188 188
v 50.449005 -12.403200 16.357601 188 188 188
v 51.515797 -9.406000 16.357601 188 188 188
v 50.499798 -12.403200 16.357601 188 188 188
v 51.515797 -9.406000 16.357601 188 188 188
v 50.601406 -12.403200 16.357601 188 188 188
v 51.515797 -9.406000 16.357601 188 188 188
v 50.652199 -12.352400 16.357601 188 188 188
v 51.515797 -9.406000 16.357601 188 188 188
v 50.702995 -12.352400 16.357601 188 188 188
v 51.515797 -9.406000 16.357601 188 188 188
v 50.804600 -12.301600 16.357601 188 188 188
v 51.515797 -9.406000 15.849600 188 188 188
v 50.804600 -12.301600 16.357601 188 188 188
v 51.515797 -9.406000 16.357601 188 188 188
v 51.515797 -9.406000 16.357601 188 188 188
v 51.769806 -8.339200 15.849600 188 188 188
v 52.277805 -6.459600 15.849600 188 188 188
v 52.277805 -6.459600 16.357601 188 188 188
v 51.515797 -9.406000 16.357601 188 188 188
v 52.277805 -6.459600 16.357601 188 188 188
v 45.927803 -5.240400 16.357601 188 188 188
v 51.515797 -9.406000 16.357601 188 188 188
v 51.515797 -9.406000 16.357601 188 188 188
v 45.927803 -5.240400 16.357601 188 188 188
v 51.515797 -9.406000 16.357601 188 188 188
v 45.216606 -8.186800 16.357601 188 188 188
v 51.515797 -9.406000 16.357601 188 188 188
v 47.401005 -11.691999 16.357601 188 188 188
v 48.112202 -11.844399 16.357601 188 188 188
v 48.112202 -11.844399 16.357601 188 188 188
v 47.401005 -11.691999 16.357601 188 188 188
v 47.401005 -11.691999 16.357601 188 188 188
v 45.216606 -8.186800 16.357601 188 188 188
v 47.401005 -11.691999 16.357601 188 188 188
v 46.689796 -11.539599 16.357601 188 188 188
v 46.689796 -11.539599 16.357601 188 188 188
v 45.216606 -8.186800 16.357601 188 188 188
v 46.689796 -11.539599 16.357601 188 188 188
v 45.978600 -11.387200 16.357601 188 188 188
v 45.978600 -11.387200 16.357601 188 188 188
v 45.216606 -8.186800 16.357601 188 188 188
v 45.267403 -11.234799 16.357601 188 188 188
v 45.978600 -11.387200 16.357601 188 188 188
v 45.267403 -11.234799 16.357601 188 188 188
v 45.826199 -11.387200 15.849600 188 188 188
v 45.267403 -11.234799 16.357601 188 188 188
v 45.826199 -11.387200 15.849600 188 188 188
v 45.978600 -11.387200 16.357601 188 188 188
v 45.978600 -11.387200 15.849600 188 188 188
v 45.978600 -11.387200 16.357601 188 188 188
v 45.927803 -5.240400 16.357601 188 188 188
v 52.277805 -6.459600 16.357601 188 188 188
v 45.927803 -5.240400 16.357601 188 188 188
v 46.639000 -2.293999 16.357601 188 188 188
v 52.277805 -6.459600 15.849600 188 188 188
v 52.277805 -6.459600 16.357601 188 188 188
v 51.058609 -11.234799 15.849600 188 188 188
v 50.804600 -12.301600 16.357601 188 188 188
v 50.906208 -11.793599 15.849600 188 188 188
v 50.804600 -12.301600 16.357601 188 188 188
v 51.515797 -9.406000 15.849600 188 188 188
v 51.668201 -8.847199 15.849600 188 188 188
v 51.515797 -9.406000 16.357601 188 188 188
v 50.804600 -12.301600 15.849600 188 188 188
v 50.804600 -12.301600 16.357601 188 188 188
v 50.702995 -12.352400 16.357601 188 188 188
v 50.804600 -12.301600 15.849600 188 188 188
v 50.702995 -12.352400 16.357601 188 188 188
v 50.753807 -12.352400 15.849600 188 188 188
v 50.702995 -12.352400 16.357601 188 188 188
v 50.702995 -12.352400 15.849600 188 188 188
v 50.652199 -12.352400 16.357601 188 188 188
v 50.702995 -12.352400 15.849600 188 188 188
v 50.702995 -12.352400 16.357601 188 188 188
v 50.652199 -12.352400 16.357601 188 188 188
v 50.652199 -12.352400 15.849600 188 188 188
v 50.652199 -12.352400 16.357601 188 188 188
v 50.601406 -12.403200 16.357601 188 188 188
v 50.652199 -12.352400 15.849600 188 188 188
v 50.601406 -12.403200 16.357601 188 188 188
v 50.601406 -12.352400 15.849600 188 188 188
v 50.601406 -12.403200 16.357601 188 188 188
v 50.499798 -12.403200 16.357601 188 188 188
v 50.601406 -12.403200 15.849600 188 188 188
v 50.499798 -12.403200 16.357601 188 188 188
v 50.550610 -12.403200 15.849600 188 188 188
v 50.601406 -12.403200 16.357601 188 188 188
v 50.499798 -12.403200 16.357601 188 188 188
v 50.601406 -12.403200 15.849600 188 188 188
v 50.499798 -12.403200 15.849600 188 188 188
v 50.499798 -12.403200 16.357601 188 188 188
v 50.449005 -12.403200 16.357601 188 188 188
v 50.499798 -12.403200 15.849600 188 188 188
v 50.449005 -12.403200 16.357601 188 188 188
v 50.449005 -12.403200 15.849600 188 188 188
v 50.449005 -12.403200 16.357601 188 188 188
v 50.398209 -12.403200 16.357601 188 188 188
v 50.449005 -12.403200 15.849600 188 188 188
v 50.398209 -12.403200 16.357601 188 188 188
v 50.398209 -12.403200 15.849600 188 188 188
v 50.398209 -12.403200 16.357601 188 188 188
v 50.347397 -12.403200 15.849600 188 188 188
v 50.398209 -12.403200 16.357601 188 188 188
v 50.296600 -12.352400 16.357601 188 188 188
v 50.347397 -12.403200 15.849600 188 188 188
v 50.296600 -12.352400 16.357601 188 188 188
v 50.296600 -12.352400 15.849600 188 188 188
v 50.296600 -12.352400 16.357601 188 188 188
v 50.245808 -12.352400 16.357601 188 188 188
v 51.515797 -9.406000 16.357601 188 188 188
v 48.823399 -11.996799 16.357601 188 188 188
v 49.534595 -12.199999 16.357601 188 188 188
v 50.296600 -12.352400 15.849600 188 188 188
v 50.245808 -12.352400 16.357601 188 188 188
v 50.245808 -12.352400 15.849600 188 188 188
v 49.636200 -12.199999 15.849600 188 188 188
v 49.534595 -12.199999 16.357601 188 188 188
v 49.433002 -12.149199 15.849600 188 188 188
v 49.534595 -12.199999 15.849600 188 188 188
v 49.534595 -12.199999 16.357601 188 188 188
v 49.433002 -12.149199 15.849600 188 188 188
v 49.534595 -12.199999 16.357601 188 188 188
v 48.823399 -11.996799 16.357601 188 188 188
v 51.515797 -9.406000 16.357601 188 188 188
v 48.112202 -11.844399 16.357601 188 188 188
v 48.823399 -11.996799 16.357601 188 188 188
v 48.213806 -11.895200 15.849600 188 188 188
v 48.112202 -11.844399 16.357601 188 188 188
v 47.959801 -11.793599 15.849600 188 188 188
v 48.112202 -11.844399 15.849600 188 188 188
v 48.112202 -11.844399 16.357601 188 188 188
v 47.959801 -11.793599 15.849600 188 188 188
v 47.401005 -11.691999 16.357601 188 188 188
v 47.502598 -11.691999 15.849600 188 188 188
v 47.401005 -11.691999 16.357601 188 188 188
v 47.248604 -11.641200 15.849600 188 188 188
v 47.401005 -11.691999 15.849600 188 188 188
v 47.401005 -11.691999 16.357601 188 188 188
v 47.248604 -11.641200 15.849600 188 188 188
v 46.689796 -11.539599 16.357601 188 188 188
v 46.791401 -11.539599 15.849600 188 188 188
v 46.689796 -11.539599 16.357601 188 188 188
v 46.537407 -11.488799 15.849600 188 188 188
v 46.689796 -11.539599 15.849600 188 188 188
v 46.689796 -11.539599 16.357601 188 188 188
v 46.537407 -11.488799 15.849600 188 188 188
v 45.978600 -11.387200 16.357601 188 188 188
v 46.080204 -11.438000 15.849600 188 188 188
v 52.379398 -5.951600 15.849600 188 188 188
v 52.531799 -5.392799 15.849600 188 188 188
v 52.277805 -6.459600 16.357601 188 188 188
v 52.989002 -3.563999 16.357601 188 188 188
v 46.639000 -2.293999 16.357601 188 188 188
v 52.277805 -6.459600 16.357601 188 188 188
v 46.639000 -2.293999 16.357601 188 188 188
v 52.989002 -3.563999 16.357601 188 188 188
v 46.639000 -2.293999 16.357601 188 188 188
v 47.350197 0.652401 16.357601 188 188 188
v 46.740604 -1.887599 15.849600 188 188 188
v 47.350197 0.652401 16.357601 188 188 188
v 46.639000 -2.293999 16.357601 188 188 188
v 55.122604 5.224401 15.849600 188 188 188
v 55.122604 5.224401 16.357601 188 188 188
v 54.411407 2.278001 16.357601 188 188 188
v 55.122604 5.224401 15.849600 188 188 188
v 54.411407 2.278001 16.357601 188 188 188
v 55.122604 5.224401 16.357601 188 188 188
v 54.411407 2.278001 16.357601 188 188 188
v 54.411407 2.278001 16.357601 188 188 188
v 48.823399 6.494401 16.357601 188 188 188
v 48.112202 3.548001 16.357601 188 188 188
v 48.823399 6.494401 16.357601 188 188 188
v 48.213806 4.106802 15.849600 188 188 188
v 48.823399 6.494401 16.357601 188 188 188
v 48.112202 3.548001 16.357601 188 188 188
v 48.112202 3.548001 16.357601 188 188 188
v 47.959801 3.040000 15.849600 188 188 188
v 47.502598 1.160400 15.849600 188 188 188
v 47.350197 0.652401 16.357601 188 188 188
v 47.350197 0.652401 15.849600 188 188 188
v 47.350197 0.652401 16.357601 188 188 188
v 47.502598 1.160400 15.849600 188 188 188
v 47.350197 0.652401 16.357601 188 188 188
v 48.112202 3.548001 16.357601 188 188 188
v 47.350197 0.652401 16.357601 188 188 188
v 53.700199 -0.617599 16.357601 188 188 188
v 48.112202 3.548001 16.357601 188 188 188
v 56.087807 9.186801 15.849600 188 188 188
v 55.833801 8.120002 16.357601 188 188 188
v 55.935406 8.678802 15.849600 188 188 188
v 55.833801 8.120002 16.357601 188 188 188
v 55.833801 8.120002 16.357601 188 188 188
v 55.833801 8.120002 15.849600 188 188 188
v 55.681400 7.612000 15.849600 188 188 188
v 55.833801 8.120002 16.357601 188 188 188
v 55.122604 5.224401 16.357601 188 188 188
v 55.833801 8.120002 16.357601 188 188 188
v 55.122604 5.224401 16.357601 188 188 188
v 49.585403 9.390001 16.357601 188 188 188
v 55.833801 8.120002 16.357601 188 188 188
v 49.585403 9.390001 16.357601 188 188 188
v 53.395409 11.676001 16.357601 188 188 188
v 49.585403 9.390001 16.357601 188 188 188
v 52.633404 11.879202 16.357601 188 188 188
v 49.585403 9.390001 16.357601 188 188 188
v 51.871395 12.031601 16.357601 188 188 188
v 49.585403 9.390001 16.357601 188 188 188
v 51.109406 12.184001 16.357601 188 188 188
v 49.585403 9.390001 16.357601 188 188 188
v 50.296600 12.336402 16.357601 188 188 188
v 49.686996 9.948801 15.849600 188 188 188
v 50.296600 12.336402 16.357601 188 188 188
v 49.585403 9.390001 16.357601 188 188 188
v 49.585403 9.390001 16.357601 188 188 188
v 49.433002 8.882001 15.849600 188 188 188
v 48.823399 6.494401 16.357601 188 188 188
v 48.975800 7.002401 15.849600 188 188 188
v 48.975800 7.002401 15.849600 188 188 188
v 48.823399 6.494401 16.357601 188 188 188
v 49.585403 9.390001 16.357601 188 188 188
v 54.055809 11.574401 15.849600 188 188 188
v 54.208199 11.523602 16.357601 188 188 188
v 54.208199 11.523602 15.849600 188 188 188
v 54.208199 11.523602 16.357601 188 188 188
v 54.208199 11.523602 15.849600 188 188 188
v 55.732208 11.218801 16.357601 188 188 188
v 55.732208 11.218801 16.357601 188 188 188
v 55.732208 11.218801 15.849600 188 188 188
v 55.732208 11.218801 16.357601 188 188 188
v 55.884598 11.168001 15.849600 188 188 188
v 55.732208 11.218801 16.357601 188 188 188
v 55.884598 11.168001 15.849600 188 188 188
v 56.544998 11.066401 16.357601 188 188 188
v 56.392609 11.117201 15.849600 188 188 188
v 56.544998 11.066401 16.357601 188 188 188
v 56.544998 11.066401 15.849600 188 188 188
v 56.544998 11.066401 16.357601 188 188 188
v 55.732208 11.218801 16.357601 188 188 188
v 55.833801 8.120002 16.357601 188 188 188
v 55.478203 11.269602 15.849600 188 188 188
v 55.173401 11.320401 15.849600 188 188 188
v 55.732208 11.218801 16.357601 188 188 188
v 54.208199 11.523602 16.357601 188 188 188
v 55.833801 8.120002 16.357601 188 188 188
v 55.732208 11.218801 16.357601 188 188 188
v 54.208199 11.523602 16.357601 188 188 188
v 53.903408 11.574401 15.849600 188 188 188
v 53.395409 11.676001 15.849600 188 188 188
v 53.395409 11.676001 16.357601 188 188 188
v 54.208199 11.523602 16.357601 188 188 188
v 53.395409 11.676001 15.849600 188 188 188
v 53.395409 11.676001 16.357601 188 188 188
v 53.293804 11.726802 15.849600 188 188 188
v 53.395409 11.676001 16.357601 188 188 188
v 53.395409 11.676001 16.357601 188 188 188
v 53.141403 11.726802 15.849600 188 188 188
v 52.633404 11.879202 15.849600 188 188 188
v 52.633404 11.879202 16.357601 188 188 188
v 52.481003 11.879202 15.849600 188 188 188
v 52.633404 11.879202 16.357601 188 188 188
v 52.633404 11.879202 16.357601 188 188 188
v 52.379398 11.930001 15.849600 188 188 188
v 51.871395 12.031601 16.357601 188 188 188
v 51.871395 12.031601 15.849600 188 188 188
v 51.719009 12.031601 15.849600 188 188 188
v 51.871395 12.031601 16.357601 188 188 188
v 51.871395 12.031601 16.357601 188 188 188
v 51.566608 12.082402 15.849600 188 188 188
v 51.109406 12.184001 15.849600 188 188 188
v 51.109406 12.184001 16.357601 188 188 188
v 50.957005 12.184001 15.849600 188 188 188
v 51.109406 12.184001 16.357601 188 188 188
v 51.109406 12.184001 16.357601 188 188 188
v 50.804600 12.234801 15.849600 188 188 188
v 50.296600 12.336402 16.357601 188 188 188
v 50.296600 12.336402 15.849600 188 188 188
v 50.194996 11.828401 15.849600 188 188 188
v 49.585403 9.390001 15.849600 188 188 188
v 49.585403 9.390001 16.357601 188 188 188
v 49.686996 9.948801 15.849600 188 188 188
v 51.109406 12.184001 16.357601 188 188 188
v 50.296600 12.336402 15.849600 188 188 188
v 50.296600 12.336402 16.357601 188 188 188
v 51.109406 12.184001 15.849600 188 188 188
v 51.109406 12.184001 16.357601 188 188 188
v 51.871395 12.031601 16.357601 188 188 188
v 51.871395 12.031601 15.849600 188 188 188
v 51.871395 12.031601 16.357601 188 188 188
v 52.633404 11.879202 16.357601 188 188 188
v 52.633404 11.879202 15.849600 188 188 188
v 52.633404 11.879202 16.357601 188 188 188
v 53.395409 11.676001 16.357601 188 188 188
v 53.395409 11.676001 16.357601 188 188 188
v 55.833801 8.120002 16.357601 188 188 188
v 54.208199 11.523602 16.357601 188 188 188
v 56.544998 11.066401 15.849600 188 188 188
v 56.544998 11.066401 16.357601 188 188 188
v 55.833801 8.120002 16.357601 188 188 188
v 48.823399 6.494401 16.357601 188 188 188
v 48.823399 6.494401 15.849600 188 188 188
v 48.670998 5.935601 15.849600 188 188 188
v 48.112202 3.548001 15.849600 188 188 188
v 48.112202 3.548001 16.357601 188 188 188
v 48.213806 4.106802 15.849600 188 188 188
v 48.823399 6.494401 16.357601 188 188 188
v 55.122604 5.224401 16.357601 188 188 188
v 49.585403 9.390001 16.357601 188 188 188
v 55.681400 7.612000 15.849600 188 188 188
v 55.122604 5.224401 16.357601 188 188 188
v 55.275005 5.732400 15.849600 188 188 188
v 47.350197 0.500001 15.849600 188 188 188
v 47.197796 -0.008000 15.849600 188 188 188
v 47.350197 0.652401 16.357601 188 188 188
v 46.639000 -2.293999 15.849600 188 188 188
v 46.639000 -2.293999 16.357601 188 188 188
v 46.740604 -1.887599 15.849600 188 188 188
v 53.090607 -3.005199 15.849600 188 188 188
v 53.243008 -2.497200 15.849600 188 188 188
v 52.989002 -3.563999 16.357601 188 188 188
v 53.700199 -0.617599 16.357601 188 188 188
v 47.350197 0.652401 16.357601 188 188 188
v 52.989002 -3.563999 16.357601 188 188 188
v 54.411407 2.278001 16.357601 188 188 188
v 48.112202 3.548001 16.357601 188 188 188
v 53.700199 -0.617599 16.357601 188 188 188
v 54.563808 2.836802 15.849600 188 188 188
v 54.665401 3.344801 15.849600 188 188 188
v 54.411407 2.278001 16.357601 188 188 188
v 46.080204 -4.681599 15.849600 188 188 188
v 46.639000 -2.293999 16.357601 188 188 188
v 46.537407 -2.852799 15.849600 188 188 188
v 45.927803 -5.240400 15.849600 188 188 188
v 45.927803 -5.240400 16.357601 188 188 188
v 46.080204 -4.681599 15.849600 188 188 188
v 45.369007 -7.628000 15.849600 188 188 188
v 45.216606 -8.186800 16.357601 188 188 188
v 45.927803 -5.240400 16.357601 188 188 188
v 45.216606 -8.186800 16.357601 188 188 188
v 45.369007 -7.628000 15.849600 188 188 188
v 45.216606 -8.186800 15.849600 188 188 188
v 45.216606 -8.186800 16.357601 188 188 188
v 44.657799 -10.574400 15.849600 188 188 188
v 45.216606 -8.186800 16.357601 188 188 188
v 45.115002 -8.694799 15.849600 188 188 188
v 44.657799 -10.574400 15.849600 188 188 188
v 44.556206 -11.133200 16.357601 188 188 188
v 45.216606 -8.186800 16.357601 188 188 188
v 44.556206 -11.133200 16.357601 188 188 188
v 45.267403 -11.234799 16.357601 188 188 188
v 45.216606 -8.186800 16.357601 188 188 188
v 45.267403 -11.234799 15.849600 188 188 188
v 45.369007 -11.285600 15.849600 188 188 188
v 45.267403 -11.234799 16.357601 188 188 188

f 4534 4477 4380
f 4535 4536 4379
f 4537 4538 4529
f 4530 4539 4540
f 4541 4542 4475
f 4466 4394 4432
f 4543 4467 4544
f 4429 4490 4388
f 4491 4545 4546
f 4547 4548 4381
f 4549 4550 4492
f 4468 4551 4552
f 4469 4553 4554
f 4555 4383 4556
f 4557 4558 4470
f 4471 4472 4559
f 4560 4561 4395
f 4562 4563 4478
f 4458 4527 4386
f 4519 4564 4565
f 4397 4566 4567
f 4568 4515 4569
f 4570 4431 4571
f 4425 4572 4573
f 4426 4427 4413
f 4574 4575 4414
f 4576 4577 4422
f 4376 4578 4579
f 4580 4581 4412
f 4582 4583 4411
f 4584 4585 4410
f 4586 4587 4409
f 4588 4589 4408
f 4590 4591 4405
f 4592 4593 4406
f 4594 4595 4407
f 4418 4596 4597
f 4598 4599 4419
f 4421 4464 4600
f 4465 4601 4602
f 4603 4604 4605
f 4606 4607 4608
f 4377 4609 4610
f 4611 4612 4378
f 4613 4614 4615
f 4460 4616 4617
f 4618 4619 4384
f 4450 4620 4621
f 4622 4623 4385
f 4532 4624 4625
f 4626 4627 4628
f 4476 4629 4630
f 4631 4632 4438
f 4633 4531 4634
f 4635 4436 4636
f 4637 4638 4396
f 4489 4639 4640
f 4641 4437 4642
f 4420 4643 4644
f 4506 4645 4646
f 4647 4648 4649
f 4650 4651 4652
f 4653 4654 4451
f 4452 4655 4656
f 4657 4658 4497
f 4659 4660 4661
f 4662 4663 4664
f 4665 4666 4443
f 4444 4667 4668
f 4440 4441 4669
f 4670 4671 4672
f 4673 4674 4675
f 4676 4677 4678
f 4679 4680 4455
f 4681 4682 4683
f 4684 4685 4433
f 4434 4686 4687
f 4688 4689 4690
f 4691 4692 4435
f 4693 4694 4695
f 4696 4697 4698
f 4699 4700 4701
f 4423 4702 4703
f 4704 4705 4706
f 4707 4708 4709
f 4710 4711 4712
f 4457 4713 4714
f 4715 4716 4717
f 4718 4719 4461
f 4456 4720 4721
f 4722 4723 4724
f 4725 4726 4428
f 4533 4727 4728
f 4729 4730 4731
f 4732 4733 4734
f 4735 4736 4737
f 4738 4739 4740
f 4741 4742 4382
f 4480 4743 4744
f 4745 4746 4481
f 4747 4485 4486
f 4525 4500 4393
f 4748 4749 4750
f 4751 4752 4526
f 4753 4389 4754
f 4387 4755 4756
f 4508 4757 4758
f 4759 4760 4484
f 4761 4496 4495
f 4494 4762 4763
f 4764 4528 4765
f 4766 4483 4767
f 4768 4769 4770
f 4771 4772 4773
f 4473 4391 4509
f 4446 4774 4775
f 4498 4776 4777
f 4778 4499 4779
f 4780 4781 4782
f 4783 4390 4784
f 4785 4786 4392
f 4787 4788 4398
f 4789 4790 4399
f 4791 4792 4400
f 4793 4794 4401
f 4522 4795 4796
f 4797 4798 4453
f 4799 4502 4493
f 4501 4800 4801
f 4507 4802 4803
f 4804 4805 4806
f 4504 4512 4402
f 4503 4807 4808
f 4809 4810 4403
f 4811 4812 4505
f 4488 4813 4511
f 4814 4815 4510
f 4816 4817 4404
f 4818 4819 4479
f 4820 4821 4822
f 4823 4824 4825
f 4826 4827 4828
f 4829 4830 4831
f 4449 4832 4833
f 4834 4835 4836
f 4837 4513 4838
f 4839 4514 4840
f 4516 4841 4842
f 4843 4517 4844
f 4845 4518 4846
f 4462 4847 4848
f 4454 4849 4850
f 4851 4520 4852
f 4521 4853 4854
f 4855 4523 4856
f 4857 4524 4858
f 4459 4859 4860
f 4415 4416 4417
f 4861 4862 4863
f 4864 4865 4866
f 4867 4868 4869
f 4870 4871 4872
f 4873 4874 4875
f 4876 4877 4878
f 4879 4880 4881
f 4882 4883 4884
f 4885 4886 4887
f 4888 4889 4890
f 4891 4892 4893
f 4894 4895 4896
f 4897 4898 4899
f 4900 4901 4902
f 4903 4904 4905
f 4906 4907 4908
f 4909 4910 4911
f 4912 4913 4914
f 4915 4916 4917
f 4918 4919 4920
f 4921 4922 4923
f 4474 4924 4925
f 4926 4442 4927
f 4928 4929 4930
f 4931 4932 4933
f 4934 4935 4936
f 4937 4938 4939

usemtl BaseColor_0
f 4334 4335 4336
f 4336 4337 4334
f 4350 4334 4337
f 4337 4351 4350
f 4350 4351 4477
f 4477 4439 4350
f 4534 4439 4477
f 4439 4530 4475
f 4475 4442 4439
f 4439 4442 4334
f 4442 4474 4334
f 4334 4474 4466
f 4466 4432 4334
f 4467 4335 4432
f 4335 4467 4489
f 4489 4486 4335
f 4335 4486 4363
f 4335 4363 4364
f 4364 4341 4335
f 4430 4341 4364
f 4429 4430 4364
f 4362 4429 4364
f 4429 4362 4490
f 4491 4492 4430
f 4468 4430 4492
f 4469 4470 4336
f 4472 4336 4470
f 4471 4336 4472
f 4471 4478 4337
f 4437 4337 4478
f 4437 4346 4337
f 4337 4346 4347
f 4346 4348 4347
f 4436 4347 4348
f 4532 4436 4348
f 4533 4532 4348
f 4428 4533 4348
f 4428 4348 4349
f 4450 4428 4349
f 4456 4450 4349
f 4461 4456 4349
f 4461 4349 4344
f 4460 4461 4344
f 4457 4460 4344
f 4344 4345 4457
f 4458 4457 4345
f 4458 4345 4527
f 4425 4431 4424
f 4423 4425 4424
f 4422 4423 4424
f 4422 4424 4365
f 4375 4422 4365
f 4366 4375 4365
f 4343 4366 4365
f 4343 4365 4345
f 4343 4420 4366
f 4420 4370 4366
f 4366 4370 4371
f 4366 4371 4372
f 4366 4372 4369
f 4366 4369 4367
f 4366 4367 4368
f 4366 4368 4373
f 4366 4373 4374
f 4373 4435 4374
f 4435 4427 4374
f 4374 4427 4375
f 4426 4375 4427
f 4418 4419 4343
f 4343 4421 4418
f 4421 4343 4342
f 4346 4421 4342
f 4346 4342 4349
f 4421 4346 4464
f 4476 4438 4347
f 4531 4476 4347
f 4347 4438 4351
f 4465 4464 4346
f 4342 4343 4344
f 4506 4451 4370
f 4451 4452 4371
f 4452 4497 4371
f 4497 4443 4372
f 4443 4444 4369
f 4444 4441 4369
f 4441 4440 4369
f 4440 4455 4367
f 4455 4433 4368
f 4433 4434 4373
f 4434 4435 4373
f 4373 4368 4433
f 4455 4368 4367
f 4367 4369 4440
f 4443 4369 4372
f 4497 4372 4371
f 4451 4371 4370
f 4370 4420 4506
f 4420 4343 4419
f 4366 4374 4375
f 4426 4422 4375
f 4424 4345 4365
f 4424 4515 4345
f 4515 4424 4431
f 4515 4519 4345
f 4519 4527 4345
f 4343 4345 4344
f 4342 4344 4349
f 4436 4531 4347
f 4346 4349 4348
f 4346 4437 4465
f 4480 4481 4482
f 4482 4485 4480
f 4485 4482 4486
f 4483 4482 4481
f 4482 4483 4361
f 4482 4361 4363
f 4363 4361 4360
f 4360 4362 4363
f 4525 4362 4360
f 4525 4360 4500
f 4508 4484 4340
f 4340 4496 4508
f 4496 4340 4495
f 4494 4495 4361
f 4494 4361 4528
f 4361 4495 4340
f 4484 4357 4340
f 4340 4357 4359
f 4340 4359 4338
f 4338 4339 4340
f 4339 4360 4340
f 4446 4360 4339
f 4445 4446 4339
f 4473 4445 4339
f 4473 4509 4445
f 4498 4499 4360
f 4522 4453 4352
f 4352 4502 4522
f 4502 4352 4493
f 4501 4493 4357
f 4357 4507 4501
f 4493 4352 4357
f 4357 4352 4354
f 4357 4354 4358
f 4354 4447 4358
f 4487 4358 4447
f 4504 4487 4447
f 4504 4447 4512
f 4503 4505 4487
f 4488 4487 4505
f 4487 4488 4359
f 4511 4359 4488
f 4510 4479 4359
f 4473 4338 4479
f 4510 4359 4511
f 4516 4514 4448
f 4516 4448 4463
f 4516 4463 4517
f 4462 4518 4463
f 4462 4463 4454
f 4521 4520 4415
f 4521 4415 4417
f 4521 4417 4523
f 4459 4524 4416
f 4459 4416 4453
f 4416 4355 4453
f 4415 4355 4416
f 4415 4356 4355
f 4352 4355 4356
f 4352 4356 4353
f 4356 4463 4353
f 4415 4454 4356
f 4523 4416 4524
f 4523 4417 4416
f 4454 4415 4520
f 4356 4454 4463
f 4517 4463 4518
f 4448 4353 4463
f 4353 4448 4354
f 4513 4448 4514
f 4449 4448 4513
f 4448 4449 4447
f 4449 4512 4447
f 4503 4487 4504
f 4487 4359 4358
f 4447 4354 4448
f 4352 4353 4354
f 4352 4453 4355
f 4446 4445 4509
f 4360 4446 4498
f 4473 4339 4338
f 4359 4479 4338
f 4357 4358 4359
f 4507 4357 4484
f 4499 4500 4360
f 4525 4526 4362
f 4361 4340 4360
f 4528 4361 4483
f 4336 4468 4469
f 4468 4336 4341
f 4490 4362 4526
f 4491 4430 4429
f 4430 4468 4341
f 4362 4364 4363
f 4482 4363 4486
f 4529 4530 4439
f 4534 4529 4439
f 4438 4477 4351
f 4337 4347 4351
f 4439 4334 4350
f 4337 4336 4471
f 4341 4336 4335
f 4334 4432 4335


o Object.15
v 40.898605 4.767201 0.000000 255 255 255
v 48.721806 10.863201 0.000000 255 255 255
v 49.077404 10.812402 0.000000 255 255 255
v 47.807400 11.066401 0.000000 255 255 255
v 43.591003 -11.539599 0.000000 255 255 255
v 43.083004 -12.657200 0.000000 255 255 255
v 43.032207 -12.657200 0.000000 255 255 255
v 41.863808 8.678802 0.000000 255 255 255
v 45.623001 11.523602 0.000000 255 255 255
v 46.334198 11.371202 0.000000 255 255 255
v 43.946602 -10.218800 0.000000 255 255 255
v 42.320999 -12.504800 0.000000 255 255 255
v 45.673798 -3.208399 0.000000 255 255 255
v 45.115002 -5.545199 0.000000 255 255 255
v 37.342602 -9.863200 0.000000 255 255 255
v 38.409405 -11.641200 0.000000 255 255 255
v 37.698200 -11.488799 0.000000 255 255 255
v 38.358608 -5.494400 0.000000 255 255 255
v 39.069805 -2.548000 0.000000 255 255 255
v 47.096203 2.481201 0.000000 255 255 255
v 37.698200 -8.339200 0.000000 255 255 255
v 46.842197 1.465201 0.000000 255 255 255
v 41.965401 -12.454000 0.000000 255 255 255
v 36.987003 -11.387200 0.000000 255 255 255
v 42.016197 9.136001 0.000000 255 255 255
v 43.489399 11.930001 0.000000 255 255 255
v 45.369007 11.574401 0.000000 255 255 255
v 41.254204 6.240401 0.000000 255 255 255
v 42.727406 -12.606400 0.000000 255 255 255
v 40.543007 3.294002 0.000000 255 255 255
v 47.959801 6.138801 0.000000 255 255 255
v 48.518597 8.475601 0.000000 255 255 255
v 39.781002 0.347600 0.000000 255 255 255
v 46.385006 -0.414399 0.000000 255 255 255
v 46.232605 -0.871599 0.000000 255 255 255
v 42.879807 12.082402 0.000000 255 255 255
v 42.727406 12.082402 0.000000 255 255 255
v 44.759403 -6.865999 0.000000 255 255 255
v 39.831799 -11.945999 0.000000 255 255 255
v 39.120602 -11.793599 0.000000 255 255 255
v 44.505398 -7.881999 0.000000 255 255 255
v 36.987003 -11.336400 0.000000 255 255 255
v 40.543007 -12.098400 0.000000 255 255 255
v 41.254204 -12.250799 0.000000 255 255 255
v 43.133801 -12.657200 0.000000 255 255 255
v 43.336998 -12.555599 0.000000 255 255 255
v 43.286201 -12.606400 0.000000 255 255 255
v 43.184597 -12.606400 0.000000 255 255 255
v 43.235405 -12.606400 0.000000 255 255 255
v 42.778202 -12.657200 0.000000 255 255 255
v 42.828999 -12.657200 0.000000 255 255 255
v 42.879807 -12.657200 0.000000 255 255 255
v 42.930603 -12.657200 0.000000 255 255 255
v 45.115002 -5.545199 16.713202 188 188 188
v 38.765003 -4.325999 16.713202 188 188 188
v 44.505398 -7.881999 16.713202 188 188 188
v 39.933403 -11.945999 16.713202 188 188 188
v 37.647404 -8.999599 16.713202 188 188 188
v 39.374607 -11.844399 16.713202 188 188 188
v 38.206207 -6.662799 16.713202 188 188 188
v 37.088604 -11.387200 16.713202 188 188 188
v 37.647404 -11.488799 16.713202 188 188 188
v 43.946602 -10.218800 16.713202 188 188 188
v 42.930603 -12.657200 16.713202 188 188 188
v 43.032207 -12.657200 16.713202 188 188 188
v 40.492199 -12.047600 16.713202 188 188 188
v 39.323799 -1.989199 16.713202 188 188 188
v 45.673798 -3.208399 16.713202 188 188 188
v 39.933403 0.347600 16.713202 188 188 188
v 47.959801 6.138801 16.713202 188 188 188
v 41.660599 7.408802 16.713202 188 188 188
v 47.401005 3.802001 16.713202 188 188 188
v 42.270203 9.745602 16.713202 188 188 188
v 44.099003 11.828401 16.713202 188 188 188
v 43.489399 11.930001 16.713202 188 188 188
v 42.879807 12.082402 16.713202 188 188 188
v 45.369007 11.574401 16.713202 188 188 188
v 46.588203 11.320401 16.713202 188 188 188
v 48.518597 8.475601 16.713202 188 188 188
v 47.807400 11.066401 16.713202 188 188 188
v 48.467800 10.914001 16.713202 188 188 188
v 49.077404 10.812402 16.713202 188 188 188
v 45.978600 11.422001 16.713202 188 188 188
v 41.101803 5.072001 16.713202 188 188 188
v 40.492199 2.735201 16.713202 188 188 188
v 46.842197 1.465201 16.713202 188 188 188
v 46.232605 -0.871599 16.713202 188 188 188
v 42.879807 -12.657200 16.713202 188 188 188
v 42.828999 -12.606400 16.713202 188 188 188
v 43.286201 -12.606400 16.713202 188 188 188
v 43.336998 -12.555599 16.713202 188 188 188
v 42.778202 -12.606400 16.713202 188 188 188
v 42.219406 -12.454000 16.713202 188 188 188
v 41.660599 -12.352400 16.713202 188 188 188
v 41.101803 -12.199999 16.713202 188 188 188
v 38.815800 -11.691999 16.713202 188 188 188
v 43.235405 -12.606400 16.713202 188 188 188
v 43.184597 -12.606400 16.713202 188 188 188
v 43.133801 -12.657200 16.713202 188 188 188
v 43.083004 -12.657200 16.713202 188 188 188
v 38.257004 -11.590400 16.713202 188 188 188
v 39.933403 -11.945999 16.357601 188 188 188
v 39.374607 -11.844399 16.357601 188 188 188
v 39.831799 -11.945999 16.357601 188 188 188
v 39.069805 -2.548000 16.357601 188 188 188
v 38.358608 -5.494400 16.357601 188 188 188
v 38.765003 -4.325999 16.357601 188 188 188
v 42.778202 -12.606400 16.357601 188 188 188
v 42.219406 -12.454000 16.357601 188 188 188
v 42.727406 -12.606400 16.357601 188 188 188
v 42.016197 9.136001 16.357601 188 188 188
v 41.254204 6.240401 16.357601 188 188 188
v 41.660599 7.408802 16.357601 188 188 188
v 42.828999 -12.657200 16.357601 188 188 188
v 41.101803 -12.199999 16.357601 188 188 188
v 40.492199 -12.047600 16.357601 188 188 188
v 40.543007 -12.098400 16.357601 188 188 188
v 41.660599 -12.352400 16.357601 188 188 188
v 41.965401 -12.454000 16.357601 188 188 188
v 42.727406 12.082402 16.357601 188 188 188
v 42.270203 9.745602 16.357601 188 188 188
v 42.676598 -12.606400 16.357601 188 188 188
v 41.254204 -12.250799 16.357601 188 188 188
v 38.815800 -11.691999 16.357601 188 188 188
v 39.120602 -11.793599 16.357601 188 188 188
v 39.323799 -1.989199 16.357601 188 188 188
v 39.831799 -0.008000 16.357601 188 188 188
v 39.781002 0.347600 16.357601 188 188 188
v 39.933403 0.347600 16.357601 188 188 188
v 37.647404 -8.999599 16.357601 188 188 188
v 36.987003 -11.387200 16.357601 188 188 188
v 37.088604 -11.336400 16.357601 188 188 188
v 42.828999 -12.606400 16.357601 188 188 188
v 40.949402 4.462402 16.357601 188 188 188
v 41.101803 5.072001 16.357601 188 188 188
v 42.879807 12.082402 16.357601 188 188 188
v 40.543007 3.294002 16.357601 188 188 188
v 40.492199 2.735201 16.357601 188 188 188
v 38.409405 -11.641200 16.357601 188 188 188
v 38.307800 -11.590400 16.357601 188 188 188
v 37.647404 -8.440800 16.357601 188 188 188
v 37.698200 -11.488799 16.357601 188 188 188
v 38.257004 -11.590400 16.357601 188 188 188
v 38.206207 -6.662799 16.357601 188 188 188
v 37.850601 -8.237599 16.357601 188 188 188
v 37.647404 -11.488799 16.357601 188 188 188
v 42.879807 -12.657200 16.357601 188 188 188
v 37.596603 -11.488799 16.357601 188 188 188
v 37.088604 -11.387200 16.357601 188 188 188
v 42.930603 -12.657200 16.357601 188 188 188
v 43.032207 -12.657200 15.849600 188 188 188
v 42.981400 -12.657200 15.849600 188 188 188
v 42.879807 -12.657200 15.849600 188 188 188
v 42.930603 -12.657200 15.849600 188 188 188
v 43.083004 -12.657200 15.849600 188 188 188
v 43.946602 -10.218800 15.849600 188 188 188
v 42.067005 -12.454000 15.849600 188 188 188
v 45.267403 -4.884799 15.849600 188 188 188
v 42.219406 -12.504800 15.849600 188 188 188
v 36.987003 -11.387200 15.849600 188 188 188
v 37.088604 -11.387200 15.849600 188 188 188
v 41.965401 -12.454000 15.849600 188 188 188
v 41.813000 -12.403200 15.849600 188 188 188
v 41.355797 -12.301600 15.849600 188 188 188
v 41.254204 -12.250799 15.849600 188 188 188
v 41.254204 -12.250799 14.935200 255 255 255
v 43.336998 11.980802 15.849600 188 188 188
v 44.048206 -9.710799 15.849600 188 188 188
v 43.743404 -10.879200 15.849600 188 188 188
v 37.698200 -11.488799 15.849600 188 188 188
v 43.489399 -12.047600 15.849600 188 188 188
v 43.336998 -12.555599 15.849600 188 188 188
v 37.241005 -11.438000 15.849600 188 188 188
v 43.286201 -12.606400 15.849600 188 188 188
v 43.286201 -12.555599 15.849600 188 188 188
v 43.235405 -12.606400 15.849600 188 188 188
v 42.828999 -12.657200 15.849600 188 188 188
v 45.775402 11.472800 15.849600 188 188 188
v 45.673798 11.523602 15.849600 188 188 188
v 45.978600 11.422001 15.849600 188 188 188
v 46.334198 11.371202 14.935200 255 255 255
v 41.254204 6.240401 15.849600 188 188 188
v 41.508198 7.205601 14.935200 255 255 255
v 43.184597 -12.606400 15.849600 188 188 188
v 43.133801 -12.657200 15.849600 188 188 188
v 47.807400 11.066401 15.849600 188 188 188
v 47.807400 11.066401 14.935200 255 255 255
v 47.502598 11.117201 15.849600 188 188 188
v 41.101803 5.681601 15.849600 188 188 188
v 49.077404 10.812402 15.849600 188 188 188
v 48.721806 10.863201 14.935200 255 255 255
v 48.874195 10.863201 15.849600 188 188 188
v 49.077404 10.812402 15.595600 255 255 255
v 49.077404 10.812402 10.160000 255 255 255
v 49.077404 10.812402 9.042400 255 255 255
v 49.077404 10.812402 15.240001 255 255 255
v 49.077404 10.812402 15.189201 255 255 255
v 49.077404 10.812402 14.935200 255 255 255
v 49.077404 10.812402 15.544801 255 255 255
v 49.077404 10.761600 14.935200 255 255 255
v 44.352997 -8.542399 15.849600 188 188 188
v 37.393398 -9.507600 15.849600 188 188 188
v 36.987003 -11.336400 14.935200 255 255 255
v 37.545799 -8.948799 15.849600 188 188 188
v 49.077404 10.812402 8.534401 255 255 255
v 37.799801 -11.539599 15.849600 188 188 188
v 49.077404 10.812402 14.986001 255 255 255
v 49.077404 10.812402 15.087601 255 255 255
v 38.257004 -11.641200 15.849600 188 188 188
v 38.409405 -11.641200 15.849600 188 188 188
v 38.510998 -11.691999 15.849600 188 188 188
v 39.120602 -11.793599 15.849600 188 188 188
v 38.968201 -11.742800 15.849600 188 188 188
v 39.222206 -11.793599 15.849600 188 188 188
v 48.112202 6.697602 15.849600 188 188 188
v 47.553406 4.462402 15.849600 188 188 188
v 47.401005 3.802001 15.849600 188 188 188
v 39.679398 -11.895200 15.849600 188 188 188
v 39.831799 -11.945999 15.849600 188 188 188
v 39.984200 -11.945999 15.849600 188 188 188
v 46.842197 1.465201 14.935200 255 255 255
v 46.842197 1.465201 15.849600 188 188 188
v 46.943802 1.973200 15.849600 188 188 188
v 40.085804 -11.996799 15.849600 188 188 188
v 38.257004 -6.002400 15.849600 188 188 188
v 46.334198 -0.668399 15.849600 188 188 188
v 46.232605 -0.871599 15.849600 188 188 188
v 40.593803 -12.098400 15.849600 188 188 188
v 40.543007 -12.098400 15.849600 188 188 188
v 40.746204 -12.149199 15.849600 188 188 188
v 41.203407 -12.250799 15.849600 188 188 188
v 44.505398 -7.881999 15.849600 188 188 188
v 44.657799 -7.374000 15.849600 188 188 188
v 44.911804 -6.205599 15.849600 188 188 188
v 45.115002 -5.545199 15.849600 188 188 188
v 37.647404 -8.440800 15.849600 188 188 188
v 45.369007 -4.376800 15.849600 188 188 188
v 45.673798 -3.208399 15.849600 188 188 188
v 42.727406 12.082402 15.849600 188 188 188
v 42.828999 12.082402 15.849600 188 188 188
v 37.698200 -8.339200 14.935200 255 255 255
v 38.968201 -3.106799 15.849600 188 188 188
v 44.454601 11.726802 15.849600 188 188 188
v 44.099003 11.828401 15.849600 188 188 188
v 45.064205 11.625201 15.849600 188 188 188
v 45.369007 11.574401 15.849600 188 188 188
v 42.016197 9.136001 15.849600 188 188 188
v 41.965401 8.983601 15.849600 188 188 188
v 42.117802 9.694800 15.849600 188 188 188
v 42.625801 11.574401 15.849600 188 188 188
v 41.813000 8.475601 15.849600 188 188 188
v 39.781002 0.296801 15.849600 188 188 188
v 42.828999 -12.657200 14.935200 255 255 255
v 47.197796 11.168001 15.849600 188 188 188
v 48.518597 8.475601 14.935200 255 255 255
v 48.010597 11.015600 15.849600 188 188 188
v 48.315399 10.964801 15.849600 188 188 188
v 48.467800 10.914001 15.849600 188 188 188
v 48.670998 9.136001 15.849600 188 188 188
v 48.518597 8.475601 15.849600 188 188 188
v 48.772602 10.863201 15.849600 188 188 188
v 49.077404 10.812402 15.443201 255 255 255
v 49.077404 10.812402 15.494000 255 255 255
v 48.772602 9.644002 15.849600 188 188 188
v 40.543007 3.294002 15.849600 188 188 188
v 40.390606 2.786000 15.849600 188 188 188
v 48.518597 8.374002 15.849600 188 188 188
v 48.213806 7.205601 15.849600 188 188 188
v 39.781002 0.347600 15.849600 188 188 188
v 39.933403 0.906401 15.849600 188 188 188
v 39.679398 -0.211199 15.849600 188 188 188
v 39.069805 -2.548000 15.849600 188 188 188
v 39.222206 -2.090799 15.849600 188 188 188
v 38.358608 -5.494400 15.849600 188 188 188
v 38.510998 -4.935599 15.849600 188 188 188
v 38.104603 -6.510399 15.849600 188 188 188
v 37.698200 -8.389999 15.849600 188 188 188
v 46.080204 -1.531999 15.849600 188 188 188
v 43.997398 11.828401 15.849600 188 188 188
v 45.826199 -2.700399 15.849600 188 188 188
v 46.740604 1.058802 15.849600 188 188 188
v 46.435802 -0.160399 15.849600 188 188 188
v 47.248604 3.141601 15.849600 188 188 188
v 47.959801 6.138801 15.849600 188 188 188
v 47.654999 4.970401 15.849600 188 188 188
v 46.131001 11.422001 15.849600 188 188 188
v 46.435802 11.320401 15.849600 188 188 188
v 41.000198 5.173602 15.849600 188 188 188
v 41.355797 6.596002 15.849600 188 188 188
v 46.588203 11.320401 15.849600 188 188 188
v 43.489399 11.930001 15.849600 188 188 188
v 43.641800 11.930001 15.849600 188 188 188
v 43.184597 12.031601 15.849600 188 188 188
v 42.879807 12.082402 15.849600 188 188 188
v 42.676598 -12.606400 15.849600 188 188 188
v 42.727406 -12.606400 15.849600 188 188 188
v 42.778202 -12.606400 15.849600 188 188 188

v 36.987003 -11.387200 15.849600 188 188 188
v 36.987003 -11.387200 16.357601 188 188 188
v 36.987003 -11.387200 15.849600 188 188 188
v 37.647404 -8.440800 16.357601 188 188 188
v 37.393398 -9.507600 15.849600 188 188 188
v 37.647404 -8.440800 16.357601 188 188 188
v 37.545799 -8.948799 15.849600 188 188 188
v 37.647404 -8.440800 16.357601 188 188 188
v 37.647404 -8.440800 15.849600 188 188 188
v 37.647404 -8.440800 16.357601 188 188 188
v 37.698200 -8.389999 15.849600 188 188 188
v 37.647404 -8.440800 16.357601 188 188 188
v 37.698200 -8.389999 15.849600 188 188 188
v 38.358608 -5.494400 16.357601 188 188 188
v 38.104603 -6.510399 15.849600 188 188 188
v 38.358608 -5.494400 16.357601 188 188 188
v 38.358608 -5.494400 16.357601 188 188 188
v 38.257004 -6.002400 15.849600 188 188 188
v 39.069805 -2.548000 16.357601 188 188 188
v 38.968201 -3.106799 15.849600 188 188 188
v 39.781002 0.347600 16.357601 188 188 188
v 39.781002 0.296801 15.849600 188 188 188
v 40.543007 3.294002 15.849600 188 188 188
v 40.543007 3.294002 16.357601 188 188 188
v 40.543007 3.294002 15.849600 188 188 188
v 41.254204 6.240401 16.357601 188 188 188
v 41.000198 5.173602 15.849600 188 188 188
v 41.254204 6.240401 16.357601 188 188 188
v 41.254204 6.240401 16.357601 188 188 188
v 41.101803 5.681601 15.849600 188 188 188
v 43.641800 11.930001 15.849600 188 188 188
v 43.489399 11.930001 16.713202 188 188 188
v 44.099003 11.828401 16.713202 188 188 188
v 43.489399 11.930001 16.713202 188 188 188
v 42.270203 9.745602 16.713202 188 188 188
v 43.489399 11.930001 16.713202 188 188 188
v 42.879807 12.082402 16.713202 188 188 188
v 42.270203 9.745602 16.713202 188 188 188
v 42.270203 9.745602 16.713202 188 188 188
v 42.879807 12.082402 16.357601 188 188 188
v 42.270203 9.745602 16.357601 188 188 188
v 42.879807 12.082402 16.357601 188 188 188
v 42.727406 12.082402 16.357601 188 188 188
v 42.270203 9.745602 16.357601 188 188 188
v 42.270203 9.745602 16.357601 188 188 188
v 42.016197 9.136001 16.357601 188 188 188
v 42.016197 9.136001 16.357601 188 188 188
v 41.254204 6.240401 16.357601 188 188 188
v 41.660599 7.408802 16.357601 188 188 188
v 41.660599 7.408802 16.357601 188 188 188
v 41.254204 6.240401 16.357601 188 188 188
v 41.254204 6.240401 16.357601 188 188 188
v 41.101803 5.072001 16.357601 188 188 188
v 41.101803 5.072001 16.357601 188 188 188
v 40.949402 4.462402 16.357601 188 188 188
v 40.949402 4.462402 16.357601 188 188 188
v 41.101803 5.072001 16.713202 188 188 188
v 40.492199 2.735201 16.713202 188 188 188
v 41.101803 5.072001 16.713202 188 188 188
v 41.101803 5.072001 16.713202 188 188 188
v 46.842197 1.465201 16.713202 188 188 188
v 47.401005 3.802001 16.713202 188 188 188
v 46.842197 1.465201 16.713202 188 188 188
v 47.248604 3.141601 15.849600 188 188 188
v 46.842197 1.465201 16.713202 188 188 188
v 46.334198 -0.668399 15.849600 188 188 188
v 46.232605 -0.871599 16.713202 188 188 188
v 46.232605 -0.871599 16.713202 188 188 188
v 46.232605 -0.871599 15.849600 188 188 188
v 45.673798 -3.208399 16.713202 188 188 188
v 45.673798 -3.208399 15.849600 188 188 188
v 45.673798 -3.208399 15.849600 188 188 188
v 45.115002 -5.545199 16.713202 188 188 188
v 45.369007 -4.376800 15.849600 188 188 188
v 45.115002 -5.545199 16.713202 188 188 188
v 45.267403 -4.884799 15.849600 188 188 188
v 45.115002 -5.545199 16.713202 188 188 188
v 45.115002 -5.545199 16.713202 188 188 188
v 45.115002 -5.545199 15.849600 188 188 188
v 44.505398 -7.881999 16.713202 188 188 188
v 44.505398 -7.881999 15.849600 188 188 188
v 44.352997 -8.542399 15.849600 188 188 188
v 44.048206 -9.710799 15.849600 188 188 188
v 43.946602 -10.218800 16.713202 188 188 188
v 43.946602 -10.218800 15.849600 188 188 188
v 43.946602 -10.218800 16.713202 188 188 188
v 43.743404 -10.879200 15.849600 188 188 188
v 43.946602 -10.218800 16.713202 188 188 188
v 43.743404 -10.879200 15.849600 188 188 188
v 43.336998 -12.555599 16.713202 188 188 188
v 43.286201 -12.606400 15.849600 188 188 188
v 43.286201 -12.606400 16.713202 188 188 188
v 43.286201 -12.606400 15.849600 188 188 188
v 43.235405 -12.606400 16.713202 188 188 188
v 36.987003 -11.387200 16.357601 188 188 188
v 37.698200 -11.488799 15.849600 188 188 188
v 36.987003 -11.387200 16.357601 188 188 188
v 36.987003 -11.387200 16.357601 188 188 188
v 37.698200 -11.488799 16.357601 188 188 188
v 36.987003 -11.387200 16.357601 188 188 188
v 37.088604 -11.387200 16.357601 188 188 188
v 37.088604 -11.387200 16.357601 188 188 188
v 37.088604 -11.336400 16.357601 188 188 188
v 37.088604 -11.336400 16.357601 188 188 188
v 37.088604 -11.387200 16.713202 188 188 188
v 37.088604 -11.387200 16.713202 188 188 188
v 37.647404 -8.999599 16.713202 188 188 188
v 37.647404 -8.999599 16.713202 188 188 188
v 37.647404 -11.488799 16.713202 188 188 188
v 38.257004 -11.590400 16.713202 188 188 188
v 37.647404 -11.488799 16.713202 188 188 188
v 37.647404 -11.488799 16.357601 188 188 188
v 38.257004 -11.590400 16.713202 188 188 188
v 38.257004 -11.590400 16.357601 188 188 188
v 38.257004 -11.590400 16.713202 188 188 188
v 38.257004 -11.590400 16.713202 188 188 188
v 38.307800 -11.590400 16.357601 188 188 188
v 38.815800 -11.691999 16.713202 188 188 188
v 38.307800 -11.590400 16.357601 188 188 188
v 38.815800 -11.691999 16.713202 188 188 188
v 38.815800 -11.691999 16.357601 188 188 188
v 38.815800 -11.691999 16.357601 188 188 188
v 39.374607 -11.844399 16.713202 188 188 188
v 39.374607 -11.844399 16.713202 188 188 188
v 39.374607 -11.844399 16.357601 188 188 188
v 39.374607 -11.844399 16.357601 188 188 188
v 39.933403 -11.945999 16.713202 188 188 188
v 39.933403 -11.945999 16.713202 188 188 188
v 39.933403 -11.945999 16.357601 188 188 188
v 39.933403 -11.945999 16.357601 188 188 188
v 40.492199 -12.047600 16.713202 188 188 188
v 40.492199 -12.047600 16.357601 188 188 188
v 40.492199 -12.047600 16.713202 188 188 188
v 40.492199 -12.047600 16.713202 188 188 188
v 41.101803 -12.199999 16.357601 188 188 188
v 41.101803 -12.199999 16.713202 188 188 188
v 41.101803 -12.199999 16.357601 188 188 188
v 41.101803 -12.199999 16.357601 188 188 188
v 41.660599 -12.352400 16.713202 188 188 188
v 41.660599 -12.352400 16.713202 188 188 188
v 41.660599 -12.352400 16.357601 188 188 188
v 41.660599 -12.352400 16.357601 188 188 188
v 42.219406 -12.454000 16.713202 188 188 188
v 42.219406 -12.454000 16.713202 188 188 188
v 42.219406 -12.454000 16.357601 188 188 188
v 42.219406 -12.454000 16.357601 188 188 188
v 42.778202 -12.606400 16.713202 188 188 188
v 42.778202 -12.606400 16.357601 188 188 188
v 42.778202 -12.606400 16.713202 188 188 188
v 42.778202 -12.606400 16.713202 188 188 188
v 42.828999 -12.606400 16.357601 188 188 188
v 42.828999 -12.606400 16.357601 188 188 188
v 42.828999 -12.606400 16.713202 188 188 188
v 42.828999 -12.606400 16.713202 188 188 188
v 42.879807 -12.657200 16.357601 188 188 188
v 42.879807 -12.657200 16.357601 188 188 188
v 42.879807 -12.657200 16.713202 188 188 188
v 42.879807 -12.657200 16.713202 188 188 188
v 42.930603 -12.657200 16.357601 188 188 188
v 42.930603 -12.657200 16.713202 188 188 188
v 42.930603 -12.657200 16.357601 188 188 188
v 43.032207 -12.657200 16.713202 188 188 188
v 42.930603 -12.657200 16.357601 188 188 188
v 43.032207 -12.657200 16.713202 188 188 188
v 43.032207 -12.657200 15.849600 188 188 188
v 43.032207 -12.657200 15.849600 188 188 188
v 43.083004 -12.657200 16.713202 188 188 188
v 43.083004 -12.657200 16.713202 188 188 188
v 43.083004 -12.657200 15.849600 188 188 188
v 43.133801 -12.657200 15.849600 188 188 188
v 43.083004 -12.657200 16.713202 188 188 188
v 43.946602 -10.218800 16.713202 188 188 188
v 43.083004 -12.657200 16.713202 188 188 188
v 43.133801 -12.657200 16.713202 188 188 188
v 43.946602 -10.218800 16.713202 188 188 188
v 43.133801 -12.657200 16.713202 188 188 188
v 43.946602 -10.218800 16.713202 188 188 188
v 43.184597 -12.606400 16.713202 188 188 188
v 43.235405 -12.606400 16.713202 188 188 188
v 43.184597 -12.606400 16.713202 188 188 188
v 43.133801 -12.657200 16.713202 188 188 188
v 43.235405 -12.606400 15.849600 188 188 188
v 43.184597 -12.606400 16.713202 188 188 188
v 43.184597 -12.606400 15.849600 188 188 188
v 43.184597 -12.606400 15.849600 188 188 188
v 43.133801 -12.657200 16.713202 188 188 188
v 43.133801 -12.657200 15.849600 188 188 188
v 43.946602 -10.218800 16.713202 188 188 188
v 43.032207 -12.657200 16.713202 188 188 188
v 43.083004 -12.657200 16.713202 188 188 188
v 43.032207 -12.657200 15.849600 188 188 188
v 42.930603 -12.657200 16.357601 188 188 188
v 42.981400 -12.657200 15.849600 188 188 188
v 42.930603 -12.657200 16.357601 188 188 188
v 42.930603 -12.657200 15.849600 188 188 188
v 42.879807 -12.657200 16.357601 188 188 188
v 42.879807 -12.657200 15.849600 188 188 188
v 42.879807 -12.657200 16.357601 188 188 188
v 42.879807 -12.657200 15.849600 188 188 188
v 42.828999 -12.657200 16.357601 188 188 188
v 42.727406 -12.606400 15.849600 188 188 188
v 42.727406 -12.606400 16.357601 188 188 188
v 42.727406 -12.606400 15.849600 188 188 188
v 42.676598 -12.606400 16.357601 188 188 188
v 42.067005 -12.454000 15.849600 188 188 188
v 41.965401 -12.454000 16.357601 188 188 188
v 41.965401 -12.454000 15.849600 188 188 188
v 41.965401 -12.454000 16.357601 188 188 188
v 41.813000 -12.403200 15.849600 188 188 188
v 41.965401 -12.454000 16.357601 188 188 188
v 41.813000 -12.403200 15.849600 188 188 188
v 41.254204 -12.250799 16.357601 188 188 188
v 40.593803 -12.098400 15.849600 188 188 188
v 40.543007 -12.098400 16.357601 188 188 188
v 40.543007 -12.098400 15.849600 188 188 188
v 40.543007 -12.098400 16.357601 188 188 188
v 40.543007 -12.098400 15.849600 188 188 188
v 39.831799 -11.945999 16.357601 188 188 188
v 40.085804 -11.996799 15.849600 188 188 188
v 39.831799 -11.945999 16.357601 188 188 188
v 39.984200 -11.945999 15.849600 188 188 188
v 39.831799 -11.945999 16.357601 188 188 188
v 39.831799 -11.945999 15.849600 188 188 188
v 39.831799 -11.945999 16.357601 188 188 188
v 39.679398 -11.895200 15.849600 188 188 188
v 39.831799 -11.945999 16.357601 188 188 188
v 39.679398 -11.895200 15.849600 188 188 188
v 39.120602 -11.793599 16.357601 188 188 188
v 39.222206 -11.793599 15.849600 188 188 188
v 39.120602 -11.793599 16.357601 188 188 188
v 39.120602 -11.793599 15.849600 188 188 188
v 39.120602 -11.793599 16.357601 188 188 188
v 38.968201 -11.742800 15.849600 188 188 188
v 39.120602 -11.793599 16.357601 188 188 188
v 38.968201 -11.742800 15.849600 188 188 188
v 38.409405 -11.641200 16.357601 188 188 188
v 38.409405 -11.641200 16.357601 188 188 188
v 39.120602 -11.793599 16.357601 188 188 188
v 38.815800 -11.691999 16.357601 188 188 188
v 39.120602 -11.793599 16.357601 188 188 188
v 39.831799 -11.945999 16.357601 188 188 188
v 39.374607 -11.844399 16.357601 188 188 188
v 39.831799 -11.945999 16.357601 188 188 188
v 40.543007 -12.098400 16.357601 188 188 188
v 39.933403 -11.945999 16.357601 188 188 188
v 40.543007 -12.098400 16.357601 188 188 188
v 40.746204 -12.149199 15.849600 188 188 188
v 41.203407 -12.250799 15.849600 188 188 188
v 41.254204 -12.250799 16.357601 188 188 188
v 40.543007 -12.098400 16.357601 188 188 188
v 40.543007 -12.098400 16.357601 188 188 188
v 41.254204 -12.250799 16.357601 188 188 188
v 41.101803 -12.199999 16.357601 188 188 188
v 41.203407 -12.250799 15.849600 188 188 188
v 41.254204 -12.250799 16.357601 188 188 188
v 41.254204 -12.250799 15.849600 188 188 188
v 41.355797 -12.301600 15.849600 188 188 188
v 41.254204 -12.250799 16.357601 188 188 188
v 41.254204 -12.250799 16.357601 188 188 188
v 41.965401 -12.454000 16.357601 188 188 188
v 41.660599 -12.352400 16.357601 188 188 188
v 42.676598 -12.606400 15.849600 188 188 188
v 41.965401 -12.454000 16.357601 188 188 188
v 42.219406 -12.504800 15.849600 188 188 188
v 42.676598 -12.606400 15.849600 188 188 188
v 42.676598 -12.606400 16.357601 188 188 188
v 41.965401 -12.454000 16.357601 188 188 188
v 41.965401 -12.454000 16.357601 188 188 188
v 42.676598 -12.606400 16.357601 188 188 188
v 42.219406 -12.454000 16.357601 188 188 188
v 42.676598 -12.606400 16.357601 188 188 188
v 42.727406 -12.606400 16.357601 188 188 188
v 42.219406 -12.454000 16.357601 188 188 188
v 42.828999 -12.657200 15.849600 188 188 188
v 42.727406 -12.606400 16.357601 188 188 188
v 42.778202 -12.606400 15.849600 188 188 188
v 42.828999 -12.657200 15.849600 188 188 188
v 42.828999 -12.657200 16.357601 188 188 188
v 42.727406 -12.606400 16.357601 188 188 188
v 42.727406 -12.606400 16.357601 188 188 188
v 42.828999 -12.657200 16.357601 188 188 188
v 42.778202 -12.606400 16.357601 188 188 188
v 43.946602 -10.218800 16.713202 188 188 188
v 42.930603 -12.657200 16.713202 188 188 188
v 43.032207 -12.657200 16.713202 188 188 188
v 43.946602 -10.218800 16.713202 188 188 188
v 42.879807 -12.657200 16.713202 188 188 188
v 42.930603 -12.657200 16.713202 188 188 188
v 42.930603 -12.657200 16.357601 188 188 188
v 42.879807 -12.657200 16.357601 188 188 188
v 42.930603 -12.657200 15.849600 188 188 188
v 43.946602 -10.218800 16.713202 188 188 188
v 42.828999 -12.606400 16.713202 188 188 188
v 42.879807 -12.657200 16.713202 188 188 188
v 42.828999 -12.657200 16.357601 188 188 188
v 42.879807 -12.657200 16.357601 188 188 188
v 42.828999 -12.606400 16.357601 188 188 188
v 43.946602 -10.218800 16.713202 188 188 188
v 42.778202 -12.606400 16.713202 188 188 188
v 42.828999 -12.606400 16.713202 188 188 188
v 42.828999 -12.606400 16.357601 188 188 188
v 42.778202 -12.606400 16.357601 188 188 188
v 42.828999 -12.657200 16.357601 188 188 188
v 42.778202 -12.606400 16.357601 188 188 188
v 42.219406 -12.454000 16.357601 188 188 188
v 42.727406 -12.606400 16.357601 188 188 188
v 43.946602 -10.218800 16.713202 188 188 188
v 42.219406 -12.454000 16.713202 188 188 188
v 42.778202 -12.606400 16.713202 188 188 188
v 42.219406 -12.454000 16.357601 188 188 188
v 41.660599 -12.352400 16.357601 188 188 188
v 41.965401 -12.454000 16.357601 188 188 188
v 43.946602 -10.218800 16.713202 188 188 188
v 41.660599 -12.352400 16.713202 188 188 188
v 42.219406 -12.454000 16.713202 188 188 188
v 41.660599 -12.352400 16.357601 188 188 188
v 41.101803 -12.199999 16.357601 188 188 188
v 41.254204 -12.250799 16.357601 188 188 188
v 43.946602 -10.218800 16.713202 188 188 188
v 41.101803 -12.199999 16.713202 188 188 188
v 41.660599 -12.352400 16.713202 188 188 188
v 43.946602 -10.218800 16.713202 188 188 188
v 41.101803 -12.199999 16.713202 188 188 188
v 44.505398 -7.881999 16.713202 188 188 188
v 38.206207 -6.662799 16.713202 188 188 188
v 43.946602 -10.218800 16.713202 188 188 188
v 38.206207 -6.662799 16.713202 188 188 188
v 44.505398 -7.881999 16.713202 188 188 188
v 38.765003 -4.325999 16.713202 188 188 188
v 38.206207 -6.662799 16.713202 188 188 188
v 38.206207 -6.662799 16.713202 188 188 188
v 38.765003 -4.325999 16.357601 188 188 188
v 38.206207 -6.662799 16.357601 188 188 188
v 38.765003 -4.325999 16.357601 188 188 188
v 38.358608 -5.494400 16.357601 188 188 188
v 39.069805 -2.548000 16.357601 188 188 188
v 38.358608 -5.494400 16.357601 188 188 188
v 38.765003 -4.325999 16.357601 188 188 188
v 38.765003 -4.325999 16.357601 188 188 188
v 39.069805 -2.548000 16.357601 188 188 188
v 39.781002 0.347600 16.357601 188 188 188
v 39.069805 -2.548000 16.357601 188 188 188
v 39.323799 -1.989199 16.357601 188 188 188
v 39.323799 -1.989199 16.357601 188 188 188
v 39.781002 0.347600 16.357601 188 188 188
v 39.781002 0.347600 16.357601 188 188 188
v 39.831799 -0.008000 16.357601 188 188 188
v 39.933403 0.347600 16.357601 188 188 188
v 39.831799 -0.008000 16.357601 188 188 188
v 39.933403 0.347600 16.357601 188 188 188
v 39.933403 0.347600 16.713202 188 188 188
v 40.492199 2.735201 16.713202 188 188 188
v 40.492199 2.735201 16.357601 188 188 188
v 39.933403 0.347600 16.713202 188 188 188
v 39.933403 0.347600 16.713202 188 188 188
v 46.232605 -0.871599 16.713202 188 188 188
v 40.492199 2.735201 16.713202 188 188 188
v 46.232605 -0.871599 16.713202 188 188 188
v 39.933403 0.347600 16.713202 188 188 188
v 45.673798 -3.208399 16.713202 188 188 188
v 45.673798 -3.208399 16.713202 188 188 188
v 39.933403 0.347600 16.713202 188 188 188
v 39.831799 -0.008000 16.357601 188 188 188
v 39.323799 -1.989199 16.713202 188 188 188
v 39.933403 0.347600 16.713202 188 188 188
v 40.492199 2.735201 16.357601 188 188 188
v 39.781002 0.347600 16.357601 188 188 188
v 39.933403 0.347600 16.357601 188 188 188
v 40.543007 3.294002 16.357601 188 188 188
v 39.781002 0.347600 16.357601 188 188 188
v 40.492199 2.735201 16.357601 188 188 188
v 40.492199 2.735201 16.357601 188 188 188
v 40.949402 4.462402 16.357601 188 188 188
v 40.543007 3.294002 16.357601 188 188 188
v 39.781002 0.347600 16.357601 188 188 188
v 40.543007 3.294002 16.357601 188 188 188
v 39.831799 -0.008000 16.357601 188 188 188
v 39.323799 -1.989199 16.357601 188 188 188
v 39.323799 -1.989199 16.713202 188 188 188
v 39.323799 -1.989199 16.713202 188 188 188
v 39.323799 -1.989199 16.357601 188 188 188
v 38.765003 -4.325999 16.713202 188 188 188
v 38.765003 -4.325999 16.713202 188 188 188
v 45.115002 -5.545199 16.713202 188 188 188
v 39.323799 -1.989199 16.713202 188 188 188
v 39.069805 -2.548000 16.357601 188 188 188
v 39.781002 0.347600 16.357601 188 188 188
v 38.206207 -6.662799 16.357601 188 188 188
v 38.206207 -6.662799 16.713202 188 188 188
v 37.647404 -8.999599 16.713202 188 188 188
v 38.206207 -6.662799 16.713202 188 188 188
v 37.850601 -8.237599 16.357601 188 188 188
v 37.647404 -8.999599 16.713202 188 188 188
v 37.850601 -8.237599 16.357601 188 188 188
v 37.647404 -8.999599 16.357601 188 188 188
v 37.850601 -8.237599 16.357601 188 188 188
v 37.647404 -8.440800 16.357601 188 188 188
v 37.647404 -8.999599 16.713202 188 188 188
v 39.933403 -11.945999 16.713202 188 188 188
v 38.206207 -6.662799 16.713202 188 188 188
v 38.206207 -6.662799 16.357601 188 188 188
v 37.647404 -8.440800 16.357601 188 188 188
v 37.850601 -8.237599 16.357601 188 188 188
v 38.765003 -4.325999 16.357601 188 188 188
v 38.765003 -4.325999 16.713202 188 188 188
v 39.323799 -1.989199 16.357601 188 188 188
v 45.115002 -5.545199 16.713202 188 188 188
v 38.765003 -4.325999 16.713202 188 188 188
v 44.505398 -7.881999 16.713202 188 188 188
v 41.101803 -12.199999 16.713202 188 188 188
v 38.206207 -6.662799 16.713202 188 188 188
v 40.492199 -12.047600 16.713202 188 188 188
v 41.101803 -12.199999 16.357601 188 188 188
v 40.492199 -12.047600 16.357601 188 188 188
v 40.543007 -12.098400 16.357601 188 188 188
v 39.933403 -11.945999 16.357601 188 188 188
v 40.543007 -12.098400 16.357601 188 188 188
v 40.492199 -12.047600 16.357601 188 188 188
v 40.492199 -12.047600 16.713202 188 188 188
v 38.206207 -6.662799 16.713202 188 188 188
v 39.933403 -11.945999 16.713202 188 188 188
v 39.933403 -11.945999 16.357601 188 188 188
v 39.374607 -11.844399 16.357601 188 188 188
v 39.831799 -11.945999 16.357601 188 188 188
v 39.933403 -11.945999 16.713202 188 188 188
v 37.647404 -8.999599 16.713202 188 188 188
v 39.374607 -11.844399 16.713202 188 188 188
v 39.374607 -11.844399 16.357601 188 188 188
v 38.815800 -11.691999 16.357601 188 188 188
v 39.120602 -11.793599 16.357601 188 188 188
v 39.374607 -11.844399 16.713202 188 188 188
v 37.647404 -8.999599 16.713202 188 188 188
v 38.815800 -11.691999 16.713202 188 188 188
v 38.815800 -11.691999 16.357601 188 188 188
v 38.307800 -11.590400 16.357601 188 188 188
v 38.409405 -11.641200 16.357601 188 188 188
v 38.257004 -11.590400 16.357601 188 188 188
v 38.409405 -11.641200 16.357601 188 188 188
v 38.307800 -11.590400 16.357601 188 188 188
v 37.698200 -11.488799 16.357601 188 188 188
v 38.409405 -11.641200 16.357601 188 188 188
v 38.257004 -11.590400 16.357601 188 188 188
v 38.409405 -11.641200 16.357601 188 188 188
v 37.698200 -11.488799 16.357601 188 188 188
v 38.257004 -11.590400 16.357601 188 188 188
v 37.647404 -11.488799 16.357601 188 188 188
v 37.698200 -11.488799 16.357601 188 188 188
v 37.647404 -11.488799 16.357601 188 188 188
v 37.647404 -11.488799 16.713202 188 188 188
v 37.596603 -11.488799 16.357601 188 188 188
v 37.088604 -11.387200 16.357601 188 188 188
v 37.647404 -11.488799 16.357601 188 188 188
v 38.815800 -11.691999 16.713202 188 188 188
v 37.647404 -8.999599 16.713202 188 188 188
v 38.257004 -11.590400 16.713202 188 188 188
v 37.088604 -11.387200 16.713202 188 188 188
v 37.596603 -11.488799 16.357601 188 188 188
v 37.647404 -11.488799 16.713202 188 188 188
v 37.647404 -8.999599 16.713202 188 188 188
v 37.647404 -8.999599 16.357601 188 188 188
v 37.088604 -11.336400 16.357601 188 188 188
v 37.088604 -11.387200 16.357601 188 188 188
v 37.596603 -11.488799 16.357601 188 188 188
v 37.088604 -11.387200 16.713202 188 188 188
v 37.647404 -8.999599 16.357601 188 188 188
v 36.987003 -11.387200 16.357601 188 188 188
v 37.088604 -11.336400 16.357601 188 188 188
v 37.698200 -11.488799 16.357601 188 188 188
v 37.647404 -11.488799 16.357601 188 188 188
v 37.088604 -11.387200 16.357601 188 188 188
v 37.698200 -11.488799 15.849600 188 188 188
v 37.698200 -11.488799 16.357601 188 188 188
v 38.257004 -11.641200 15.849600 188 188 188
v 37.698200 -11.488799 16.357601 188 188 188
v 37.799801 -11.539599 15.849600 188 188 188
v 38.257004 -11.641200 15.849600 188 188 188
v 38.409405 -11.641200 16.357601 188 188 188
v 38.409405 -11.641200 15.849600 188 188 188
v 38.510998 -11.691999 15.849600 188 188 188
v 38.409405 -11.641200 16.357601 188 188 188
v 43.235405 -12.606400 15.849600 188 188 188
v 43.235405 -12.606400 16.713202 188 188 188
v 43.184597 -12.606400 16.713202 188 188 188
v 43.946602 -10.218800 16.713202 188 188 188
v 43.235405 -12.606400 16.713202 188 188 188
v 43.286201 -12.606400 16.713202 188 188 188
v 43.286201 -12.606400 16.713202 188 188 188
v 43.286201 -12.555599 15.849600 188 188 188
v 43.336998 -12.555599 16.713202 188 188 188
v 43.286201 -12.606400 16.713202 188 188 188
v 43.336998 -12.555599 15.849600 188 188 188
v 43.336998 -12.555599 15.849600 188 188 188
v 43.489399 -12.047600 15.849600 188 188 188
v 43.336998 -12.555599 16.713202 188 188 188
v 43.946602 -10.218800 16.713202 188 188 188
v 43.286201 -12.606400 16.713202 188 188 188
v 43.336998 -12.555599 16.713202 188 188 188
v 44.505398 -7.881999 16.713202 188 188 188
v 43.946602 -10.218800 16.713202 188 188 188
v 44.352997 -8.542399 15.849600 188 188 188
v 44.911804 -6.205599 15.849600 188 188 188
v 44.505398 -7.881999 16.713202 188 188 188
v 44.657799 -7.374000 15.849600 188 188 188
v 45.115002 -5.545199 16.713202 188 188 188
v 44.505398 -7.881999 16.713202 188 188 188
v 44.911804 -6.205599 15.849600 188 188 188
v 45.673798 -3.208399 16.713202 188 188 188
v 39.323799 -1.989199 16.713202 188 188 188
v 45.115002 -5.545199 16.713202 188 188 188
v 46.080204 -1.531999 15.849600 188 188 188
v 45.673798 -3.208399 16.713202 188 188 188
v 45.826199 -2.700399 15.849600 188 188 188
v 46.232605 -0.871599 16.713202 188 188 188
v 45.673798 -3.208399 16.713202 188 188 188
v 46.080204 -1.531999 15.849600 188 188 188
v 46.232605 -0.871599 16.713202 188 188 188
v 46.435802 -0.160399 15.849600 188 188 188
v 46.740604 1.058802 15.849600 188 188 188
v 46.842197 1.465201 16.713202 188 188 188
v 46.232605 -0.871599 16.713202 188 188 188
v 46.842197 1.465201 16.713202 188 188 188
v 46.740604 1.058802 15.849600 188 188 188
v 46.842197 1.465201 15.849600 188 188 188
v 46.943802 1.973200 15.849600 188 188 188
v 46.842197 1.465201 16.713202 188 188 188
v 47.248604 3.141601 15.849600 188 188 188
v 47.401005 3.802001 16.713202 188 188 188
v 47.401005 3.802001 15.849600 188 188 188
v 47.401005 3.802001 16.713202 188 188 188
v 47.553406 4.462402 15.849600 188 188 188
v 47.401005 3.802001 16.713202 188 188 188
v 47.401005 3.802001 16.713202 188 188 188
v 47.654999 4.970401 15.849600 188 188 188
v 47.959801 6.138801 15.849600 188 188 188
v 48.112202 6.697602 15.849600 188 188 188
v 47.959801 6.138801 16.713202 188 188 188
v 47.959801 6.138801 16.713202 188 188 188
v 48.213806 7.205601 15.849600 188 188 188
v 48.670998 9.136001 15.849600 188 188 188
v 48.518597 8.475601 16.713202 188 188 188
v 48.518597 8.475601 16.713202 188 188 188
v 48.772602 9.644002 15.849600 188 188 188
v 49.077404 10.812402 15.849600 188 188 188
v 48.874195 10.863201 15.849600 188 188 188
v 49.077404 10.812402 16.713202 188 188 188
v 49.077404 10.812402 16.713202 188 188 188
v 48.772602 10.863201 15.849600 188 188 188
v 48.467800 10.914001 15.849600 188 188 188
v 48.467800 10.914001 16.713202 188 188 188
v 48.315399 10.964801 15.849600 188 188 188
v 48.010597 11.015600 15.849600 188 188 188
v 48.467800 10.914001 16.713202 188 188 188
v 47.807400 11.066401 16.713202 188 188 188
v 48.518597 8.475601 16.713202 188 188 188
v 48.467800 10.914001 16.713202 188 188 188
v 49.077404 10.812402 16.713202 188 188 188
v 48.467800 10.914001 16.713202 188 188 188
v 48.518597 8.475601 16.713202 188 188 188
v 48.518597 8.475601 16.713202 188 188 188
v 47.807400 11.066401 16.713202 188 188 188
v 46.588203 11.320401 16.713202 188 188 188
v 47.807400 11.066401 16.713202 188 188 188
v 46.588203 11.320401 15.849600 188 188 188
v 47.807400 11.066401 16.713202 188 188 188
v 46.588203 11.320401 16.713202 188 188 188
v 46.131001 11.422001 15.849600 188 188 188
v 46.588203 11.320401 16.713202 188 188 188
v 46.131001 11.422001 15.849600 188 188 188
v 45.978600 11.422001 16.713202 188 188 188
v 47.197796 11.168001 15.849600 188 188 188
v 47.807400 11.066401 16.713202 188 188 188
v 47.502598 11.117201 15.849600 188 188 188
v 47.807400 11.066401 16.713202 188 188 188
v 46.435802 11.320401 15.849600 188 188 188
v 46.588203 11.320401 16.713202 188 188 188
v 46.588203 11.320401 15.849600 188 188 188
v 45.978600 11.422001 16.713202 188 188 188
v 48.518597 8.475601 16.713202 188 188 188
v 46.588203 11.320401 16.713202 188 188 188
v 42.270203 9.745602 16.713202 188 188 188
v 48.518597 8.475601 16.713202 188 188 188
v 45.978600 11.422001 16.713202 188 188 188
v 42.270203 9.745602 16.713202 188 188 188
v 45.978600 11.422001 16.713202 188 188 188
v 45.369007 11.574401 16.713202 188 188 188
v 45.978600 11.422001 16.713202 188 188 188
v 45.369007 11.574401 15.849600 188 188 188
v 45.978600 11.422001 16.713202 188 188 188
v 45.369007 11.574401 16.713202 188 188 188
v 44.454601 11.726802 15.849600 188 188 188
v 44.099003 11.828401 16.713202 188 188 188
v 45.369007 11.574401 16.713202 188 188 188
v 44.454601 11.726802 15.849600 188 188 188
v 44.099003 11.828401 16.713202 188 188 188
v 45.673798 11.523602 15.849600 188 188 188
v 45.978600 11.422001 16.713202 188 188 188
v 45.064205 11.625201 15.849600 188 188 188
v 45.369007 11.574401 16.713202 188 188 188
v 45.369007 11.574401 15.849600 188 188 188
v 48.518597 8.475601 16.713202 188 188 188
v 42.270203 9.745602 16.713202 188 188 188
v 47.959801 6.138801 16.713202 188 188 188
v 47.959801 6.138801 16.713202 188 188 188
v 42.270203 9.745602 16.713202 188 188 188
v 47.959801 6.138801 16.713202 188 188 188
v 41.660599 7.408802 16.713202 188 188 188
v 47.401005 3.802001 16.713202 188 188 188
v 47.807400 11.066401 15.849600 188 188 188
v 47.807400 11.066401 16.713202 188 188 188
v 48.010597 11.015600 15.849600 188 188 188
v 48.467800 10.914001 15.849600 188 188 188
v 48.467800 10.914001 16.713202 188 188 188
v 49.077404 10.812402 16.713202 188 188 188
v 49.077404 10.812402 15.849600 188 188 188
v 49.077404 10.812402 16.713202 188 188 188
v 48.518597 8.475601 16.713202 188 188 188
v 48.518597 8.475601 16.713202 188 188 188
v 48.518597 8.374002 15.849600 188 188 188
v 48.518597 8.475601 15.849600 188 188 188
v 48.518597 8.374002 15.849600 188 188 188
v 48.518597 8.475601 16.713202 188 188 188
v 47.959801 6.138801 16.713202 188 188 188
v 47.959801 6.138801 16.713202 188 188 188
v 47.401005 3.802001 16.713202 188 188 188
v 47.959801 6.138801 15.849600 188 188 188
v 41.101803 5.072001 16.713202 188 188 188
v 47.401005 3.802001 16.713202 188 188 188
v 41.660599 7.408802 16.713202 188 188 188
v 41.660599 7.408802 16.713202 188 188 188
v 41.660599 7.408802 16.357601 188 188 188
v 41.101803 5.072001 16.713202 188 188 188
v 46.842197 1.465201 16.713202 188 188 188
v 40.492199 2.735201 16.713202 188 188 188
v 46.232605 -0.871599 16.713202 188 188 188
v 40.949402 4.462402 16.357601 188 188 188
v 40.492199 2.735201 16.357601 188 188 188
v 40.492199 2.735201 16.713202 188 188 188
v 41.101803 5.072001 16.357601 188 188 188
v 41.101803 5.072001 16.713202 188 188 188
v 41.660599 7.408802 16.357601 188 188 188
v 41.254204 6.240401 16.357601 188 188 188
v 42.016197 9.136001 16.357601 188 188 188
v 41.355797 6.596002 15.849600 188 188 188
v 42.016197 9.136001 16.357601 188 188 188
v 41.813000 8.475601 15.849600 188 188 188
v 42.016197 9.136001 16.357601 188 188 188
v 42.016197 9.136001 16.357601 188 188 188
v 41.965401 8.983601 15.849600 188 188 188
v 42.879807 12.082402 16.357601 188 188 188
v 42.828999 12.082402 15.849600 188 188 188
v 42.879807 12.082402 16.357601 188 188 188
v 42.879807 12.082402 15.849600 188 188 188
v 42.879807 12.082402 16.357601 188 188 188
v 43.489399 11.930001 16.713202 188 188 188
v 42.879807 12.082402 15.849600 188 188 188
v 43.489399 11.930001 16.713202 188 188 188
v 43.184597 12.031601 15.849600 188 188 188
v 43.489399 11.930001 16.713202 188 188 188
v 42.727406 12.082402 16.357601 188 188 188
v 42.727406 12.082402 15.849600 188 188 188
v 42.727406 12.082402 16.357601 188 188 188
v 42.625801 11.574401 15.849600 188 188 188
v 42.016197 9.136001 15.849600 188 188 188
v 42.016197 9.136001 16.357601 188 188 188
v 42.117802 9.694800 15.849600 188 188 188
v 41.660599 7.408802 16.357601 188 188 188
v 41.660599 7.408802 16.713202 188 188 188
v 42.270203 9.745602 16.357601 188 188 188
v 42.117802 9.694800 15.849600 188 188 188
v 42.016197 9.136001 16.357601 188 188 188
v 42.727406 12.082402 16.357601 188 188 188
v 42.727406 12.082402 15.849600 188 188 188
v 42.727406 12.082402 16.357601 188 188 188
v 42.879807 12.082402 16.357601 188 188 188
v 42.270203 9.745602 16.713202 188 188 188
v 42.270203 9.745602 16.357601 188 188 188
v 41.660599 7.408802 16.713202 188 188 188
v 42.879807 12.082402 16.713202 188 188 188
v 43.489399 11.930001 16.713202 188 188 188
v 42.879807 12.082402 16.357601 188 188 188
v 42.270203 9.745602 16.713202 188 188 188
v 45.369007 11.574401 16.713202 188 188 188
v 44.099003 11.828401 16.713202 188 188 188
v 43.336998 11.980802 15.849600 188 188 188
v 43.489399 11.930001 16.713202 188 188 188
v 43.489399 11.930001 15.849600 188 188 188
v 43.641800 11.930001 15.849600 188 188 188
v 44.099003 11.828401 16.713202 188 188 188
v 44.099003 11.828401 15.849600 188 188 188
v 43.997398 11.828401 15.849600 188 188 188
v 44.099003 11.828401 16.713202 188 188 188
v 45.978600 11.422001 15.849600 188 188 188
v 45.775402 11.472800 15.849600 188 188 188
v 45.978600 11.422001 16.713202 188 188 188
v 41.355797 6.596002 15.849600 188 188 188
v 41.254204 6.240401 15.849600 188 188 188
v 41.254204 6.240401 16.357601 188 188 188
v 41.254204 6.240401 16.357601 188 188 188
v 40.543007 3.294002 16.357601 188 188 188
v 40.949402 4.462402 16.357601 188 188 188
v 39.933403 0.906401 15.849600 188 188 188
v 40.543007 3.294002 16.357601 188 188 188
v 40.390606 2.786000 15.849600 188 188 188
v 39.781002 0.347600 15.849600 188 188 188
v 39.781002 0.347600 16.357601 188 188 188
v 39.933403 0.906401 15.849600 188 188 188
v 39.222206 -2.090799 15.849600 188 188 188
v 39.781002 0.347600 16.357601 188 188 188
v 39.679398 -0.211199 15.849600 188 188 188
v 39.069805 -2.548000 15.849600 188 188 188
v 39.069805 -2.548000 16.357601 188 188 188
v 39.222206 -2.090799 15.849600 188 188 188
v 38.510998 -4.935599 15.849600 188 188 188
v 38.358608 -5.494400 16.357601 188 188 188
v 39.069805 -2.548000 16.357601 188 188 188
v 38.358608 -5.494400 15.849600 188 188 188
v 38.358608 -5.494400 16.357601 188 188 188
v 38.510998 -4.935599 15.849600 188 188 188
v 38.358608 -5.494400 16.357601 188 188 188
v 37.647404 -8.440800 16.357601 188 188 188
v 38.206207 -6.662799 16.357601 188 188 188
v 37.647404 -8.440800 16.357601 188 188 188
v 36.987003 -11.387200 16.357601 188 188 188
v 37.647404 -8.999599 16.357601 188 188 188
v 37.088604 -11.387200 15.849600 188 188 188
v 37.241005 -11.438000 15.849600 188 188 188
v 36.987003 -11.387200 16.357601 188 188 188

f 5099 5100 5070
f 5237 5238 5080
f 5239 5240 5141
f 5143 5241 5242
f 5175 5243 5244
f 5216 5245 5246
f 5247 5248 5045
f 5249 5250 5215
f 5164 5251 5252
f 5253 5213 5254
f 5214 5044 5181
f 5255 5211 5256
f 5191 5210 5067
f 5257 5208 5258
f 5204 5205 5076
f 5259 5260 5051
f 5261 5262 5227
f 5128 5263 5264
f 5265 5121 5266
f 5230 5014 5231
f 5267 5268 5013
f 5012 5269 5270
f 5271 5272 5015
f 5273 5075 5274
f 5060 5275 5276
f 5277 5278 5059
f 5279 5050 5280
f 5052 5281 5282
f 5283 5284 5285
f 5074 5286 5287
f 5288 5073 5289
f 5290 5291 5023
f 5292 5024 5293
f 5294 5025 5295
f 5011 5296 5297
f 5222 5298 5299
f 5300 5301 5162
f 5165 5221 5026
f 5166 5302 5303
f 5304 5217 5305
f 5177 5219 5007
f 5306 4993 5307
f 5308 5309 5176
f 5097 5310 5311
f 5174 5312 5313
f 5314 5173 5315
f 5171 5172 4995
f 5316 5140 5317
f 5318 5002 5107
f 5095 5319 5320
f 5108 5321 5322
f 5323 5324 5030
f 5325 5326 5110
f 5113 5114 5029
f 5327 5328 5036
f 5329 5330 5115
f 5109 5331 5112
f 5332 5081 5333
f 5334 5335 5088
f 5071 5336 5337
f 5338 5000 5339
f 4997 5340 5341
f 5342 5001 5343
f 5040 5344 5345
f 5346 5347 5085
f 5348 5082 5349
f 5350 5079 5351
f 5035 5352 5353
f 5354 5355 5063
f 4998 5356 5357
f 5358 5042 5359
f 4996 5360 5361
f 5362 5041 5363
f 5005 5364 5365
f 5366 5055 5367
f 5368 5054 5369
f 5034 5370 5371
f 5033 5372 5373
f 5374 5057 5375
f 5032 5376 5377
f 5378 5048 5379
f 5031 5380 5381
f 5382 5047 5383
f 5384 5072 5385
f 5028 5386 5387
f 5388 5086 5389
f 5027 5390 5391
f 5392 5089 5393
f 5003 5394 5395
f 5004 5396 5397
f 5398 5399 5090
f 5039 5400 5401
f 5402 5094 5403
f 5124 5404 5405
f 5406 5038 5407
f 5408 5409 5410
f 5411 5412 5037
f 5413 5414 5415
f 5123 5416 5417
f 5418 5419 5420
f 5421 5422 5423
f 5424 5425 5426
f 5427 5428 5091
f 5093 5429 5430
f 5092 5431 5432
f 5433 5434 5053
f 5435 5436 5116
f 5235 5236 5049
f 5437 5438 5061
f 5439 5440 5234
f 5096 5098 5058
f 5101 5441 5442
f 5102 5443 5444
f 5445 5446 5062
f 5447 5448 5103
f 5167 5169 5056
f 5168 5449 5450
f 5451 5452 5043
f 5453 5454 5163
f 5159 5455 5456
f 5158 5457 5458
f 5157 5459 5460
f 5461 5462 5064
f 5463 5464 5153
f 5151 5465 5466
f 5152 5467 5468
f 5469 5470 5078
f 5471 5472 5150
f 5473 5474 5475
f 5476 5477 5478
f 5479 5480 5481
f 5170 5482 5483
f 5484 5485 5486
f 5487 5488 5489
f 5490 5104 5491
f 5492 5493 5494
f 5495 5496 5497
f 5498 5499 5500
f 5501 5502 5503
f 5504 5505 5506
f 5507 5508 5509
f 5510 5511 5512
f 5513 5514 5515
f 5516 5517 5518
f 5519 5520 5521
f 5522 5523 5524
f 5525 5526 5527
f 5528 5529 5530
f 5531 5532 5533
f 5534 5535 5536
f 5537 5538 5539
f 5540 5541 5542
f 5543 5544 5545
f 5546 5547 5548
f 5549 5550 5551
f 5552 5553 5554
f 5555 5556 5557
f 5558 4999 5559
f 5560 5561 5562
f 5563 5564 4994
f 5565 5046 5566
f 5083 5567 5568
f 5569 5570 5571
f 5572 5573 5574
f 5575 5065 5576
f 5577 5578 5579
f 5580 5066 5581
f 5068 5582 5583
f 5584 5585 5008
f 5586 5587 5077
f 5588 5589 5590
f 5591 5592 5593
f 5594 5595 5596
f 5006 5597 5598
f 5599 5600 5601
f 5602 5603 5604
f 5605 5606 5607
f 5608 5609 5610
f 5209 5611 5612
f 5613 5614 5615
f 5616 5617 5618
f 5619 5620 5621
f 5212 5622 5623
f 5624 5084 5625
f 5626 5627 5628
f 5069 5629 5630
f 5631 5632 5633
f 5634 5635 5636
f 5637 5638 5639
f 5640 5641 5642
f 5643 5644 5645
f 5646 5647 5648
f 5649 5650 5651
f 5652 5653 5654
f 5655 5656 5657
f 5658 5659 5660
f 5661 5662 5663
f 5664 5665 5666
f 5667 5668 5669
f 5670 5671 5672
f 5673 5674 5675
f 5676 5677 5678
f 5148 5679 5680
f 5681 5682 5683
f 5684 5685 5087
f 5686 5687 5688
f 5689 5690 5691
f 5692 5693 5694
f 5695 5696 5697
f 5698 5699 5700
f 5701 5702 5703
f 5704 5705 5706
f 5707 5145 5708
f 5709 5710 5711
f 5712 5149 5713
f 5714 5715 5716
f 5717 5718 5719
f 5720 5721 5722
f 5111 5723 5724
f 5725 5726 5727
f 5728 5729 5730
f 5731 5732 5733
f 5734 5735 5736
f 5737 5738 5739
f 5740 5741 5742
f 5743 5744 5745
f 5746 5747 5748
f 5749 5750 5751
f 5220 5752 5753
f 5754 5755 5756
f 5757 5758 5161
f 5759 5760 5761
f 5762 5156 5763
f 5764 5155 5765
f 5766 5224 5767
f 5223 5768 5769
f 5770 5154 5009
f 5771 5207 5772
f 5206 5773 5774
f 5199 5198 5018
f 5775 5203 5776
f 5129 5777 5778
f 5131 5021 5779
f 5780 5200 5781
f 5197 5782 5783
f 5784 5196 5020
f 5195 5785 5786
f 5787 5019 5788
f 5789 5790 5791
f 5792 5793 5794
f 5017 5795 5796
f 5229 5797 5798
f 5799 5800 5193
f 5225 5801 5226
f 5802 5022 5803
f 5804 5119 5805
f 5127 5806 5807
f 5808 5809 5125
f 5810 5811 5812
f 5813 5814 5815
f 5816 5817 5818
f 5819 5820 5016
f 5185 5821 5822
f 5823 5824 5118
f 5182 5825 5184
f 5826 5827 5828
f 5829 5183 5830
f 5117 5831 5832
f 5833 5834 5835
f 5836 5837 5838
f 5010 5839 5840
f 5841 5842 5843
f 5844 5845 5846
f 5847 5848 5849
f 5850 5851 5852
f 5853 5854 5855
f 5856 5857 5858
f 5859 5860 5861
f 5862 5863 5864
f 5865 5866 5867
f 5868 5869 5870
f 5871 5872 5873
f 5874 5875 5876
f 5228 5877 5878
f 5879 5880 5190
f 5187 5881 5882
f 5883 5186 5884
f 5178 5885 5179
f 5886 5887 5233
f 5888 5889 5890
f 5891 5892 5232
f 5106 5893 5894
f 5895 5896 5189
f 5188 5897 5898
f 5899 5900 5901
f 5902 5903 5904
f 5905 5906 5907
f 5908 5909 5910
f 5911 5912 5913
f 5914 5915 5916
f 5917 5918 5919
f 5920 5921 5922
f 5923 5924 5218
f 5925 5926 5927
f 5928 5929 5930
f 5931 5932 5933
f 5934 5935 5936
f 5937 5938 5939
f 5940 5941 5942
f 5943 5944 5945
f 5946 5947 5948
f 5949 5950 5951
f 5952 5953 5954
f 5955 5956 5957
f 5958 5959 5960
f 5961 5962 5963

usemtl BaseColor_0
f 4940 4941 4942
f 4969 4940 4942
f 4942 4971 4969
f 4972 4969 4971
f 4971 4970 4972
f 4958 4972 4970
f 4970 4959 4958
f 4957 4958 4959
f 4959 4961 4957
f 4960 4957 4961
f 4961 4973 4960
f 4973 4974 4960
f 4954 4960 4974
f 4974 4952 4954
f 4952 4953 4954
f 4981 4954 4953
f 4963 4981 4953
f 4953 4956 4963
f 4956 5100 4963
f 5100 5099 4963
f 5099 5141 5142
f 5142 4981 5099
f 5143 5142 5141
f 5142 5143 4954
f 5216 5215 5180
f 5164 5180 5215
f 5180 5164 4960
f 5175 5180 4960
f 5213 4957 5164
f 4957 5213 5214
f 5214 5181 4957
f 5211 4958 5181
f 4958 5211 5212
f 5212 5210 4958
f 5191 4958 5210
f 5208 4972 5191
f 4972 5208 5209
f 5209 5205 4972
f 5204 4972 5205
f 5204 5227 4969
f 5128 4969 5227
f 5121 4967 5128
f 5128 4967 4940
f 4940 4967 4943
f 4967 4949 4943
f 5120 4943 4949
f 5119 5120 4949
f 5119 4949 4948
f 5117 5119 4948
f 4966 5117 4948
f 4947 4966 4948
f 4947 4964 4966
f 4964 4965 4966
f 5183 4966 4965
f 5218 5183 4965
f 5231 5218 4965
f 5231 4965 5230
f 5222 5162 4959
f 5222 4959 5156
f 5161 4959 5162
f 5160 4959 5161
f 5161 5220 5160
f 5220 5221 5160
f 5165 5160 5221
f 5166 5217 4974
f 5217 5219 4974
f 5177 4974 5219
f 5177 5176 4952
f 5097 4952 5176
f 4977 5174 5173
f 5173 5172 4977
f 5171 4977 5172
f 5171 5140 4980
f 5107 4980 5140
f 5108 5110 4985
f 4985 5110 5111
f 5111 5114 4985
f 5113 4985 5114
f 5113 5115 4986
f 5115 4988 4986
f 4944 4986 4988
f 4944 4988 4987
f 4944 4987 4984
f 4944 4984 4945
f 4944 4945 4946
f 4944 4946 4992
f 4944 4992 4991
f 4944 4991 4990
f 4944 4990 4989
f 4944 4989 4968
f 4944 4968 4951
f 4950 4944 4951
f 4950 4951 4962
f 4950 4962 4983
f 4950 4983 4982
f 4980 4950 4982
f 4980 4982 4978
f 4977 4980 4978
f 4977 4978 4979
f 4977 4979 4955
f 4953 4977 4955
f 4979 5150 4955
f 5150 5149 4955
f 5149 5148 4955
f 5148 5145 4955
f 4955 5145 4956
f 5145 5109 4956
f 5109 5112 4956
f 5124 5094 4984
f 5123 5124 4987
f 5094 5090 4945
f 5090 5091 4946
f 5091 5093 4992
f 5093 5092 4992
f 5092 5116 4991
f 5116 5192 4991
f 5116 5236 5192
f 5235 5192 5236
f 5235 5234 4968
f 5234 5098 4968
f 5096 4968 5098
f 5102 5103 4962
f 5104 4962 5103
f 5104 5105 4962
f 5104 5170 5105
f 5170 5169 5105
f 5167 5105 5169
f 5168 5163 4982
f 5159 4982 5163
f 5157 5153 4978
f 5151 5152 4979
f 5153 5151 4979
f 5158 5157 4978
f 5159 5158 4978
f 5167 5168 4982
f 5105 5167 4982
f 5101 5102 4962
f 5096 5101 4962
f 5192 5235 4989
f 5152 5150 4979
f 5153 4979 4978
f 4982 5159 4978
f 5105 4982 4983
f 4983 4962 5105
f 5096 4962 4951
f 5095 4944 4950
f 5095 4985 4944
f 4968 5096 4951
f 5235 4968 4989
f 4989 4990 5192
f 4990 4991 5192
f 4991 4992 5092
f 5091 4992 4946
f 4946 4945 5090
f 5094 4945 4984
f 5124 4984 4987
f 4988 5123 4987
f 4944 4985 4986
f 5115 5123 4988
f 4986 4985 5113
f 5108 4985 5095
f 4950 5107 5095
f 4950 4980 5107
f 4980 4977 5171
f 5174 4977 4953
f 4953 5097 5174
f 4974 5165 5166
f 5160 5165 4973
f 5223 5224 4970
f 4970 5154 5223
f 5206 5207 5194
f 5199 5206 5194
f 5194 5198 5199
f 5129 5203 5139
f 5129 5139 5132
f 5129 5132 5130
f 5129 5130 5131
f 5197 5200 5130
f 5197 5130 5126
f 5197 5126 5196
f 5229 5193 5120
f 5229 5120 5226
f 5225 5226 5120
f 5127 5120 5193
f 5125 5126 5127
f 4943 5127 5126
f 4943 5126 4941
f 5195 5126 5125
f 5185 5118 4966
f 5185 4966 5184
f 5182 5184 4966
f 5195 5196 5126
f 5130 4941 5126
f 5131 5130 5200
f 5132 5138 5130
f 5138 5202 5130
f 5202 5201 5130
f 5135 5130 5201
f 5201 5139 5135
f 5136 5135 5139
f 5147 5136 5139
f 5147 5139 5146
f 5146 5130 5147
f 5137 5130 5146
f 5133 5130 5137
f 5137 5139 5133
f 5134 5133 5139
f 5134 5139 5144
f 5144 5130 5134
f 4942 5130 5144
f 4942 5144 5139
f 5133 5134 5130
f 5137 5146 5139
f 5136 5147 5130
f 5135 5136 5130
f 5201 5202 5139
f 5202 5138 5139
f 5138 5132 5139
f 5198 5139 5203
f 5139 5198 4971
f 4971 5198 5194
f 5194 5154 4971
f 5154 5194 5207
f 5155 4970 5224
f 5155 5156 4970
f 5228 5190 5122
f 5228 5122 5121
f 5187 5122 5190
f 5122 5187 4947
f 5122 4947 4967
f 5186 4964 5187
f 4964 5186 5188
f 5188 5189 4964
f 5189 4976 4964
f 4964 4976 4975
f 5179 4975 4976
f 5178 5179 4976
f 5233 5232 4975
f 5106 4975 5232
f 5106 4965 4975
f 5233 4975 5179
f 5178 4976 5189
f 5230 4965 5106
f 5182 4966 5183
f 4964 4975 4965
f 5187 4964 4947
f 5117 4966 5118
f 4947 4948 4949
f 5225 5120 5119
f 5120 5127 4943
f 4967 4947 4949
f 5121 5122 4967
f 5216 5180 5175
f 5143 5175 4960
f 5100 4956 5112
f 4953 4955 4956
f 4963 5099 4981
f 5142 4954 4981
f 4952 5097 4953
f 5177 4952 4974
f 5143 4960 4954
f 4974 4973 5165
f 5160 4973 4961
f 5164 4957 4960
f 4961 4959 5160
f 4957 5181 4958
f 5156 4959 4970
f 4958 5191 4972
f 5154 4970 4971
f 5204 4969 4972
f 5139 4971 4942
f 4969 5128 4940
f 4941 5130 4942
f 4940 4943 4941


o Object.16
v 36.021801 -11.082399 0.000000 255 255 255
v 35.361401 -12.657200 0.000000 255 255 255
v 35.310604 -12.657200 0.000000 255 255 255
v 35.463001 -12.657200 0.000000 255 255 255
v 35.666203 -12.555599 0.000000 255 255 255
v 35.564606 -12.606400 0.000000 255 255 255
v 35.513802 -12.606400 0.000000 255 255 255
v 39.273003 2.024001 0.000000 255 255 255
v 38.561806 -0.871599 0.000000 255 255 255
v 30.078203 -8.440800 0.000000 255 255 255
v 35.158203 -12.606400 0.000000 255 255 255
v 34.396206 -12.454000 0.000000 255 255 255
v 35.259804 -12.657200 0.000000 255 255 255
v 36.377399 -9.660000 0.000000 255 255 255
v 33.685001 -12.250799 0.000000 255 255 255
v 32.973804 -12.098400 0.000000 255 255 255
v 32.973804 3.294002 0.000000 255 255 255
v 33.329403 4.767201 0.000000 255 255 255
v 41.406605 10.812402 0.000000 255 255 255
v 40.695408 7.866002 0.000000 255 255 255
v 32.211800 0.347600 0.000000 255 255 255
v 37.850601 -3.817999 0.000000 255 255 255
v 30.128998 -11.488799 0.000000 255 255 255
v 29.417801 -11.387200 0.000000 255 255 255
v 36.936203 -7.475599 0.000000 255 255 255
v 30.840202 -11.641200 0.000000 255 255 255
v 34.447002 9.136001 0.000000 255 255 255
v 37.901405 11.523602 0.000000 255 255 255
v 39.069805 11.269602 0.000000 255 255 255
v 33.685001 6.240401 0.000000 255 255 255
v 40.593803 10.964801 0.000000 255 255 255
v 35.158203 12.082402 0.000000 255 255 255
v 37.139400 11.676001 0.000000 255 255 255
v 35.971001 11.930001 0.000000 255 255 255
v 35.209000 12.082402 0.000000 255 255 255
v 30.789400 -5.494400 0.000000 255 255 255
v 31.500603 -2.548000 0.000000 255 255 255
v 36.580605 -8.948799 0.000000 255 255 255
v 31.551405 -11.793599 0.000000 255 255 255
v 32.262600 -11.945999 0.000000 255 255 255
v 39.984200 4.970401 0.000000 255 255 255
v 32.973804 -12.098400 16.357601 188 188 188
v 30.078203 -8.440800 16.357601 188 188 188
v 32.262600 -11.945999 16.357601 188 188 188
v 37.850601 -3.817999 16.357601 188 188 188
v 31.500603 -2.548000 16.357601 188 188 188
v 37.139400 -6.713600 16.357601 188 188 188
v 36.377399 -9.660000 16.357601 188 188 188
v 35.564606 -12.606400 16.357601 188 188 188
v 35.666203 -12.555599 16.357601 188 188 188
v 35.513802 -12.606400 16.357601 188 188 188
v 29.417801 -11.387200 16.357601 188 188 188
v 30.128998 -11.488799 16.357601 188 188 188
v 35.463001 -12.657200 16.357601 188 188 188
v 35.361401 -12.657200 16.357601 188 188 188
v 35.310604 -12.657200 16.357601 188 188 188
v 35.259804 -12.657200 16.357601 188 188 188
v 35.158203 -12.606400 16.357601 188 188 188
v 35.107403 -12.606400 16.357601 188 188 188
v 34.396206 -12.454000 16.357601 188 188 188
v 33.685001 -12.250799 16.357601 188 188 188
v 30.789400 -5.494400 16.357601 188 188 188
v 30.840202 -11.641200 16.357601 188 188 188
v 31.551405 -11.793599 16.357601 188 188 188
v 38.561806 -0.871599 16.357601 188 188 188
v 32.211800 0.347600 16.357601 188 188 188
v 32.973804 3.294002 16.357601 188 188 188
v 39.273003 2.024001 16.357601 188 188 188
v 33.685001 6.240401 16.357601 188 188 188
v 34.447002 9.136001 16.357601 188 188 188
v 40.695408 7.866002 16.357601 188 188 188
v 38.307800 11.422001 16.357601 188 188 188
v 39.984200 4.970401 16.357601 188 188 188
v 37.495003 11.574401 16.357601 188 188 188
v 36.733006 11.777601 16.357601 188 188 188
v 35.971001 11.930001 16.357601 188 188 188
v 35.209000 12.082402 16.357601 188 188 188
v 39.069805 11.269602 16.357601 188 188 188
v 40.593803 10.964801 16.357601 188 188 188
v 41.406605 10.812402 16.357601 188 188 188
v 35.361401 -12.657200 15.849600 188 188 188
v 35.310604 -12.657200 15.849600 188 188 188
v 40.695408 7.866002 15.849600 188 188 188
v 31.653004 -2.039999 15.849600 188 188 188
v 32.110199 -0.160399 15.849600 188 188 188
v 32.211800 0.347600 15.849600 188 188 188
v 32.211800 0.347600 14.935200 255 255 255
v 32.313404 0.754001 15.849600 188 188 188
v 31.500603 -2.548000 15.849600 188 188 188
v 31.399004 -3.106799 15.849600 188 188 188
v 32.923000 -12.098400 15.849600 188 188 188
v 32.973804 -12.098400 15.849600 188 188 188
v 32.973804 -12.098400 14.935200 255 255 255
v 40.136600 5.478401 15.849600 188 188 188
v 39.984200 4.970401 15.849600 188 188 188
v 30.941801 -4.935599 15.849600 188 188 188
v 37.037800 -7.018399 15.849600 188 188 188
v 36.580605 -8.847199 15.849600 188 188 188
v 36.580605 -8.948799 14.935200 255 255 255
v 36.479004 -9.406000 15.849600 188 188 188
v 37.241005 -6.205599 15.849600 188 188 188
v 32.364201 -11.945999 15.849600 188 188 188
v 32.465797 -11.996799 15.849600 188 188 188
v 37.139400 -6.713600 15.849600 188 188 188
v 32.262600 -11.945999 15.849600 188 188 188
v 30.230604 -11.539599 15.849600 188 188 188
v 32.110199 -11.895200 15.849600 188 188 188
v 31.703800 -11.793599 15.849600 188 188 188
v 31.551405 -11.793599 15.849600 188 188 188
v 39.425404 2.582802 15.849600 188 188 188
v 39.273003 2.024001 15.849600 188 188 188
v 30.078203 -8.440800 15.849600 188 188 188
v 29.976604 -8.999599 15.849600 188 188 188
v 39.527008 3.090801 15.849600 188 188 188
v 30.941801 -11.691999 15.849600 188 188 188
v 30.840202 -11.641200 15.849600 188 188 188
v 38.714207 -0.363599 15.849600 188 188 188
v 30.687801 -11.641200 15.849600 188 188 188
v 36.377399 -9.660000 15.849600 188 188 188
v 30.128998 -11.488799 15.849600 188 188 188
v 29.519400 -11.387200 15.849600 188 188 188
v 29.671801 -11.438000 15.849600 188 188 188
v 29.417801 -11.387200 15.849600 188 188 188
v 29.874998 -9.507600 15.849600 188 188 188
v 35.767803 -12.047600 15.849600 188 188 188
v 37.850601 -3.817999 15.849600 188 188 188
v 38.002998 -3.259199 15.849600 188 188 188
v 35.666203 -12.555599 15.849600 188 188 188
v 35.615402 -12.606400 15.849600 188 188 188
v 35.564606 -12.606400 15.849600 188 188 188
v 37.393398 -5.646799 15.849600 188 188 188
v 35.513802 -12.606400 15.849600 188 188 188
v 30.789400 -5.494400 15.849600 188 188 188
v 35.463001 -12.657200 15.849600 188 188 188
v 38.104603 -2.751199 15.849600 188 188 188
v 30.230604 -7.881999 15.849600 188 188 188
v 30.687801 -6.002400 15.849600 188 188 188
v 38.815800 0.195201 15.849600 188 188 188
v 35.412205 -12.657200 15.849600 188 188 188
v 38.561806 -0.871599 15.849600 188 188 188
v 32.770599 2.633601 15.849600 188 188 188
v 32.923000 3.141601 15.849600 188 188 188
v 40.695408 7.916801 15.849600 188 188 188
v 35.259804 -12.657200 15.849600 188 188 188
v 40.543007 7.358001 15.849600 188 188 188
v 35.209000 -12.606400 15.849600 188 188 188
v 33.786598 6.596002 15.849600 188 188 188
v 34.243805 8.475601 15.849600 188 188 188
v 33.685001 6.240401 14.935200 255 255 255
v 34.396206 8.983601 15.849600 188 188 188
v 34.497803 -12.454000 15.849600 188 188 188
v 40.593803 10.964801 15.849600 188 188 188
v 40.339798 11.015600 15.849600 188 188 188
v 41.101803 10.863201 15.849600 188 188 188
v 41.406605 10.812402 15.849600 188 188 188
v 41.406605 10.812402 14.935200 255 255 255
v 41.254204 10.863201 15.849600 188 188 188
v 33.075401 3.852800 15.849600 188 188 188
v 32.973804 3.294002 15.849600 188 188 188
v 33.583401 5.681601 15.849600 188 188 188
v 33.685001 6.240401 15.849600 188 188 188
v 41.305000 10.456801 15.849600 188 188 188
v 33.126198 -12.149199 15.849600 188 188 188
v 40.847797 8.577202 15.849600 188 188 188
v 40.746204 8.069201 15.849600 188 188 188
v 38.307800 11.422001 15.849600 188 188 188
v 38.765003 11.320401 15.849600 188 188 188
v 37.901405 11.523602 14.935200 255 255 255
v 38.917404 11.320401 15.849600 188 188 188
v 38.155399 11.472800 15.849600 188 188 188
v 31.399004 -11.742800 15.849600 188 188 188
v 38.002998 11.472800 15.849600 188 188 188
v 39.069805 11.269602 15.849600 188 188 188
v 37.495003 11.574401 15.849600 188 188 188
v 37.393398 11.625201 15.849600 188 188 188
v 37.139400 11.676001 14.935200 255 255 255
v 37.241005 11.676001 15.849600 188 188 188
v 36.733006 11.777601 15.849600 188 188 188
v 36.580605 11.777601 15.849600 188 188 188
v 35.158203 12.082402 14.935200 255 255 255
v 34.447002 9.136001 15.849600 188 188 188
v 36.428204 11.828401 15.849600 188 188 188
v 35.971001 11.930001 15.849600 188 188 188
v 34.548599 9.694800 15.849600 188 188 188
v 35.056606 11.574401 15.849600 188 188 188
v 35.209000 12.082402 15.849600 188 188 188
v 35.818604 11.930001 15.849600 188 188 188
v 35.666203 11.980802 15.849600 188 188 188
v 39.323799 11.218801 15.849600 188 188 188
v 34.243805 -12.403200 15.849600 188 188 188
v 34.396206 -12.454000 15.849600 188 188 188
v 33.532600 -12.250799 15.849600 188 188 188
v 33.685001 -12.250799 15.849600 188 188 188
v 33.837402 -12.301600 15.849600 188 188 188
v 35.920204 -11.488799 15.849600 188 188 188
v 34.955002 -12.555599 15.849600 188 188 188
v 35.107403 -12.606400 15.849600 188 188 188
v 35.158203 -12.606400 15.849600 188 188 188
v 35.209000 -12.657200 15.849600 188 188 188
v 35.463001 -12.606400 15.849600 188 188 188

v 40.746204 8.069201 15.849600 188 188 188
v 40.695408 7.866002 16.357601 188 188 188
v 40.695408 7.916801 15.849600 188 188 188
v 40.695408 7.866002 16.357601 188 188 188
v 40.695408 7.866002 15.849600 188 188 188
v 40.695408 7.866002 16.357601 188 188 188
v 40.543007 7.358001 15.849600 188 188 188
v 40.695408 7.866002 16.357601 188 188 188
v 40.543007 7.358001 15.849600 188 188 188
v 39.984200 4.970401 16.357601 188 188 188
v 39.425404 2.582802 15.849600 188 188 188
v 39.273003 2.024001 16.357601 188 188 188
v 39.273003 2.024001 15.849600 188 188 188
v 39.273003 2.024001 16.357601 188 188 188
v 39.273003 2.024001 15.849600 188 188 188
v 38.561806 -0.871599 16.357601 188 188 188
v 38.815800 0.195201 15.849600 188 188 188
v 38.561806 -0.871599 16.357601 188 188 188
v 38.714207 -0.363599 15.849600 188 188 188
v 38.561806 -0.871599 16.357601 188 188 188
v 38.561806 -0.871599 16.357601 188 188 188
v 38.561806 -0.871599 15.849600 188 188 188
v 38.561806 -0.871599 15.849600 188 188 188
v 37.850601 -3.817999 16.357601 188 188 188
v 37.850601 -3.817999 16.357601 188 188 188
v 37.850601 -3.817999 15.849600 188 188 188
v 37.850601 -3.817999 16.357601 188 188 188
v 37.850601 -3.817999 15.849600 188 188 188
v 37.139400 -6.713600 16.357601 188 188 188
v 37.393398 -5.646799 15.849600 188 188 188
v 37.139400 -6.713600 16.357601 188 188 188
v 37.241005 -6.205599 15.849600 188 188 188
v 37.139400 -6.713600 16.357601 188 188 188
v 37.139400 -6.713600 15.849600 188 188 188
v 37.139400 -6.713600 16.357601 188 188 188
v 37.037800 -7.018399 15.849600 188 188 188
v 37.139400 -6.713600 16.357601 188 188 188
v 37.037800 -7.018399 15.849600 188 188 188
v 36.377399 -9.660000 16.357601 188 188 188
v 36.377399 -9.660000 16.357601 188 188 188
v 36.377399 -9.660000 15.849600 188 188 188
v 36.377399 -9.660000 16.357601 188 188 188
v 36.377399 -9.660000 15.849600 188 188 188
v 35.666203 -12.555599 16.357601 188 188 188
v 35.920204 -11.488799 15.849600 188 188 188
v 35.666203 -12.555599 16.357601 188 188 188
v 35.767803 -12.047600 15.849600 188 188 188
v 35.666203 -12.555599 16.357601 188 188 188
v 35.666203 -12.555599 16.357601 188 188 188
v 35.666203 -12.555599 15.849600 188 188 188
v 35.666203 -12.555599 15.849600 188 188 188
v 35.564606 -12.606400 16.357601 188 188 188
v 35.615402 -12.606400 15.849600 188 188 188
v 35.564606 -12.606400 16.357601 188 188 188
v 35.564606 -12.606400 15.849600 188 188 188
v 35.564606 -12.606400 16.357601 188 188 188
v 35.564606 -12.606400 15.849600 188 188 188
v 35.513802 -12.606400 16.357601 188 188 188
v 35.513802 -12.606400 15.849600 188 188 188
v 35.513802 -12.606400 16.357601 188 188 188
v 35.513802 -12.606400 15.849600 188 188 188
v 35.463001 -12.657200 16.357601 188 188 188
v 35.310604 -12.657200 15.849600 188 188 188
v 35.310604 -12.657200 16.357601 188 188 188
v 35.310604 -12.657200 15.849600 188 188 188
v 35.259804 -12.657200 16.357601 188 188 188
v 35.259804 -12.657200 15.849600 188 188 188
v 35.259804 -12.657200 16.357601 188 188 188
v 35.209000 -12.657200 15.849600 188 188 188
v 35.259804 -12.657200 16.357601 188 188 188
v 35.209000 -12.657200 15.849600 188 188 188
v 35.158203 -12.606400 16.357601 188 188 188
v 35.209000 -12.606400 15.849600 188 188 188
v 35.158203 -12.606400 16.357601 188 188 188
v 35.158203 -12.606400 15.849600 188 188 188
v 35.158203 -12.606400 16.357601 188 188 188
v 35.158203 -12.606400 15.849600 188 188 188
v 35.107403 -12.606400 16.357601 188 188 188
v 34.497803 -12.454000 15.849600 188 188 188
v 34.396206 -12.454000 16.357601 188 188 188
v 34.396206 -12.454000 15.849600 188 188 188
v 34.396206 -12.454000 16.357601 188 188 188
v 34.243805 -12.403200 15.849600 188 188 188
v 34.396206 -12.454000 16.357601 188 188 188
v 34.243805 -12.403200 15.849600 188 188 188
v 33.685001 -12.250799 16.357601 188 188 188
v 33.837402 -12.301600 15.849600 188 188 188
v 33.685001 -12.250799 16.357601 188 188 188
v 33.685001 -12.250799 15.849600 188 188 188
v 33.685001 -12.250799 16.357601 188 188 188
v 33.532600 -12.250799 15.849600 188 188 188
v 33.685001 -12.250799 16.357601 188 188 188
v 33.532600 -12.250799 15.849600 188 188 188
v 32.973804 -12.098400 16.357601 188 188 188
v 33.126198 -12.149199 15.849600 188 188 188
v 32.973804 -12.098400 16.357601 188 188 188
v 32.973804 -12.098400 15.849600 188 188 188
v 32.973804 -12.098400 16.357601 188 188 188
v 32.923000 -12.098400 15.849600 188 188 188
v 32.973804 -12.098400 16.357601 188 188 188
v 32.923000 -12.098400 15.849600 188 188 188
v 32.262600 -11.945999 16.357601 188 188 188
v 31.703800 -11.793599 15.849600 188 188 188
v 31.551405 -11.793599 16.357601 188 188 188
v 31.551405 -11.793599 15.849600 188 188 188
v 31.551405 -11.793599 16.357601 188 188 188
v 31.399004 -11.742800 15.849600 188 188 188
v 31.551405 -11.793599 16.357601 188 188 188
v 31.399004 -11.742800 15.849600 188 188 188
v 30.840202 -11.641200 16.357601 188 188 188
v 30.941801 -11.691999 15.849600 188 188 188
v 30.840202 -11.641200 16.357601 188 188 188
v 30.840202 -11.641200 15.849600 188 188 188
v 30.840202 -11.641200 16.357601 188 188 188
v 30.687801 -11.641200 15.849600 188 188 188
v 30.840202 -11.641200 16.357601 188 188 188
v 30.687801 -11.641200 15.849600 188 188 188
v 30.128998 -11.488799 16.357601 188 188 188
v 30.230604 -11.539599 15.849600 188 188 188
v 30.128998 -11.488799 16.357601 188 188 188
v 30.128998 -11.488799 15.849600 188 188 188
v 30.128998 -11.488799 16.357601 188 188 188
v 30.128998 -11.488799 15.849600 188 188 188
v 29.417801 -11.387200 16.357601 188 188 188
v 29.671801 -11.438000 15.849600 188 188 188
v 29.417801 -11.387200 16.357601 188 188 188
v 29.519400 -11.387200 15.849600 188 188 188
v 29.417801 -11.387200 16.357601 188 188 188
v 29.417801 -11.387200 15.849600 188 188 188
v 29.417801 -11.387200 16.357601 188 188 188
v 29.417801 -11.387200 15.849600 188 188 188
v 30.078203 -8.440800 16.357601 188 188 188
v 29.874998 -9.507600 15.849600 188 188 188
v 30.078203 -8.440800 16.357601 188 188 188
v 30.078203 -8.440800 16.357601 188 188 188
v 29.976604 -8.999599 15.849600 188 188 188
v 30.789400 -5.494400 15.849600 188 188 188
v 30.789400 -5.494400 16.357601 188 188 188
v 30.941801 -4.935599 15.849600 188 188 188
v 31.500603 -2.548000 16.357601 188 188 188
v 31.399004 -3.106799 15.849600 188 188 188
v 32.211800 0.347600 16.357601 188 188 188
v 32.110199 -0.160399 15.849600 188 188 188
v 32.973804 3.294002 16.357601 188 188 188
v 32.923000 3.141601 15.849600 188 188 188
v 32.973804 3.294002 15.849600 188 188 188
v 32.973804 3.294002 16.357601 188 188 188
v 33.075401 3.852800 15.849600 188 188 188
v 32.973804 3.294002 16.357601 188 188 188
v 33.075401 3.852800 15.849600 188 188 188
v 33.685001 6.240401 16.357601 188 188 188
v 40.593803 10.964801 15.849600 188 188 188
v 40.593803 10.964801 16.357601 188 188 188
v 41.406605 10.812402 16.357601 188 188 188
v 40.593803 10.964801 16.357601 188 188 188
v 40.695408 7.866002 16.357601 188 188 188
v 41.406605 10.812402 16.357601 188 188 188
v 40.695408 7.866002 16.357601 188 188 188
v 40.695408 7.866002 16.357601 188 188 188
v 40.593803 10.964801 16.357601 188 188 188
v 39.069805 11.269602 16.357601 188 188 188
v 40.593803 10.964801 16.357601 188 188 188
v 39.069805 11.269602 16.357601 188 188 188
v 39.323799 11.218801 15.849600 188 188 188
v 39.069805 11.269602 16.357601 188 188 188
v 39.069805 11.269602 16.357601 188 188 188
v 38.765003 11.320401 15.849600 188 188 188
v 38.307800 11.422001 15.849600 188 188 188
v 39.069805 11.269602 16.357601 188 188 188
v 38.307800 11.422001 15.849600 188 188 188
v 38.307800 11.422001 16.357601 188 188 188
v 38.155399 11.472800 15.849600 188 188 188
v 38.307800 11.422001 16.357601 188 188 188
v 38.307800 11.422001 16.357601 188 188 188
v 38.002998 11.472800 15.849600 188 188 188
v 37.495003 11.574401 15.849600 188 188 188
v 37.393398 11.625201 15.849600 188 188 188
v 37.495003 11.574401 16.357601 188 188 188
v 37.495003 11.574401 16.357601 188 188 188
v 37.241005 11.676001 15.849600 188 188 188
v 34.548599 9.694800 15.849600 188 188 188
v 34.447002 9.136001 16.357601 188 188 188
v 34.548599 9.694800 15.849600 188 188 188
v 35.209000 12.082402 16.357601 188 188 188
v 35.056606 11.574401 15.849600 188 188 188
v 35.209000 12.082402 16.357601 188 188 188
v 35.209000 12.082402 15.849600 188 188 188
v 35.209000 12.082402 16.357601 188 188 188
v 35.209000 12.082402 15.849600 188 188 188
v 35.971001 11.930001 16.357601 188 188 188
v 35.971001 11.930001 16.357601 188 188 188
v 35.971001 11.930001 15.849600 188 188 188
v 35.971001 11.930001 16.357601 188 188 188
v 35.971001 11.930001 15.849600 188 188 188
v 36.733006 11.777601 16.357601 188 188 188
v 36.428204 11.828401 15.849600 188 188 188
v 36.733006 11.777601 16.357601 188 188 188
v 36.733006 11.777601 15.849600 188 188 188
v 36.580605 11.777601 15.849600 188 188 188
v 36.733006 11.777601 16.357601 188 188 188
v 34.447002 9.136001 16.357601 188 188 188
v 36.733006 11.777601 16.357601 188 188 188
v 35.971001 11.930001 16.357601 188 188 188
v 34.447002 9.136001 16.357601 188 188 188
v 37.495003 11.574401 16.357601 188 188 188
v 36.733006 11.777601 16.357601 188 188 188
v 34.447002 9.136001 16.357601 188 188 188
v 38.307800 11.422001 16.357601 188 188 188
v 37.495003 11.574401 16.357601 188 188 188
v 34.447002 9.136001 16.357601 188 188 188
v 40.695408 7.866002 16.357601 188 188 188
v 38.307800 11.422001 16.357601 188 188 188
v 35.818604 11.930001 15.849600 188 188 188
v 35.666203 11.980802 15.849600 188 188 188
v 35.971001 11.930001 16.357601 188 188 188
v 34.447002 9.136001 16.357601 188 188 188
v 35.971001 11.930001 16.357601 188 188 188
v 35.209000 12.082402 16.357601 188 188 188
v 34.447002 9.136001 16.357601 188 188 188
v 34.447002 9.136001 15.849600 188 188 188
v 34.396206 8.983601 15.849600 188 188 188
v 34.447002 9.136001 16.357601 188 188 188
v 34.447002 9.136001 16.357601 188 188 188
v 34.243805 8.475601 15.849600 188 188 188
v 33.786598 6.596002 15.849600 188 188 188
v 33.685001 6.240401 16.357601 188 188 188
v 34.447002 9.136001 16.357601 188 188 188
v 33.685001 6.240401 16.357601 188 188 188
v 39.984200 4.970401 16.357601 188 188 188
v 34.447002 9.136001 16.357601 188 188 188
v 39.984200 4.970401 16.357601 188 188 188
v 33.685001 6.240401 16.357601 188 188 188
v 39.273003 2.024001 16.357601 188 188 188
v 39.984200 4.970401 16.357601 188 188 188
v 39.273003 2.024001 16.357601 188 188 188
v 33.685001 6.240401 16.357601 188 188 188
v 33.786598 6.596002 15.849600 188 188 188
v 36.733006 11.777601 15.849600 188 188 188
v 36.733006 11.777601 16.357601 188 188 188
v 37.495003 11.574401 16.357601 188 188 188
v 37.495003 11.574401 15.849600 188 188 188
v 37.495003 11.574401 16.357601 188 188 188
v 38.307800 11.422001 16.357601 188 188 188
v 39.069805 11.269602 15.849600 188 188 188
v 38.917404 11.320401 15.849600 188 188 188
v 39.069805 11.269602 16.357601 188 188 188
v 38.307800 11.422001 16.357601 188 188 188
v 40.695408 7.866002 16.357601 188 188 188
v 39.069805 11.269602 16.357601 188 188 188
v 40.593803 10.964801 15.849600 188 188 188
v 41.406605 10.812402 16.357601 188 188 188
v 41.101803 10.863201 15.849600 188 188 188
v 41.406605 10.812402 16.357601 188 188 188
v 41.254204 10.863201 15.849600 188 188 188
v 41.406605 10.812402 16.357601 188 188 188
v 39.323799 11.218801 15.849600 188 188 188
v 40.593803 10.964801 16.357601 188 188 188
v 40.339798 11.015600 15.849600 188 188 188
v 33.685001 6.240401 15.849600 188 188 188
v 33.583401 5.681601 15.849600 188 188 188
v 33.685001 6.240401 16.357601 188 188 188
v 32.973804 3.294002 16.357601 188 188 188
v 39.273003 2.024001 16.357601 188 188 188
v 33.685001 6.240401 16.357601 188 188 188
v 32.973804 3.294002 16.357601 188 188 188
v 32.770599 2.633601 15.849600 188 188 188
v 32.313404 0.754001 15.849600 188 188 188
v 32.211800 0.347600 16.357601 188 188 188
v 32.973804 3.294002 16.357601 188 188 188
v 32.211800 0.347600 16.357601 188 188 188
v 38.561806 -0.871599 16.357601 188 188 188
v 32.973804 3.294002 16.357601 188 188 188
v 32.211800 0.347600 15.849600 188 188 188
v 32.211800 0.347600 16.357601 188 188 188
v 32.313404 0.754001 15.849600 188 188 188
v 31.653004 -2.039999 15.849600 188 188 188
v 31.500603 -2.548000 16.357601 188 188 188
v 32.211800 0.347600 16.357601 188 188 188
v 31.500603 -2.548000 16.357601 188 188 188
v 37.850601 -3.817999 16.357601 188 188 188
v 32.211800 0.347600 16.357601 188 188 188
v 31.500603 -2.548000 15.849600 188 188 188
v 31.500603 -2.548000 16.357601 188 188 188
v 31.653004 -2.039999 15.849600 188 188 188
v 30.941801 -4.935599 15.849600 188 188 188
v 30.789400 -5.494400 16.357601 188 188 188
v 31.500603 -2.548000 16.357601 188 188 188
v 30.789400 -5.494400 16.357601 188 188 188
v 37.139400 -6.713600 16.357601 188 188 188
v 31.500603 -2.548000 16.357601 188 188 188
v 30.789400 -5.494400 16.357601 188 188 188
v 30.687801 -6.002400 15.849600 188 188 188
v 30.230604 -7.881999 15.849600 188 188 188
v 30.078203 -8.440800 16.357601 188 188 188
v 30.789400 -5.494400 16.357601 188 188 188
v 30.078203 -8.440800 16.357601 188 188 188
v 32.973804 -12.098400 16.357601 188 188 188
v 30.789400 -5.494400 16.357601 188 188 188
v 30.078203 -8.440800 15.849600 188 188 188
v 30.078203 -8.440800 16.357601 188 188 188
v 30.230604 -7.881999 15.849600 188 188 188
v 29.417801 -11.387200 16.357601 188 188 188
v 30.128998 -11.488799 16.357601 188 188 188
v 30.078203 -8.440800 16.357601 188 188 188
v 30.840202 -11.641200 16.357601 188 188 188
v 30.078203 -8.440800 16.357601 188 188 188
v 30.128998 -11.488799 16.357601 188 188 188
v 31.551405 -11.793599 16.357601 188 188 188
v 30.078203 -8.440800 16.357601 188 188 188
v 30.840202 -11.641200 16.357601 188 188 188
v 32.262600 -11.945999 16.357601 188 188 188
v 30.078203 -8.440800 16.357601 188 188 188
v 31.551405 -11.793599 16.357601 188 188 188
v 32.110199 -11.895200 15.849600 188 188 188
v 32.262600 -11.945999 16.357601 188 188 188
v 31.551405 -11.793599 16.357601 188 188 188
v 32.110199 -11.895200 15.849600 188 188 188
v 32.262600 -11.945999 16.357601 188 188 188
v 32.262600 -11.945999 15.849600 188 188 188
v 32.262600 -11.945999 16.357601 188 188 188
v 32.364201 -11.945999 15.849600 188 188 188
v 32.465797 -11.996799 15.849600 188 188 188
v 32.262600 -11.945999 16.357601 188 188 188
v 32.973804 -12.098400 16.357601 188 188 188
v 30.078203 -8.440800 16.357601 188 188 188
v 32.262600 -11.945999 16.357601 188 188 188
v 33.685001 -12.250799 16.357601 188 188 188
v 30.789400 -5.494400 16.357601 188 188 188
v 32.973804 -12.098400 16.357601 188 188 188
v 36.377399 -9.660000 16.357601 188 188 188
v 30.789400 -5.494400 16.357601 188 188 188
v 33.685001 -12.250799 16.357601 188 188 188
v 36.377399 -9.660000 16.357601 188 188 188
v 33.685001 -12.250799 16.357601 188 188 188
v 34.396206 -12.454000 16.357601 188 188 188
v 36.377399 -9.660000 16.357601 188 188 188
v 34.396206 -12.454000 16.357601 188 188 188
v 35.107403 -12.606400 16.357601 188 188 188
v 34.955002 -12.555599 15.849600 188 188 188
v 35.107403 -12.606400 16.357601 188 188 188
v 34.396206 -12.454000 16.357601 188 188 188
v 34.955002 -12.555599 15.849600 188 188 188
v 35.107403 -12.606400 15.849600 188 188 188
v 35.107403 -12.606400 16.357601 188 188 188
v 36.377399 -9.660000 16.357601 188 188 188
v 35.107403 -12.606400 16.357601 188 188 188
v 35.158203 -12.606400 16.357601 188 188 188
v 36.377399 -9.660000 16.357601 188 188 188
v 35.158203 -12.606400 16.357601 188 188 188
v 35.259804 -12.657200 16.357601 188 188 188
v 36.377399 -9.660000 16.357601 188 188 188
v 35.259804 -12.657200 16.357601 188 188 188
v 35.310604 -12.657200 16.357601 188 188 188
v 36.377399 -9.660000 16.357601 188 188 188
v 35.310604 -12.657200 16.357601 188 188 188
v 36.377399 -9.660000 16.357601 188 188 188
v 35.361401 -12.657200 16.357601 188 188 188
v 35.463001 -12.657200 16.357601 188 188 188
v 35.463001 -12.657200 16.357601 188 188 188
v 35.361401 -12.657200 16.357601 188 188 188
v 35.361401 -12.657200 16.357601 188 188 188
v 35.310604 -12.657200 16.357601 188 188 188
v 35.361401 -12.657200 15.849600 188 188 188
v 35.361401 -12.657200 15.849600 188 188 188
v 35.361401 -12.657200 16.357601 188 188 188
v 35.463001 -12.657200 15.849600 188 188 188
v 35.361401 -12.657200 16.357601 188 188 188
v 35.412205 -12.657200 15.849600 188 188 188
v 35.463001 -12.657200 15.849600 188 188 188
v 35.463001 -12.606400 15.849600 188 188 188
v 35.463001 -12.657200 16.357601 188 188 188
v 36.377399 -9.660000 16.357601 188 188 188
v 35.463001 -12.657200 16.357601 188 188 188
v 35.513802 -12.606400 16.357601 188 188 188
v 36.377399 -9.660000 16.357601 188 188 188
v 35.513802 -12.606400 16.357601 188 188 188
v 35.564606 -12.606400 16.357601 188 188 188
v 36.377399 -9.660000 16.357601 188 188 188
v 35.564606 -12.606400 16.357601 188 188 188
v 35.666203 -12.555599 16.357601 188 188 188
v 36.479004 -9.406000 15.849600 188 188 188
v 36.580605 -8.847199 15.849600 188 188 188
v 36.377399 -9.660000 16.357601 188 188 188
v 37.139400 -6.713600 16.357601 188 188 188
v 30.789400 -5.494400 16.357601 188 188 188
v 36.377399 -9.660000 16.357601 188 188 188
v 37.850601 -3.817999 16.357601 188 188 188
v 31.500603 -2.548000 16.357601 188 188 188
v 37.139400 -6.713600 16.357601 188 188 188
v 38.002998 -3.259199 15.849600 188 188 188
v 38.104603 -2.751199 15.849600 188 188 188
v 37.850601 -3.817999 16.357601 188 188 188
v 38.561806 -0.871599 16.357601 188 188 188
v 32.211800 0.347600 16.357601 188 188 188
v 37.850601 -3.817999 16.357601 188 188 188
v 39.273003 2.024001 16.357601 188 188 188
v 32.973804 3.294002 16.357601 188 188 188
v 38.561806 -0.871599 16.357601 188 188 188
v 39.984200 4.970401 15.849600 188 188 188
v 39.273003 2.024001 16.357601 188 188 188
v 39.527008 3.090801 15.849600 188 188 188
v 39.984200 4.970401 15.849600 188 188 188
v 40.136600 5.478401 15.849600 188 188 188
v 39.984200 4.970401 16.357601 188 188 188
v 40.695408 7.866002 16.357601 188 188 188
v 34.447002 9.136001 16.357601 188 188 188
v 39.984200 4.970401 16.357601 188 188 188
v 41.305000 10.456801 15.849600 188 188 188
v 40.695408 7.866002 16.357601 188 188 188
v 40.847797 8.577202 15.849600 188 188 188
v 41.406605 10.812402 16.357601 188 188 188
v 41.305000 10.456801 15.849600 188 188 188
v 41.406605 10.812402 15.849600 188 188 188

f 6128 6127 6034
f 6106 6164 6165
f 6046 6166 6167
f 6108 6168 6169
f 6170 6171 6036
f 6172 6173 6057
f 6073 6077 6031
f 6074 6174 6175
f 6176 6177 6028
f 6178 6179 6101
f 6080 6180 6181
f 6103 6182 6183
f 6184 6008 6185
f 6186 6187 6098
f 6089 6090 6188
f 6189 6190 6010
f 6191 6192 6094
f 6064 6193 6194
f 6067 6195 6196
f 6060 6197 6198
f 6199 6200 6011
f 6201 6202 6061
f 6082 6063 6203
f 6204 6205 6013
f 6206 6207 6158
f 6088 6208 6209
f 6091 6210 6211
f 6212 6012 6213
f 6092 6214 6215
f 6093 6216 6217
f 6218 6219 6014
f 6095 6220 6221
f 6222 6223 6017
f 6224 6225 6163
f 6045 6044 6019
f 6226 6227 6020
f 6228 6229 6107
f 6162 6230 6231
f 6232 6233 6021
f 6234 6235 6109
f 6161 6236 6237
f 6238 6239 6022
f 6240 6241 6160
f 6159 6023 6114
f 6154 6242 6243
f 6153 6244 6245
f 6246 6247 6024
f 6248 6249 6157
f 6156 6250 6251
f 6155 6252 6253
f 6254 6255 6005
f 6256 6257 6126
f 6055 6258 6259
f 6054 6260 6261
f 6262 6263 6007
f 6264 6265 6066
f 6070 6027 6071
f 6072 6266 6267
f 6134 6268 6269
f 6270 6271 6026
f 6272 6273 6078
f 6079 6274 6275
f 6081 6276 6277
f 6278 6279 6016
f 6280 6281 6069
f 6083 6282 6283
f 6284 6285 6015
f 6286 6287 6085
f 6084 6288 6289
f 6086 6290 6291
f 6292 6293 6006
f 6294 6295 6087
f 6076 6296 6297
f 6298 6075 6299
f 6096 6100 6025
f 6300 6301 6059
f 6302 6009 6053
f 6303 6052 6304
f 6047 6029 6048
f 6305 6049 6306
f 6105 6104 6030
f 6307 6122 6308
f 6121 6309 6310
f 6311 6312 6032
f 6313 6314 6123
f 6116 6042 6115
f 6043 6315 6316
f 6317 6318 6319
f 6125 6320 6321
f 6041 6322 6323
f 6152 6324 6325
f 6136 6326 6327
f 6132 6130 6328
f 6129 6329 6330
f 6331 6035 6332
f 6333 6133 6334
f 6335 6135 6336
f 6137 6337 6338
f 6339 6138 6037
f 6340 6140 6341
f 6141 6342 6343
f 6147 6144 6033
f 6344 6345 6040
f 6346 6347 6148
f 6149 6348 6349
f 6350 6351 6039
f 6352 6353 6151
f 6150 6354 6146
f 6355 6356 6038
f 6357 6358 6145
f 6142 6359 6360
f 6361 6362 6363
f 6364 6365 6366
f 6367 6368 6369
f 6370 6371 6372
f 6373 6374 6375
f 6376 6377 6378
f 6379 6380 6381
f 6382 6383 6113
f 6384 6111 6385
f 6110 6386 6387
f 6388 6389 6390
f 6391 6392 6393
f 6394 6395 6396
f 6397 6398 6058
f 6124 6399 6400
f 6401 6402 6403
f 6404 6405 6406
f 6407 6408 6409
f 6410 6411 6412
f 6413 6414 6117
f 6120 6415 6416
f 6118 6417 6418
f 6419 6420 6421
f 6422 6423 6424
f 6425 6426 6427
f 6051 6428 6429
f 6430 6431 6432
f 6433 6434 6435
f 6436 6437 6438
f 6439 6440 6441
f 6442 6443 6444
f 6445 6446 6447
f 6448 6449 6450
f 6451 6452 6453
f 6099 6454 6455
f 6456 6457 6458
f 6459 6460 6461
f 6462 6463 6464
f 6465 6466 6467
f 6468 6469 6470
f 6471 6472 6473
f 6474 6475 6476
f 6477 6478 6479
f 6480 6068 6481
f 6482 6065 6483
f 6484 6485 6486
f 6487 6488 6489
f 6490 6491 6492
f 6493 6494 6495
f 6496 6497 6498
f 6499 6500 6501
f 6502 6503 6504
f 6505 6506 6507
f 6508 6509 6510
f 6511 6512 6513
f 6514 6515 6516
f 6517 6518 6018
f 6519 6520 6521
f 6097 6522 6523
f 6524 6525 6526
f 6527 6102 6528
f 6529 6530 6531
f 6532 6533 6534
f 6535 6536 6537
f 6538 6539 6540
f 6541 6542 6543
f 6544 6545 6546
f 6547 6548 6549
f 6550 6551 6552
f 6553 6554 6555
f 6556 6557 6558
f 6559 6560 6561
f 6562 6563 6564
f 6565 6566 6567
f 6568 6569 6570
f 6571 6572 6573
f 6574 6575 6576

usemtl BaseColor_0
f 5964 5965 5966
f 5964 5966 5976
f 5964 5976 5974
f 5964 5974 5975
f 5977 5964 5975
f 5977 5975 5978
f 5977 5978 5979
f 6001 5977 5979
f 6001 5979 6003
f 5988 6001 6003
f 5988 6003 6002
f 5988 6002 5989
f 5985 5988 5989
f 5985 5989 5986
f 5985 5986 5987
f 5987 5973 5985
f 5972 5985 5973
f 5971 5972 5973
f 5973 5999 5971
f 5999 6000 5971
f 6004 5971 6000
f 6000 5984 6004
f 5983 6004 5984
f 5984 5980 5983
f 5982 5983 5980
f 5980 5981 5982
f 5981 5994 5982
f 5994 6119 5982
f 5994 6118 6119
f 6118 6125 6119
f 6125 6127 6119
f 6128 6119 6127
f 6108 6057 6004
f 6004 6057 6058
f 6058 6077 6004
f 6073 6004 6077
f 6074 6101 5971
f 6080 5971 6101
f 6103 6098 5972
f 6090 5972 6098
f 6090 6089 5972
f 6089 6094 5985
f 6064 5985 6094
f 6060 6061 6062
f 6063 6062 6061
f 6082 6062 6063
f 6082 6158 5977
f 6088 5977 6158
f 6095 6163 5970
f 6095 5970 5969
f 5964 5969 5970
f 5964 5970 5967
f 6097 5967 5970
f 6097 6102 5967
f 6102 5965 5967
f 6102 6044 5965
f 6044 6045 5965
f 6045 6107 5966
f 6162 6109 5976
f 6161 6160 5974
f 6159 5974 6160
f 6159 6114 5974
f 6153 6157 5975
f 6156 5975 6157
f 6155 6126 5978
f 6054 6066 6056
f 6065 6056 6066
f 6056 6065 6003
f 6065 6068 6003
f 6068 6070 6003
f 6070 6071 6003
f 6134 6078 6002
f 6081 6069 5989
f 6083 6085 5986
f 6084 5986 6085
f 6086 6087 5987
f 6076 5987 6087
f 6075 5973 6076
f 5973 6075 6099
f 6099 6100 5973
f 6096 5973 6100
f 5999 6096 6059
f 6059 6053 5999
f 6052 6000 6053
f 6000 6052 6047
f 6047 6048 6000
f 6049 6050 6048
f 6050 5984 6048
f 6050 6049 6051
f 6051 6104 6050
f 6105 6050 6104
f 6122 5980 6105
f 6121 6123 5981
f 6124 5981 6123
f 6124 6112 5981
f 6112 5993 5981
f 6112 5990 5993
f 5993 5990 5992
f 5993 5992 5994
f 5992 6116 5994
f 6115 5994 6116
f 6152 5992 6136
f 6136 5992 6131
f 6136 6131 6132
f 6132 6131 6130
f 6137 6135 6131
f 6137 6131 6139
f 6137 6139 6138
f 6141 6140 6139
f 6141 6139 5996
f 5997 6141 5996
f 5995 5997 5996
f 5990 5995 5996
f 5990 5996 5991
f 5996 6131 5991
f 5990 6144 5995
f 6143 5995 6144
f 6147 6143 6144
f 6149 6151 5998
f 6149 5998 6143
f 6150 5998 6151
f 5998 6150 5997
f 6146 5997 6150
f 6142 5997 6145
f 6146 6145 5997
f 6149 6143 6148
f 6110 6111 6112
f 6113 6112 6111
f 6147 6148 6143
f 5995 6143 5998
f 6144 5990 6113
f 5995 5998 5997
f 6142 6141 5997
f 6138 6139 6140
f 6131 5996 6139
f 6133 6131 6135
f 6129 6131 6133
f 6129 6130 6131
f 5991 6131 5992
f 6120 5994 6117
f 6115 6117 5994
f 6152 6116 5992
f 5990 5991 5992
f 6112 6113 5990
f 6112 6124 6110
f 6121 5981 6122
f 6050 6105 5980
f 6084 6086 5987
f 6069 6083 5986
f 6079 6081 5989
f 6078 6079 5989
f 6072 6134 6002
f 6071 6072 6002
f 6055 6054 6056
f 6126 6055 6056
f 6126 6056 5979
f 6156 6155 5978
f 6154 6153 5975
f 6114 6154 5975
f 6109 6161 5974
f 6107 6162 5976
f 5964 5968 5969
f 5969 5968 6093
f 6088 5968 5964
f 6097 5970 6163
f 6095 5969 6093
f 6092 6093 5968
f 6091 6092 5968
f 5968 6088 6091
f 5977 6062 6082
f 6060 6062 6067
f 6067 6062 5988
f 6064 6067 5988
f 5972 6080 6103
f 6073 6074 6004
f 6108 6004 6046
f 5983 6106 6046
f 6128 6106 5983
f 6119 6128 5983
f 6118 5994 6120
f 5981 5993 5994
f 6122 5981 5980
f 6119 5983 5982
f 6050 5980 5984
f 6046 6004 5983
f 6048 5984 6000
f 5971 6004 6074
f 6053 6000 5999
f 6096 5999 5973
f 6080 5972 5971
f 5985 5972 6089
f 5987 6076 5973
f 5986 6084 5987
f 5989 6069 5986
f 6064 5988 5985
f 6078 5989 6002
f 6071 6002 6003
f 6062 6001 5988
f 6056 6003 5979
f 6062 5977 6001
f 6126 5979 5978
f 6156 5978 5975
f 5977 6088 5964
f 6114 5975 5974
f 6109 5974 5976
f 6107 5976 5966
f 5966 5965 6045
f 5964 5967 5965


o Object.17
v 12.755399 -7.221599 0.000000 255 255 255
v 12.755399 -3.970399 0.000000 255 255 255
v 27.284199 -7.221599 0.000000 255 255 255
v 27.284199 -3.970399 0.000000 255 255 255
v 27.284199 -3.970399 16.357601 188 188 188
v 12.755399 -3.970399 16.357601 188 188 188
v 27.284199 -7.221599 16.357601 188 188 188
v 12.755399 -7.221599 16.357601 188 188 188
v 12.755399 -3.970399 15.849600 188 188 188
v 12.755399 -4.579999 15.849600 188 188 188
v 12.755399 -6.612000 15.849600 188 188 188
v 12.755399 -7.221599 15.849600 188 188 188
v 15.346198 -7.221599 15.849600 188 188 188
v 24.591801 -7.221599 15.849600 188 188 188
v 27.284199 -7.221599 15.849600 188 188 188
v 27.284199 -4.579999 15.849600 188 188 188
v 27.284199 -6.612000 15.849600 188 188 188
v 27.284199 -3.970399 15.849600 188 188 188
v 15.397001 -3.970399 15.849600 188 188 188
v 24.642603 -3.970399 15.849600 188 188 188

v 12.755399 -6.612000 15.849600 188 188 188
v 12.755399 -7.221599 16.357601 188 188 188
v 12.755399 -7.221599 16.357601 188 188 188
v 12.755399 -3.970399 16.357601 188 188 188
v 12.755399 -3.970399 16.357601 188 188 188
v 27.284199 -7.221599 16.357601 188 188 188
v 27.284199 -3.970399 16.357601 188 188 188
v 27.284199 -7.221599 16.357601 188 188 188
v 27.284199 -3.970399 16.357601 188 188 188
v 27.284199 -4.579999 15.849600 188 188 188
v 27.284199 -3.970399 16.357601 188 188 188
v 27.284199 -3.970399 15.849600 188 188 188
v 12.755399 -3.970399 16.357601 188 188 188
v 12.755399 -3.970399 16.357601 188 188 188
v 12.755399 -3.970399 15.849600 188 188 188
v 15.397001 -3.970399 15.849600 188 188 188
v 27.284199 -3.970399 16.357601 188 188 188
v 24.642603 -3.970399 15.849600 188 188 188
v 12.755399 -7.221599 16.357601 188 188 188
v 24.591801 -7.221599 15.849600 188 188 188
v 27.284199 -7.221599 16.357601 188 188 188
v 27.284199 -7.221599 15.849600 188 188 188
v 27.284199 -7.221599 16.357601 188 188 188
v 27.284199 -4.579999 15.849600 188 188 188
v 27.284199 -7.221599 16.357601 188 188 188
v 27.284199 -6.612000 15.849600 188 188 188
v 27.284199 -3.970399 16.357601 188 188 188
v 15.397001 -3.970399 15.849600 188 188 188
v 12.755399 -3.970399 16.357601 188 188 188
v 27.284199 -7.221599 16.357601 188 188 188
v 12.755399 -7.221599 16.357601 188 188 188
v 24.591801 -7.221599 15.849600 188 188 188
v 12.755399 -3.970399 16.357601 188 188 188
v 12.755399 -4.579999 15.849600 188 188 188
v 12.755399 -6.612000 15.849600 188 188 188
v 12.755399 -7.221599 15.849600 188 188 188
v 15.346198 -7.221599 15.849600 188 188 188
v 12.755399 -7.221599 16.357601 188 188 188

f 6588 6584 6587
f 6582 6597 6598
f 6599 6583 6600
f 6581 6601 6602
f 6603 6604 6592
f 6605 6606 6594
f 6596 6607 6608
f 6585 6609 6595
f 6610 6611 6586
f 6612 6613 6614
f 6589 6590 6615
f 6616 6591 6617
f 6618 6593 6619
f 6620 6621 6622
f 6623 6624 6625
f 6626 6627 6628
f 6629 6630 6631
f 6632 6633 6634

usemtl BaseColor_0
f 6577 6578 6579
f 6577 6579 6588
f 6577 6588 6587
f 6594 6578 6596
f 6596 6578 6595
f 6595 6578 6585
f 6585 6578 6586
f 6587 6586 6578
f 6578 6594 6580
f 6594 6592 6580
f 6579 6580 6592
f 6579 6592 6593
f 6579 6593 6591
f 6591 6590 6579
f 6590 6589 6579
f 6589 6588 6579
f 6580 6579 6578
f 6577 6587 6578


o Object.18
v -52.725803 2.633601 0.000000 255 255 255
v -52.725803 7.307201 0.000000 255 255 255
v -35.047401 2.633601 0.000000 255 255 255
v -35.047401 7.307201 0.000000 255 255 255
v -35.047401 7.307201 16.357601 188 188 188
v -52.725803 2.633601 16.357601 188 188 188
v -35.047401 2.633601 16.357601 188 188 188
v -52.725803 7.307201 16.357601 188 188 188
v -35.047401 3.497200 15.849600 188 188 188
v -35.047401 2.633601 15.849600 188 188 188
v -35.047401 6.443600 15.849600 188 188 188
v -35.047401 7.307201 15.849600 188 188 188
v -49.474602 2.633601 15.849600 188 188 188
v -52.725803 2.633601 15.849600 188 188 188
v -46.274200 2.633601 15.849600 188 188 188
v -38.247803 7.307201 15.849600 188 188 188
v -41.448204 7.307201 15.849600 188 188 188
v -52.725803 7.307201 15.849600 188 188 188
v -52.725803 6.494401 15.849600 188 188 188
v -52.725803 3.497200 15.849600 188 188 188

v -52.725803 7.307201 15.849600 188 188 188
v -52.725803 7.307201 16.357601 188 188 188
v -35.047401 7.307201 16.357601 188 188 188
v -52.725803 7.307201 16.357601 188 188 188
v -52.725803 7.307201 16.357601 188 188 188
v -52.725803 2.633601 16.357601 188 188 188
v -35.047401 7.307201 16.357601 188 188 188
v -52.725803 2.633601 16.357601 188 188 188
v -35.047401 7.307201 16.357601 188 188 188
v -35.047401 2.633601 16.357601 188 188 188
v -35.047401 7.307201 16.357601 188 188 188
v -35.047401 6.443600 15.849600 188 188 188
v -35.047401 7.307201 16.357601 188 188 188
v -35.047401 7.307201 15.849600 188 188 188
v -35.047401 7.307201 16.357601 188 188 188
v -38.247803 7.307201 15.849600 188 188 188
v -52.725803 2.633601 16.357601 188 188 188
v -46.274200 2.633601 15.849600 188 188 188
v -52.725803 2.633601 16.357601 188 188 188
v -35.047401 2.633601 15.849600 188 188 188
v -35.047401 2.633601 16.357601 188 188 188
v -35.047401 6.443600 15.849600 188 188 188
v -35.047401 2.633601 16.357601 188 188 188
v -35.047401 3.497200 15.849600 188 188 188
v -35.047401 2.633601 16.357601 188 188 188
v -52.725803 2.633601 16.357601 188 188 188
v -35.047401 2.633601 15.849600 188 188 188
v -52.725803 7.307201 15.849600 188 188 188
v -35.047401 7.307201 16.357601 188 188 188
v -41.448204 7.307201 15.849600 188 188 188
v -52.725803 7.307201 16.357601 188 188 188
v -52.725803 6.494401 15.849600 188 188 188
v -52.725803 3.497200 15.849600 188 188 188
v -52.725803 2.633601 16.357601 188 188 188
v -52.725803 3.497200 15.849600 188 188 188
v -52.725803 2.633601 15.849600 188 188 188
v -49.474602 2.633601 15.849600 188 188 188
v -52.725803 2.633601 16.357601 188 188 188

f 6642 6652 6653
f 6639 6655 6656
f 6640 6657 6658
f 6659 6654 6660
f 6661 6662 6641
f 6663 6664 6645
f 6665 6666 6646
f 6650 6667 6668
f 6651 6669 6670
f 6649 6644 6671
f 6647 6672 6673
f 6674 6643 6675
f 6676 6677 6678
f 6679 6680 6681
f 6682 6683 6684
f 6685 6686 6687
f 6648 6688 6689
f 6690 6691 6692

usemtl BaseColor_0
f 6635 6636 6637
f 6635 6637 6647
f 6647 6648 6635
f 6635 6648 6654
f 6635 6654 6653
f 6635 6653 6652
f 6646 6638 6650
f 6636 6650 6638
f 6650 6636 6651
f 6651 6636 6652
f 6646 6645 6638
f 6637 6638 6645
f 6637 6645 6643
f 6637 6643 6644
f 6644 6649 6637
f 6649 6647 6637
f 6638 6637 6636
f 6652 6636 6635


o Object.19
v -49.881004 -1.938399 0.000000 255 255 255
v -49.881004 1.820801 0.000000 255 255 255
v -29.967400 1.820801 0.000000 255 255 255
v -29.967400 -1.938399 0.000000 255 255 255
v -29.967400 1.820801 16.713202 188 188 188
v -49.779400 -1.938399 16.713202 188 188 188
v -29.967400 -1.938399 16.713202 188 188 188
v -49.779400 1.820801 16.713202 188 188 188
v -49.779400 1.820801 16.357601 188 188 188
v -49.881004 1.820801 16.357601 188 188 188
v -49.779400 -1.938399 16.357601 188 188 188
v -49.881004 -1.938399 16.357601 188 188 188
v -30.018202 1.820801 15.849600 188 188 188
v -29.967400 1.820801 15.849600 188 188 188
v -30.069000 1.820801 15.849600 188 188 188
v -30.069000 1.820801 16.357601 188 188 188
v -49.881004 1.820801 15.849600 188 188 188
v -49.830200 1.820801 15.849600 188 188 188
v -46.172600 1.820801 15.849600 188 188 188
v -33.625000 1.820801 15.849600 188 188 188
v -29.967400 -0.058799 15.849600 188 188 188
v -29.967400 -0.871599 15.849600 188 188 188
v -29.967400 -1.938399 15.849600 188 188 188
v -30.069000 -1.938399 16.357601 188 188 188
v -30.069000 -1.938399 15.849600 188 188 188
v -42.616604 -1.938399 15.849600 188 188 188
v -46.172600 -1.938399 15.849600 188 188 188
v -49.830200 -1.938399 15.849600 188 188 188
v -49.881004 -1.938399 15.849600 188 188 188
v -49.881004 0.449200 15.849600 188 188 188
v -49.881004 1.109601 15.849600 188 188 188

v -49.881004 -1.938399 15.849600 188 188 188
v -49.881004 -1.938399 16.357601 188 188 188
v -49.881004 1.820801 16.357601 188 188 188
v -49.881004 -1.938399 15.849600 188 188 188
v -49.881004 1.820801 16.357601 188 188 188
v -49.881004 1.820801 15.849600 188 188 188
v -49.881004 1.820801 16.357601 188 188 188
v -49.779400 1.820801 16.357601 188 188 188
v -49.881004 1.820801 16.357601 188 188 188
v -49.779400 1.820801 16.357601 188 188 188
v -49.779400 -1.938399 16.357601 188 188 188
v -49.779400 -1.938399 16.357601 188 188 188
v -49.779400 1.820801 16.713202 188 188 188
v -49.779400 -1.938399 16.713202 188 188 188
v -49.779400 1.820801 16.713202 188 188 188
v -29.967400 1.820801 16.713202 188 188 188
v -49.779400 1.820801 16.713202 188 188 188
v -29.967400 1.820801 16.713202 188 188 188
v -30.069000 1.820801 16.357601 188 188 188
v -30.069000 1.820801 16.357601 188 188 188
v -30.069000 1.820801 15.849600 188 188 188
v -49.779400 1.820801 16.357601 188 188 188
v -30.069000 1.820801 16.357601 188 188 188
v -46.172600 1.820801 15.849600 188 188 188
v -49.779400 1.820801 16.357601 188 188 188
v -29.967400 1.820801 16.713202 188 188 188
v -29.967400 1.820801 16.713202 188 188 188
v -29.967400 1.820801 15.849600 188 188 188
v -29.967400 1.820801 15.849600 188 188 188
v -29.967400 -1.938399 16.713202 188 188 188
v -49.779400 -1.938399 16.357601 188 188 188
v -42.616604 -1.938399 15.849600 188 188 188
v -49.779400 -1.938399 16.357601 188 188 188
v -49.779400 -1.938399 16.357601 188 188 188
v -30.069000 -1.938399 15.849600 188 188 188
v -30.069000 -1.938399 15.849600 188 188 188
v -30.069000 -1.938399 16.357601 188 188 188
v -29.967400 -1.938399 16.713202 188 188 188
v -30.069000 -1.938399 16.357601 188 188 188
v -29.967400 -1.938399 15.849600 188 188 188
v -29.967400 -1.938399 16.713202 188 188 188
v -49.779400 -1.938399 16.713202 188 188 188
v -30.069000 -1.938399 16.357601 188 188 188
v -29.967400 -1.938399 15.849600 188 188 188
v -29.967400 -1.938399 16.713202 188 188 188
v -29.967400 -0.058799 15.849600 188 188 188
v -29.967400 -1.938399 16.713202 188 188 188
v -29.967400 -0.871599 15.849600 188 188 188
v -46.172600 1.820801 15.849600 188 188 188
v -30.069000 1.820801 16.357601 188 188 188
v -33.625000 1.820801 15.849600 188 188 188
v -30.069000 1.820801 15.849600 188 188 188
v -29.967400 1.820801 16.713202 188 188 188
v -30.018202 1.820801 15.849600 188 188 188
v -29.967400 1.820801 16.713202 188 188 188
v -49.779400 -1.938399 16.713202 188 188 188
v -29.967400 -1.938399 16.713202 188 188 188
v -49.779400 -1.938399 16.357601 188 188 188
v -30.069000 -1.938399 16.357601 188 188 188
v -49.779400 -1.938399 16.713202 188 188 188
v -49.779400 1.820801 16.357601 188 188 188
v -49.779400 1.820801 16.713202 188 188 188
v -30.069000 1.820801 16.357601 188 188 188
v -49.881004 1.820801 15.849600 188 188 188
v -49.779400 1.820801 16.357601 188 188 188
v -49.830200 1.820801 15.849600 188 188 188
v -49.881004 1.820801 16.357601 188 188 188
v -49.881004 1.109601 15.849600 188 188 188
v -49.881004 0.449200 15.849600 188 188 188
v -49.881004 -1.938399 16.357601 188 188 188
v -49.779400 -1.938399 16.357601 188 188 188
v -49.881004 1.820801 16.357601 188 188 188
v -49.779400 -1.938399 16.357601 188 188 188
v -49.881004 -1.938399 16.357601 188 188 188
v -49.830200 -1.938399 15.849600 188 188 188
v -49.830200 -1.938399 15.849600 188 188 188
v -46.172600 -1.938399 15.849600 188 188 188
v -49.779400 -1.938399 16.357601 188 188 188

f 6721 6720 6704
f 6724 6725 6702
f 6726 6722 6727
f 6728 6709 6723
f 6701 6729 6730
f 6731 6732 6703
f 6700 6733 6734
f 6735 6698 6736
f 6737 6697 6738
f 6739 6708 6740
f 6741 6707 6742
f 6712 6743 6744
f 6710 6745 6711
f 6746 6747 6748
f 6705 6749 6706
f 6750 6699 6751
f 6752 6753 6713
f 6718 6717 6754
f 6719 6755 6756
f 6716 6757 6758
f 6759 6715 6760
f 6761 6762 6763
f 6764 6765 6766
f 6767 6714 6768
f 6769 6770 6771
f 6772 6773 6774
f 6775 6776 6777
f 6778 6779 6780
f 6781 6782 6783
f 6784 6785 6786
f 6787 6788 6789
f 6790 6791 6792
f 6793 6794 6795
f 6796 6797 6798
f 6799 6800 6801

usemtl BaseColor_0
f 6693 6694 6695
f 6695 6696 6693
f 6693 6696 6719
f 6719 6720 6693
f 6720 6721 6693
f 6721 6722 6694
f 6722 6723 6694
f 6709 6694 6723
f 6707 6695 6712
f 6712 6695 6711
f 6711 6695 6710
f 6710 6695 6709
f 6705 6695 6707
f 6706 6695 6705
f 6696 6706 6713
f 6696 6713 6714
f 6696 6714 6715
f 6715 6717 6696
f 6717 6718 6696
f 6718 6719 6696
f 6706 6696 6695
f 6694 6709 6695
f 6693 6721 6694

