# Exported from 3D Builder
mtllib BOOK_SHELF_A.mtl

o Object.1
v -58.611397 -12.707999 20.472401 188 188 188
v -58.814594 -12.707999 20.472401 188 188 188
v -58.611397 -12.707999 19.964399 188 188 188
v -57.341400 -12.707999 19.050001 255 255 255
v -57.036598 -12.707999 19.050001 255 255 255
v -58.154194 -12.707999 19.964399 188 188 188
v -58.814594 -12.707999 19.964399 188 188 188
v -57.798595 -12.707999 19.050001 255 255 255
v -57.696999 -12.707999 19.050001 255 255 255
v -58.814594 -12.707999 19.050001 255 255 255
v -55.766598 -12.707999 0.000000 255 255 255
v -55.766598 -12.707999 20.828001 188 188 188
v -55.969795 -12.707999 20.472401 188 188 188
v -55.766598 -12.707999 19.964399 188 188 188
v -55.766598 -12.707999 19.050001 255 255 255
v -55.817402 -12.707999 19.050001 255 255 255
v -57.646194 -12.707999 19.964399 188 188 188
v -55.918999 -12.707999 19.050001 255 255 255
v -55.868198 -12.707999 19.050001 255 255 255
v -55.868198 -12.707999 19.964399 188 188 188
v -55.969795 -12.707999 19.964399 188 188 188
v -58.611397 -12.707999 20.828001 188 188 188
v -58.814594 -12.707999 0.000000 255 255 255
v -58.814594 12.641201 0.000000 255 255 255
v -55.766598 12.641201 0.000000 255 255 255
v -58.611397 12.641201 20.472401 188 188 188
v -58.814594 12.641201 20.472401 188 188 188
v -55.766598 12.641201 20.828001 188 188 188
v -58.611397 12.641201 20.828001 188 188 188
v -55.766598 -9.050400 19.050001 255 255 255
v -55.766598 -0.820799 19.050001 255 255 255
v -55.766598 -7.221599 19.964399 188 188 188
v -55.766598 12.641201 19.050001 255 255 255
v -55.766598 12.488801 19.050001 255 255 255
v -55.766598 -9.152000 19.050001 255 255 255
v -55.766598 5.529202 19.964399 188 188 188
v -55.766598 7.866002 19.050001 255 255 255
v -55.766598 -0.465199 19.050001 255 255 255
v -55.766598 12.641201 19.964399 188 188 188
v -58.509800 12.641201 19.050001 255 255 255
v -55.868198 12.641201 19.964399 188 188 188
v -55.969795 12.641201 20.472401 188 188 188
v -58.814594 12.641201 19.964399 188 188 188
v -58.611397 12.641201 19.050001 255 255 255
v -58.662201 12.641201 19.050001 255 255 255
v -58.814594 12.641201 19.050001 255 255 255
v -58.712997 12.641201 19.050001 255 255 255
v -58.560596 12.641201 19.050001 255 255 255
v -58.712997 12.641201 19.964399 188 188 188
v -58.154194 12.641201 19.964399 188 188 188
v -56.426998 12.641201 19.964399 188 188 188
v -55.969795 12.641201 19.964399 188 188 188
v -58.611397 12.641201 19.964399 188 188 188
v -58.814594 4.360802 19.050001 255 255 255
v -58.814594 -9.609200 19.050001 255 255 255
v -58.814594 -9.152000 19.050001 255 255 255
v -58.814594 1.262001 19.050001 255 255 255
v -58.814594 1.414402 19.050001 255 255 255
v -58.814594 8.170801 19.964399 188 188 188
v -58.814594 -12.606400 19.050001 255 255 255
v -58.814594 -8.085199 19.964399 188 188 188

v -58.611397 -12.707999 19.964399 188 188 188
v -58.611397 -12.707999 20.472401 188 188 188
v -58.154194 -12.707999 19.964399 188 188 188
v -58.611397 -12.707999 20.472401 188 188 188
v -57.646194 -12.707999 19.964399 188 188 188
v -58.611397 -12.707999 20.472401 188 188 188
v -58.611397 -12.707999 20.472401 188 188 188
v -55.969795 -12.707999 19.964399 188 188 188
v -55.969795 -12.707999 19.964399 188 188 188
v -55.969795 -12.707999 20.472401 188 188 188
v -55.868198 -12.707999 19.964399 188 188 188
v -55.969795 -12.707999 20.472401 188 188 188
v -55.969795 -12.707999 20.472401 188 188 188
v -55.766598 -12.707999 19.964399 188 188 188
v -55.766598 -12.707999 19.964399 188 188 188
v -55.766598 -12.707999 20.828001 188 188 188
v -55.766598 -12.707999 20.828001 188 188 188
v -55.766598 -7.221599 19.964399 188 188 188
v -55.766598 5.529202 19.964399 188 188 188
v -55.766598 12.641201 20.828001 188 188 188
v -55.766598 12.641201 19.964399 188 188 188
v -55.766598 12.641201 20.828001 188 188 188
v -55.868198 12.641201 19.964399 188 188 188
v -55.766598 12.641201 20.828001 188 188 188
v -55.969795 12.641201 20.472401 188 188 188
v -55.766598 12.641201 20.828001 188 188 188
v -58.611397 12.641201 20.828001 188 188 188
v -55.766598 -12.707999 20.828001 188 188 188
v -55.766598 -12.707999 20.828001 188 188 188
v -58.611397 12.641201 20.828001 188 188 188
v -58.611397 12.641201 20.828001 188 188 188
v -58.611397 -12.707999 20.828001 188 188 188
v -58.611397 -12.707999 20.472401 188 188 188
v -58.611397 -12.707999 20.828001 188 188 188
v -58.611397 12.641201 20.472401 188 188 188
v -58.611397 12.641201 20.472401 188 188 188
v -58.611397 12.641201 20.828001 188 188 188
v -55.969795 12.641201 20.472401 188 188 188
v -55.969795 12.641201 20.472401 188 188 188
v -58.611397 12.641201 20.472401 188 188 188
v -58.611397 12.641201 20.472401 188 188 188
v -58.154194 12.641201 19.964399 188 188 188
v -58.611397 12.641201 20.472401 188 188 188
v -58.611397 12.641201 20.472401 188 188 188
v -58.814594 12.641201 19.964399 188 188 188
v -58.814594 -12.707999 20.472401 188 188 188
v -58.611397 12.641201 20.472401 188 188 188
v -58.814594 12.641201 20.472401 188 188 188
v -58.814594 12.641201 20.472401 188 188 188
v -58.814594 -12.707999 20.472401 188 188 188
v -58.814594 -12.707999 20.472401 188 188 188
v -58.814594 -8.085199 19.964399 188 188 188
v -58.814594 12.641201 20.472401 188 188 188
v -58.814594 -8.085199 19.964399 188 188 188
v -58.814594 12.641201 20.472401 188 188 188
v -58.814594 12.641201 19.964399 188 188 188
v -58.814594 8.170801 19.964399 188 188 188
v -55.969795 12.641201 20.472401 188 188 188
v -58.712997 12.641201 19.964399 188 188 188
v -58.611397 12.641201 20.472401 188 188 188
v -58.611397 12.641201 19.964399 188 188 188
v -58.154194 12.641201 19.964399 188 188 188
v -55.969795 12.641201 20.472401 188 188 188
v -56.426998 12.641201 19.964399 188 188 188
v -55.969795 12.641201 19.964399 188 188 188
v -55.969795 12.641201 20.472401 188 188 188
v -55.868198 12.641201 19.964399 188 188 188
v -55.766598 12.641201 20.828001 188 188 188
v -55.766598 -12.707999 20.828001 188 188 188
v -55.766598 5.529202 19.964399 188 188 188
v -55.766598 -12.707999 20.828001 188 188 188
v -58.611397 -12.707999 20.828001 188 188 188
v -55.969795 -12.707999 20.472401 188 188 188
v -58.611397 -12.707999 20.472401 188 188 188
v -55.969795 -12.707999 20.472401 188 188 188
v -58.611397 -12.707999 20.828001 188 188 188
v -58.814594 -12.707999 19.964399 188 188 188
v -58.611397 -12.707999 19.964399 188 188 188
v -58.814594 -12.707999 20.472401 188 188 188
v -58.611397 12.641201 20.472401 188 188 188
v -58.814594 -12.707999 20.472401 188 188 188
v -58.611397 -12.707999 20.472401 188 188 188

f 1 2 3
f 62 6 63
f 64 17 65
f 66 21 67
f 13 68 69
f 70 20 71
f 72 14 73
f 12 74 75
f 76 32 77
f 36 78 79
f 28 80 39
f 41 81 82
f 83 84 42
f 85 86 29
f 87 88 89
f 22 90 91
f 92 26 93
f 94 95 96
f 97 98 99
f 100 50 101
f 53 102 103
f 43 104 49
f 105 106 27
f 107 108 109
f 110 61 111
f 7 112 113
f 114 59 115
f 116 117 118
f 51 119 52
f 120 121 122
f 123 124 125
f 126 127 128
f 129 130 131
f 132 133 134
f 135 136 137
f 138 139 140
f 141 142 143

usemtl BaseColor_0
f 36 32 38
f 38 37 36
f 34 36 37
f 40 39 33
f 39 36 33
f 50 44 53
f 45 53 44
f 47 49 45
f 49 47 43
f 10 7 61
f 61 60 10
f 4 5 6
f 5 18 17
f 19 16 20
f 16 15 20
f 15 35 14
f 30 14 35
f 30 31 32
f 43 46 54
f 43 54 58
f 43 58 57
f 57 59 43
f 59 57 56
f 59 56 55
f 55 61 59
f 18 19 21
f 9 4 3
f 3 7 9
f 8 9 7
f 61 55 60
f 10 8 7
f 46 43 47
f 44 51 48
f 48 51 40
f 52 40 51
f 41 40 52
f 53 45 49
f 51 44 50
f 39 40 41
f 33 36 34
f 38 32 31
f 32 14 30
f 14 20 15
f 20 21 19
f 21 17 18
f 17 6 5
f 6 3 4

usemtl BaseColor_0
f 37 25 34
f 33 34 25
f 33 25 40
f 44 25 45
f 45 25 47
f 10 60 23
f 23 11 10
f 10 11 8
f 9 8 11
f 4 9 11
f 4 11 5
f 5 11 18
f 19 18 11
f 19 11 16
f 15 16 11
f 11 35 15
f 11 30 35
f 11 25 30
f 30 25 31
f 31 25 38
f 25 11 24
f 24 46 25
f 46 24 23
f 23 54 46
f 23 55 56
f 23 56 57
f 23 57 58
f 23 58 54
f 23 24 11
f 55 23 60
f 46 47 25
f 44 48 25
f 40 25 48
f 38 25 37


o Object.2
v -22.340197 -12.707999 19.964399 188 188 188
v -24.270596 -12.707999 19.964399 188 188 188
v -23.457798 -12.707999 19.050001 255 255 255
v -23.508596 -12.707999 19.050001 255 255 255
v -25.591396 -12.707999 19.050001 255 255 255
v -25.692995 -12.707999 0.000000 255 255 255
v -25.540598 -12.707999 19.050001 255 255 255
v -24.727797 -12.707999 19.050001 255 255 255
v -22.340197 -12.707999 20.472401 188 188 188
v -25.489798 -12.707999 20.472401 188 188 188
v -24.930996 -12.707999 19.964399 188 188 188
v -22.340197 -12.707999 19.050001 255 255 255
v -22.238598 -12.707999 19.050001 255 255 255
v -25.134197 -12.707999 19.050001 255 255 255
v -24.778599 -12.707999 19.050001 255 255 255
v -22.187796 -12.707999 19.050001 255 255 255
v -22.187796 -12.707999 19.964399 188 188 188
v -23.406998 -12.707999 19.050001 255 255 255
v -22.187796 -12.707999 0.000000 255 255 255
v -22.187796 -12.707999 20.828001 188 188 188
v -25.489798 -12.707999 20.828001 188 188 188
v -25.489798 -12.707999 19.964399 188 188 188
v -25.184996 -12.707999 19.050001 255 255 255
v -25.591396 -12.707999 19.964399 188 188 188
v -25.692995 -12.707999 20.472401 188 188 188
v -25.642197 -12.707999 19.050001 255 255 255
v -25.692995 -12.707999 19.050001 255 255 255
v -25.692995 -12.707999 19.964399 188 188 188
v -25.692995 10.456801 0.000000 255 255 255
v -22.187796 10.456801 0.000000 255 255 255
v -25.489798 10.456801 20.472401 188 188 188
v -25.692995 10.456801 20.472401 188 188 188
v -22.187796 10.456801 20.828001 188 188 188
v -25.489798 10.456801 20.828001 188 188 188
v -22.187796 -9.507600 19.050001 255 255 255
v -22.187796 -9.406000 19.050001 255 255 255
v -22.187796 3.903601 19.964399 188 188 188
v -22.187796 10.456801 19.964399 188 188 188
v -22.187796 -1.938399 19.050001 255 255 255
v -22.187796 -7.729599 19.964399 188 188 188
v -22.187796 10.253601 19.050001 255 255 255
v -22.187796 5.986402 19.050001 255 255 255
v -22.187796 -1.582799 19.050001 255 255 255
v -22.187796 10.456801 19.050001 255 255 255
v -24.930996 10.456801 19.964399 188 188 188
v -22.340197 10.456801 20.472401 188 188 188
v -22.949799 10.456801 19.964399 188 188 188
v -25.692995 10.456801 19.964399 188 188 188
v -25.540598 10.456801 19.050001 255 255 255
v -25.642197 10.456801 19.050001 255 255 255
v -22.289398 10.456801 19.050001 255 255 255
v -22.340197 10.456801 19.050001 255 255 255
v -22.340197 10.456801 19.964399 188 188 188
v -24.016596 10.456801 19.050001 255 255 255
v -25.692995 10.456801 19.050001 255 255 255
v -22.695799 10.456801 19.050001 255 255 255
v -23.965797 10.456801 19.050001 255 255 255
v -22.746597 10.456801 19.050001 255 255 255
v -25.489798 10.456801 19.964399 188 188 188
v -25.134197 10.456801 19.050001 255 255 255
v -25.692995 -8.491599 19.964399 188 188 188
v -25.692995 6.189600 19.964399 188 188 188
v -25.692995 0.042801 19.050001 255 255 255
v -25.692995 -9.507600 19.050001 255 255 255
v -25.692995 -9.914000 19.050001 255 255 255
v -25.692995 -12.606400 19.050001 255 255 255
v -25.692995 0.144401 19.050001 255 255 255
v -25.692995 2.836802 19.050001 255 255 255

v -22.187796 10.456801 20.828001 188 188 188
v -22.187796 10.456801 19.964399 188 188 188
v -22.187796 10.456801 20.828001 188 188 188
v -22.187796 3.903601 19.964399 188 188 188
v -22.187796 3.903601 19.964399 188 188 188
v -22.187796 -12.707999 20.828001 188 188 188
v -22.187796 -7.729599 19.964399 188 188 188
v -22.187796 -12.707999 20.828001 188 188 188
v -22.187796 -12.707999 20.828001 188 188 188
v -22.187796 -12.707999 19.964399 188 188 188
v -22.187796 -12.707999 20.828001 188 188 188
v -22.340197 -12.707999 20.472401 188 188 188
v -22.340197 -12.707999 20.472401 188 188 188
v -25.489798 -12.707999 20.828001 188 188 188
v -25.489798 -12.707999 20.472401 188 188 188
v -25.489798 -12.707999 20.828001 188 188 188
v -25.489798 10.456801 20.472401 188 188 188
v -25.489798 -12.707999 20.472401 188 188 188
v -25.489798 -12.707999 20.472401 188 188 188
v -25.692995 -12.707999 20.472401 188 188 188
v -25.489798 -12.707999 19.964399 188 188 188
v -25.489798 -12.707999 20.472401 188 188 188
v -24.930996 -12.707999 19.964399 188 188 188
v -25.489798 -12.707999 20.472401 188 188 188
v -25.489798 10.456801 20.472401 188 188 188
v -24.930996 10.456801 19.964399 188 188 188
v -25.489798 10.456801 20.472401 188 188 188
v -25.489798 10.456801 20.472401 188 188 188
v -22.340197 10.456801 20.472401 188 188 188
v -22.187796 10.456801 20.828001 188 188 188
v -22.340197 10.456801 20.472401 188 188 188
v -25.489798 10.456801 20.828001 188 188 188
v -24.930996 10.456801 19.964399 188 188 188
v -22.340197 10.456801 20.472401 188 188 188
v -22.949799 10.456801 19.964399 188 188 188
v -22.340197 10.456801 20.472401 188 188 188
v -22.340197 10.456801 19.964399 188 188 188
v -25.489798 10.456801 20.472401 188 188 188
v -25.489798 10.456801 19.964399 188 188 188
v -25.489798 10.456801 20.472401 188 188 188
v -25.692995 10.456801 19.964399 188 188 188
v -25.692995 10.456801 20.472401 188 188 188
v -25.692995 10.456801 19.964399 188 188 188
v -25.692995 10.456801 20.472401 188 188 188
v -25.692995 6.189600 19.964399 188 188 188
v -25.692995 10.456801 20.472401 188 188 188
v -25.692995 -8.491599 19.964399 188 188 188
v -25.692995 -12.707999 20.472401 188 188 188
v -25.692995 -12.707999 20.472401 188 188 188
v -25.692995 -8.491599 19.964399 188 188 188
v -25.692995 -12.707999 19.964399 188 188 188
v -25.692995 -12.707999 20.472401 188 188 188
v -25.591396 -12.707999 19.964399 188 188 188
v -25.489798 -12.707999 19.964399 188 188 188
v -25.692995 -12.707999 20.472401 188 188 188
v -25.692995 -12.707999 20.472401 188 188 188
v -25.489798 10.456801 20.472401 188 188 188
v -25.692995 10.456801 20.472401 188 188 188
v -25.489798 10.456801 20.828001 188 188 188
v -25.489798 10.456801 20.472401 188 188 188
v -25.489798 -12.707999 20.828001 188 188 188
v -22.340197 -12.707999 20.472401 188 188 188
v -25.489798 -12.707999 20.472401 188 188 188
v -25.489798 -12.707999 20.828001 188 188 188
v -22.187796 -12.707999 20.828001 188 188 188
v -25.489798 10.456801 20.828001 188 188 188
v -22.187796 10.456801 20.828001 188 188 188
v -25.489798 10.456801 20.828001 188 188 188
v -22.187796 -12.707999 20.828001 188 188 188
v -22.187796 10.456801 20.828001 188 188 188
v -22.340197 10.456801 19.964399 188 188 188
v -22.340197 10.456801 20.472401 188 188 188
v -22.340197 -12.707999 19.964399 188 188 188
v -22.187796 -12.707999 19.964399 188 188 188
v -22.340197 -12.707999 20.472401 188 188 188
v -24.270596 -12.707999 19.964399 188 188 188
v -22.340197 -12.707999 19.964399 188 188 188
v -25.489798 -12.707999 20.472401 188 188 188

f 196 176 181
f 212 180 213
f 214 163 215
f 216 217 183
f 160 218 219
f 220 152 221
f 222 164 223
f 153 224 225
f 226 227 174
f 228 168 229
f 230 231 165
f 232 154 233
f 234 145 235
f 202 236 188
f 189 237 238
f 239 177 240
f 241 242 243
f 244 245 190
f 246 247 248
f 191 249 250
f 251 252 175
f 253 254 205
f 255 256 204
f 257 258 259
f 171 260 261
f 262 167 263
f 264 265 266
f 267 268 269
f 270 271 272
f 273 274 144
f 275 276 277
f 278 279 280
f 281 282 283
f 284 285 286
f 287 288 289

usemtl BaseColor_0
f 144 145 146
f 146 161 144
f 161 155 144
f 155 156 144
f 156 159 144
f 160 144 159
f 159 178 160
f 179 160 178
f 179 182 183
f 186 183 182
f 186 185 180
f 184 180 185
f 187 180 184
f 194 181 187
f 195 181 194
f 181 195 196
f 145 154 151
f 151 147 145
f 157 158 154
f 166 157 165
f 150 166 165
f 165 167 150
f 148 150 167
f 167 171 148
f 169 148 171
f 170 169 171
f 170 171 204
f 204 209 170
f 193 202 192
f 188 192 202
f 190 197 188
f 203 188 197
f 200 190 201
f 196 201 190
f 201 196 199
f 197 190 200
f 202 198 191
f 208 204 205
f 206 205 191
f 192 188 203
f 198 202 193
f 191 198 211
f 191 211 210
f 191 210 206
f 205 206 207
f 205 207 208
f 204 208 209
f 158 151 154
f 154 165 157
f 199 196 195
f 181 180 187
f 180 183 186
f 183 160 179
f 147 146 145

usemtl BaseColor_0
f 162 179 178
f 162 182 179
f 182 173 186
f 186 173 185
f 187 184 173
f 187 173 194
f 151 149 147
f 147 149 146
f 151 158 149
f 157 149 158
f 166 149 157
f 149 170 209
f 149 209 208
f 149 208 207
f 149 207 206
f 149 206 210
f 149 210 211
f 149 211 198
f 198 172 149
f 149 172 173
f 173 162 149
f 149 162 161
f 172 198 173
f 198 193 173
f 192 173 193
f 197 173 203
f 200 173 197
f 201 173 200
f 199 173 201
f 195 173 199
f 203 173 192
f 170 149 169
f 169 149 148
f 148 149 150
f 150 149 166
f 194 173 195
f 185 173 184
f 162 173 182
f 162 178 159
f 159 156 162
f 156 155 162
f 161 162 155
f 161 146 149


o Object.3
v 44.563408 -12.707999 19.050001 255 255 255
v 44.461803 -12.707999 19.050001 255 255 255
v 44.461803 -12.707999 0.000000 255 255 255
v 44.614204 -12.707999 19.050001 255 255 255
v 48.779804 -12.707999 19.050001 255 255 255
v 48.830601 -12.707999 19.050001 255 255 255
v 50.913406 -12.707999 19.964399 188 188 188
v 44.461803 -12.707999 19.964399 188 188 188
v 44.665001 -12.707999 19.964399 188 188 188
v 44.461803 -12.707999 20.472401 188 188 188
v 48.729008 -12.707999 19.050001 255 255 255
v 51.065807 -12.707999 0.000000 255 255 255
v 50.964203 -12.707999 19.050001 255 255 255
v 51.014999 -12.707999 19.050001 255 255 255
v 51.065807 -12.707999 19.050001 255 255 255
v 47.001801 -12.707999 19.964399 188 188 188
v 45.376209 -12.707999 19.050001 255 255 255
v 45.427006 -12.707999 19.050001 255 255 255
v 46.087406 -12.707999 19.050001 255 255 255
v 46.138203 -12.707999 19.050001 255 255 255
v 44.665001 -12.707999 20.472401 188 188 188
v 48.678200 -12.707999 19.050001 255 255 255
v 45.884209 -12.707999 19.964399 188 188 188
v 51.014999 -12.707999 19.964399 188 188 188
v 51.065807 -12.707999 19.964399 188 188 188
v 51.065807 -12.707999 20.828001 188 188 188
v 50.913406 -12.707999 20.472401 188 188 188
v 44.665001 -12.707999 20.828001 188 188 188
v 44.461803 12.641201 0.000000 255 255 255
v 51.065807 12.641201 0.000000 255 255 255
v 44.665001 12.641201 20.472401 188 188 188
v 44.461803 12.641201 20.472401 188 188 188
v 51.065807 12.641201 20.828001 188 188 188
v 44.665001 12.641201 20.828001 188 188 188
v 50.202209 12.641201 19.050001 255 255 255
v 50.913406 12.641201 19.964399 188 188 188
v 50.913406 12.641201 19.050001 255 255 255
v 44.512611 12.641201 19.050001 255 255 255
v 44.461803 12.641201 19.050001 255 255 255
v 44.563408 12.641201 19.050001 255 255 255
v 50.151402 12.641201 19.050001 255 255 255
v 50.964203 12.641201 19.050001 255 255 255
v 51.014999 12.641201 19.050001 255 255 255
v 51.065807 12.641201 19.050001 255 255 255
v 49.745007 12.641201 19.964399 188 188 188
v 47.560608 12.641201 19.050001 255 255 255
v 45.884209 12.641201 19.964399 188 188 188
v 47.662201 12.641201 19.050001 255 255 255
v 50.913406 12.641201 20.472401 188 188 188
v 46.747807 12.641201 19.050001 255 255 255
v 44.665001 12.641201 19.964399 188 188 188
v 44.563408 12.641201 19.964399 188 188 188
v 51.065807 12.641201 19.964399 188 188 188
v 44.461803 12.641201 19.964399 188 188 188
v 46.798603 12.641201 19.050001 255 255 255
v 51.065807 5.529202 19.964399 188 188 188
v 51.065807 -9.152000 19.050001 255 255 255
v 51.065807 -9.050400 19.050001 255 255 255
v 51.065807 -0.820799 19.050001 255 255 255
v 51.065807 -0.465199 19.050001 255 255 255
v 51.065807 4.360802 19.050001 255 255 255
v 51.065807 -7.221599 19.964399 188 188 188
v 51.065807 4.157601 19.050001 255 255 255
v 44.461803 -4.427599 19.050001 255 255 255
v 44.461803 -0.820799 19.050001 255 255 255
v 44.461803 -1.277999 19.050001 255 255 255
v 44.461803 -4.224399 19.050001 255 255 255
v 44.461803 -4.325999 19.050001 255 255 255
v 44.461803 -8.085199 19.964399 188 188 188
v 44.461803 8.170801 19.964399 188 188 188
v 44.461803 9.644002 19.050001 255 255 255
v 44.461803 9.745602 19.050001 255 255 255

v 44.461803 -12.707999 19.964399 188 188 188
v 44.461803 -12.707999 20.472401 188 188 188
v 44.665001 -12.707999 19.964399 188 188 188
v 45.884209 -12.707999 19.964399 188 188 188
v 44.665001 -12.707999 20.472401 188 188 188
v 47.001801 -12.707999 19.964399 188 188 188
v 44.665001 -12.707999 20.472401 188 188 188
v 44.665001 -12.707999 20.472401 188 188 188
v 50.913406 -12.707999 19.964399 188 188 188
v 50.913406 -12.707999 19.964399 188 188 188
v 50.913406 -12.707999 20.472401 188 188 188
v 51.014999 -12.707999 19.964399 188 188 188
v 50.913406 -12.707999 20.472401 188 188 188
v 50.913406 -12.707999 20.472401 188 188 188
v 51.065807 -12.707999 19.964399 188 188 188
v 51.065807 -12.707999 19.964399 188 188 188
v 51.065807 -12.707999 20.828001 188 188 188
v 51.065807 -12.707999 20.828001 188 188 188
v 51.065807 -7.221599 19.964399 188 188 188
v 51.065807 5.529202 19.964399 188 188 188
v 51.065807 12.641201 20.828001 188 188 188
v 51.065807 12.641201 19.964399 188 188 188
v 50.913406 12.641201 19.964399 188 188 188
v 50.913406 12.641201 20.472401 188 188 188
v 49.745007 12.641201 19.964399 188 188 188
v 45.884209 12.641201 19.964399 188 188 188
v 44.665001 12.641201 20.472401 188 188 188
v 44.665001 12.641201 19.964399 188 188 188
v 44.665001 12.641201 20.472401 188 188 188
v 44.563408 12.641201 19.964399 188 188 188
v 44.461803 12.641201 19.964399 188 188 188
v 44.461803 12.641201 20.472401 188 188 188
v 44.461803 8.170801 19.964399 188 188 188
v 44.461803 -8.085199 19.964399 188 188 188
v 44.665001 12.641201 20.472401 188 188 188
v 44.461803 12.641201 19.964399 188 188 188
v 44.461803 12.641201 20.472401 188 188 188
v 44.461803 -12.707999 20.472401 188 188 188
v 44.665001 12.641201 20.472401 188 188 188
v 44.461803 12.641201 20.472401 188 188 188
v 44.665001 12.641201 20.472401 188 188 188
v 44.461803 -12.707999 20.472401 188 188 188
v 44.665001 -12.707999 20.472401 188 188 188
v 44.665001 12.641201 20.472401 188 188 188
v 44.665001 -12.707999 20.472401 188 188 188
v 44.665001 -12.707999 20.472401 188 188 188
v 44.665001 12.641201 20.828001 188 188 188
v 44.665001 -12.707999 20.828001 188 188 188
v 51.065807 -12.707999 20.828001 188 188 188
v 44.665001 12.641201 20.828001 188 188 188
v 51.065807 12.641201 20.828001 188 188 188
v 44.665001 12.641201 20.828001 188 188 188
v 51.065807 -12.707999 20.828001 188 188 188
v 51.065807 12.641201 20.828001 188 188 188
v 50.913406 12.641201 20.472401 188 188 188
v 44.665001 12.641201 20.828001 188 188 188
v 44.665001 12.641201 20.472401 188 188 188
v 44.665001 12.641201 20.828001 188 188 188
v 50.913406 12.641201 20.472401 188 188 188
v 50.913406 12.641201 20.472401 188 188 188
v 45.884209 12.641201 19.964399 188 188 188
v 44.665001 12.641201 20.472401 188 188 188
v 51.065807 12.641201 20.828001 188 188 188
v 50.913406 12.641201 19.964399 188 188 188
v 50.913406 12.641201 20.472401 188 188 188
v 51.065807 12.641201 20.828001 188 188 188
v 51.065807 -12.707999 20.828001 188 188 188
v 51.065807 5.529202 19.964399 188 188 188
v 51.065807 -12.707999 20.828001 188 188 188
v 44.665001 -12.707999 20.828001 188 188 188
v 50.913406 -12.707999 20.472401 188 188 188
v 44.665001 -12.707999 20.472401 188 188 188
v 50.913406 -12.707999 20.472401 188 188 188
v 44.665001 -12.707999 20.828001 188 188 188
v 44.461803 12.641201 20.472401 188 188 188
v 44.461803 -8.085199 19.964399 188 188 188
v 44.461803 -12.707999 20.472401 188 188 188
v 44.665001 -12.707999 20.472401 188 188 188
v 44.461803 -12.707999 20.472401 188 188 188
v 44.665001 -12.707999 19.964399 188 188 188

f 297 298 299
f 362 363 358
f 364 312 310
f 365 305 366
f 367 296 368
f 316 369 370
f 371 313 372
f 373 314 374
f 315 375 376
f 377 351 378
f 345 379 380
f 322 381 342
f 325 382 383
f 334 338 384
f 336 385 386
f 340 320 387
f 341 388 389
f 343 390 391
f 321 392 359
f 393 394 395
f 396 397 398
f 399 400 401
f 402 403 404
f 323 405 406
f 407 317 408
f 409 410 411
f 412 413 414
f 415 416 417
f 418 419 420
f 421 422 423
f 424 425 426
f 427 428 429
f 430 431 432
f 433 434 435
f 436 437 438
f 439 440 441

usemtl BaseColor_0
f 290 291 292
f 293 290 292
f 293 292 306
f 356 292 357
f 292 356 318
f 292 318 301
f 292 301 300
f 300 311 292
f 309 292 311
f 307 292 308
f 331 319 326
f 326 319 324
f 324 319 330
f 335 318 344
f 344 318 339
f 339 318 329
f 354 318 355
f 360 318 354
f 361 318 360
f 328 318 361
f 327 318 328
f 329 318 327
f 337 318 335
f 330 318 337
f 318 330 319
f 332 319 331
f 333 319 332
f 333 350 319
f 352 319 350
f 349 319 352
f 301 319 349
f 301 349 348
f 301 348 347
f 301 347 346
f 301 346 304
f 304 303 301
f 303 302 301
f 302 295 301
f 295 294 301
f 308 292 309
f 300 301 294
f 319 301 318
f 356 355 318
f 353 357 292
f 306 292 307
f 291 353 292

usemtl BaseColor_0
f 293 306 298
f 298 297 293
f 297 358 353
f 291 297 353
f 357 353 358
f 357 358 356
f 309 311 305
f 305 312 309
f 308 309 312
f 307 308 312
f 312 298 307
f 345 351 349
f 345 349 352
f 345 352 350
f 350 342 345
f 342 331 325
f 326 325 331
f 330 325 324
f 325 330 334
f 334 335 336
f 344 336 335
f 329 340 339
f 336 339 340
f 341 328 343
f 343 328 361
f 343 361 360
f 343 360 359
f 359 355 358
f 359 354 355
f 354 359 360
f 328 341 327
f 327 341 329
f 340 329 341
f 339 336 344
f 335 334 337
f 337 334 330
f 332 342 333
f 324 325 326
f 331 342 332
f 342 350 333
f 294 295 296
f 295 302 296
f 302 303 296
f 303 304 313
f 304 346 314
f 347 314 346
f 347 348 351
f 349 351 348
f 351 314 347
f 314 313 304
f 313 296 303
f 296 305 294
f 294 305 300
f 311 300 305
f 355 356 358
f 306 307 298
f 290 293 297
f 291 290 297


o Object.4
v -49.264198 -12.707999 19.050001 255 255 255
v -49.518196 -12.707999 19.050001 255 255 255
v -48.299000 -12.707999 0.000000 255 255 255
v -48.349796 -12.707999 19.050001 255 255 255
v -48.299000 -12.707999 19.050001 255 255 255
v -50.483398 -12.707999 19.964399 188 188 188
v -50.077000 -12.707999 19.964399 188 188 188
v -50.483398 -12.707999 20.472401 188 188 188
v -50.280197 -12.707999 19.050001 255 255 255
v -50.483398 -12.707999 19.050001 255 255 255
v -50.483398 -12.707999 0.000000 255 255 255
v -50.229397 -12.707999 19.050001 255 255 255
v -49.721397 -12.707999 19.964399 188 188 188
v -48.299000 -12.707999 19.964399 188 188 188
v -48.299000 -12.707999 20.472401 188 188 188
v -50.483398 10.761600 0.000000 255 255 255
v -48.299000 10.761600 0.000000 255 255 255
v -48.299000 10.761600 20.472401 188 188 188
v -50.483398 10.761600 20.472401 188 188 188
v -48.299000 2.786000 19.050001 255 255 255
v -48.299000 10.355202 19.964399 188 188 188
v -48.299000 -4.681599 19.964399 188 188 188
v -48.299000 10.761600 19.050001 255 255 255
v -48.299000 3.090801 19.050001 255 255 255
v -48.299000 10.761600 19.964399 188 188 188
v -48.299000 -10.269599 19.050001 255 255 255
v -48.299000 -10.168000 19.050001 255 255 255
v -48.299000 -7.424799 19.050001 255 255 255
v -48.299000 -7.323199 19.050001 255 255 255
v -48.299000 -8.847199 19.964399 188 188 188
v -48.299000 2.379601 19.050001 255 255 255
v -49.162598 10.761600 19.964399 188 188 188
v -48.756199 10.761600 19.964399 188 188 188
v -48.552998 10.761600 19.050001 255 255 255
v -49.569000 10.761600 19.050001 255 255 255
v -49.314999 10.761600 19.050001 255 255 255
v -50.483398 10.761600 19.050001 255 255 255
v -48.603798 10.761600 19.050001 255 255 255
v -50.483398 10.761600 19.964399 188 188 188
v -50.483398 6.494401 19.964399 188 188 188
v -50.483398 -1.735199 19.050001 255 255 255
v -50.483398 -2.141599 19.050001 255 255 255
v -50.483398 -12.606400 19.050001 255 255 255
v -50.483398 7.916801 19.050001 255 255 255
v -50.483398 8.018401 19.050001 255 255 255
v -50.483398 -8.389999 19.964399 188 188 188
v -50.483398 -9.863200 19.050001 255 255 255

v -49.721397 -12.707999 19.964399 188 188 188
v -50.483398 -12.707999 20.472401 188 188 188
v -50.077000 -12.707999 19.964399 188 188 188
v -50.483398 -12.707999 20.472401 188 188 188
v -50.483398 -12.707999 19.964399 188 188 188
v -50.483398 -12.707999 20.472401 188 188 188
v -48.299000 -12.707999 19.964399 188 188 188
v -48.299000 -12.707999 20.472401 188 188 188
v -48.299000 -8.847199 19.964399 188 188 188
v -48.299000 -12.707999 20.472401 188 188 188
v -48.299000 -4.681599 19.964399 188 188 188
v -48.299000 10.355202 19.964399 188 188 188
v -48.299000 10.761600 20.472401 188 188 188
v -48.299000 10.761600 19.964399 188 188 188
v -48.299000 10.761600 20.472401 188 188 188
v -48.299000 10.761600 20.472401 188 188 188
v -50.483398 10.761600 19.964399 188 188 188
v -50.483398 -12.707999 20.472401 188 188 188
v -48.299000 10.761600 20.472401 188 188 188
v -50.483398 10.761600 20.472401 188 188 188
v -48.299000 10.761600 20.472401 188 188 188
v -50.483398 -12.707999 20.472401 188 188 188
v -48.299000 -12.707999 20.472401 188 188 188
v -50.483398 10.761600 20.472401 188 188 188
v -50.483398 10.761600 19.964399 188 188 188
v -50.483398 10.761600 20.472401 188 188 188
v -50.483398 6.494401 19.964399 188 188 188
v -50.483398 -8.389999 19.964399 188 188 188
v -49.162598 10.761600 19.964399 188 188 188
v -48.299000 10.761600 20.472401 188 188 188
v -48.756199 10.761600 19.964399 188 188 188
v -48.299000 10.761600 20.472401 188 188 188
v -48.299000 -12.707999 20.472401 188 188 188
v -48.299000 10.355202 19.964399 188 188 188
v -50.483398 10.761600 20.472401 188 188 188
v -50.483398 -8.389999 19.964399 188 188 188
v -50.483398 -12.707999 20.472401 188 188 188
v -48.299000 -12.707999 20.472401 188 188 188
v -50.483398 -12.707999 20.472401 188 188 188
v -48.299000 -12.707999 19.964399 188 188 188

f 454 455 449
f 448 489 490
f 447 491 492
f 493 494 487
f 495 471 456
f 463 496 497
f 462 498 499
f 459 500 466
f 474 501 502
f 480 503 473
f 504 505 460
f 506 507 508
f 509 510 511
f 512 513 481
f 514 515 516
f 517 518 519
f 520 521 522
f 523 524 525
f 526 527 528

usemtl BaseColor_0
f 442 443 444
f 445 442 444
f 446 445 444
f 444 467 446
f 452 451 484
f 452 484 488
f 452 488 457
f 452 457 458
f 458 444 452
f 444 458 461
f 444 461 472
f 444 472 470
f 444 470 469
f 444 469 468
f 479 457 477
f 477 457 476
f 476 457 478
f 483 482 457
f 482 485 457
f 485 486 457
f 478 457 486
f 475 457 479
f 464 458 475
f 464 465 458
f 461 458 465
f 457 475 458
f 488 483 457
f 450 451 452
f 453 450 452
f 443 453 452
f 444 468 467
f 452 444 443

usemtl BaseColor_0
f 446 467 455
f 455 454 446
f 451 447 487
f 487 484 451
f 468 469 471
f 471 455 468
f 463 471 470
f 462 463 461
f 462 461 465
f 465 466 462
f 466 479 474
f 477 474 479
f 478 473 476
f 474 476 473
f 473 478 480
f 481 483 487
f 488 487 483
f 481 482 483
f 480 486 485
f 482 481 485
f 480 485 481
f 480 478 486
f 476 474 477
f 479 466 475
f 475 466 464
f 466 465 464
f 470 471 469
f 470 472 463
f 461 463 472
f 453 443 448
f 450 453 447
f 487 488 484
f 451 450 447
f 448 447 453
f 454 448 442
f 468 455 467
f 445 446 454
f 442 445 454
f 443 442 448


o Object.5
v 22.871805 -12.707999 0.000000 255 255 255
v 23.075003 -12.707999 0.000000 255 255 255
v 23.075003 -12.707999 17.322802 255 255 255
v 23.938606 -12.707999 20.472401 188 188 188
v 23.075003 -12.707999 20.472401 188 188 188
v 23.938606 -12.707999 19.964399 188 188 188
v 23.938606 -12.707999 17.322802 255 255 255
v 23.633804 -12.707999 19.050001 255 255 255
v 29.120207 -12.707999 20.472401 188 188 188
v 32.168201 -12.707999 20.472401 188 188 188
v 29.120207 -12.707999 20.828001 188 188 188
v 32.422203 -12.707999 19.050001 255 255 255
v 32.371407 -12.707999 19.050001 255 255 255
v 32.422203 -12.707999 0.000000 255 255 255
v 32.269802 -12.707999 19.050001 255 255 255
v 32.269802 -12.707999 19.964399 188 188 188
v 23.379805 -12.707999 19.964399 188 188 188
v 32.168201 -12.707999 19.050001 255 255 255
v 30.187008 -12.707999 19.964399 188 188 188
v 30.999804 -12.707999 19.050001 255 255 255
v 32.219006 -12.707999 19.050001 255 255 255
v 23.176607 -12.707999 19.964399 188 188 188
v 23.227404 -12.707999 19.050001 255 255 255
v 23.583002 -12.707999 19.050001 255 255 255
v 23.938606 -12.707999 19.050001 255 255 255
v 23.176607 -12.707999 19.050001 255 255 255
v 23.125805 -12.707999 19.050001 255 255 255
v 23.075003 -12.707999 19.964399 188 188 188
v 23.075003 -12.707999 19.050001 255 255 255
v 22.821003 -12.707999 19.050001 255 255 255
v 23.024206 -12.707999 19.050001 255 255 255
v 22.770206 -12.707999 19.964399 188 188 188
v 28.917002 -12.707999 19.050001 255 255 255
v 28.917002 -12.707999 0.000000 255 255 255
v 29.018608 -12.707999 19.050001 255 255 255
v 32.168201 -12.707999 19.964399 188 188 188
v 30.542606 -12.707999 19.050001 255 255 255
v 30.949007 -12.707999 19.050001 255 255 255
v 29.425003 -12.707999 19.050001 255 255 255
v 29.475805 -12.707999 19.050001 255 255 255
v 29.679003 -12.707999 19.964399 188 188 188
v 29.018608 -12.707999 19.964399 188 188 188
v 28.917002 -12.707999 19.964399 188 188 188
v 28.917002 -12.707999 20.472401 188 188 188
v 32.422203 -12.707999 20.828001 188 188 188
v 32.422203 -12.707999 19.964399 188 188 188
v 23.938606 -12.707999 0.000000 255 255 255
v 32.422203 7.815201 0.000000 255 255 255
v 28.917002 -0.617599 0.000000 255 255 255
v 29.780607 10.253601 0.000000 255 255 255
v 29.679003 9.898002 0.000000 255 255 255
v 29.221806 10.761600 0.000000 255 255 255
v 29.882206 10.456801 0.000000 255 255 255
v 19.620604 -9.863200 0.000000 255 255 255
v 19.569801 -10.066400 0.000000 255 255 255
v 19.569801 -10.218800 0.000000 255 255 255
v 29.780607 10.558402 0.000000 255 255 255
v 29.780607 10.660001 0.000000 255 255 255
v 29.729805 10.609201 0.000000 255 255 255
v 29.628206 10.660001 0.000000 255 255 255
v 29.577404 10.761600 0.000000 255 255 255
v 24.853006 10.152001 0.000000 255 255 255
v 24.903803 10.456801 0.000000 255 255 255
v 24.954605 10.456801 0.000000 255 255 255
v 29.425003 10.761600 0.000000 255 255 255
v 29.526608 10.710801 0.000000 255 255 255
v 29.323404 10.761600 0.000000 255 255 255
v 28.917002 10.914001 0.000000 255 255 255
v 29.018608 10.914001 0.000000 255 255 255
v 29.120207 10.812402 0.000000 255 255 255
v 22.059004 -0.566799 0.000000 255 255 255
v 22.211405 0.042801 0.000000 255 255 255
v 25.716604 -5.443599 0.000000 255 255 255
v 21.855806 -1.227199 0.000000 255 255 255
v 21.855806 -1.176399 0.000000 255 255 255
v 20.535006 -6.358000 0.000000 255 255 255
v 20.535006 -6.408799 0.000000 255 255 255
v 20.484201 -6.408799 0.000000 255 255 255
v 28.104208 11.117201 0.000000 255 255 255
v 28.459806 11.015600 0.000000 255 255 255
v 26.478603 11.574401 0.000000 255 255 255
v 26.427807 11.574401 0.000000 255 255 255
v 26.021406 11.676001 0.000000 255 255 255
v 27.037405 11.422001 0.000000 255 255 255
v 27.342201 11.320401 0.000000 255 255 255
v 27.494602 11.320401 0.000000 255 255 255
v 29.526608 9.237600 0.000000 255 255 255
v 25.818203 11.676001 0.000000 255 255 255
v 26.275406 11.574401 0.000000 255 255 255
v 29.221806 8.272401 0.000000 255 255 255
v 29.425003 8.932801 0.000000 255 255 255
v 29.425003 8.729601 0.000000 255 255 255
v 29.323404 8.577202 0.000000 255 255 255
v 29.221806 7.916801 0.000000 255 255 255
v 28.866207 6.646801 0.000000 255 255 255
v 25.259407 11.879202 0.000000 255 255 255
v 29.425003 8.577202 0.000000 255 255 255
v 29.526608 9.136001 0.000000 255 255 255
v 29.475805 9.085201 0.000000 255 255 255
v 29.577404 9.593201 0.000000 255 255 255
v 29.221806 8.069201 0.000000 255 255 255
v 28.256601 4.310000 0.000000 255 255 255
v 30.085403 7.916801 0.000000 255 255 255
v 30.187008 7.916801 0.000000 255 255 255
v 30.339403 7.815201 0.000000 255 255 255
v 29.526608 7.916801 0.000000 255 255 255
v 24.497402 -10.472799 0.000000 255 255 255
v 24.192606 -11.691999 0.000000 255 255 255
v 24.141804 -11.996799 0.000000 255 255 255
v 28.917002 0.804800 0.000000 255 255 255
v 28.866207 1.566801 0.000000 255 255 255
v 27.697805 1.770002 0.000000 255 255 255
v 27.647003 1.770002 0.000000 255 255 255
v 27.596207 1.566801 0.000000 255 255 255
v 19.722202 -9.456800 0.000000 255 255 255
v 19.468203 -10.574400 0.000000 255 255 255
v 27.037405 -0.414399 0.000000 255 255 255
v 22.973404 3.090801 0.000000 255 255 255
v 27.088202 -0.363599 0.000000 255 255 255
v 25.259407 11.523602 0.000000 255 255 255
v 24.954605 10.558402 0.000000 255 255 255
v 23.532206 5.326001 0.000000 255 255 255
v 23.379805 4.462402 0.000000 255 255 255
v 19.773005 -9.253599 0.000000 255 255 255
v 19.671408 -9.710799 0.000000 255 255 255
v 27.951805 2.989201 0.000000 255 255 255
v 28.002602 3.192401 0.000000 255 255 255
v 28.002602 3.243201 0.000000 255 255 255
v 24.853006 10.355202 0.000000 255 255 255
v 24.853006 10.202802 0.000000 255 255 255
v 26.377005 -3.055999 0.000000 255 255 255
v 22.871805 2.684400 0.000000 255 255 255
v 21.449406 -2.801999 0.000000 255 255 255
v 21.398603 -3.106799 0.000000 255 255 255
v 21.195406 -3.716400 0.000000 255 255 255
v 27.139004 -0.312799 0.000000 255 255 255
v 25.716604 -5.900799 0.000000 255 255 255
v 25.361006 -7.069200 0.000000 255 255 255
v 25.157803 -7.983600 0.000000 255 255 255
v 22.821003 -12.758799 -0.050800 255 255 255
v 22.719404 -12.707999 -0.050800 255 255 255
v 24.599007 -10.066400 0.000000 255 255 255
v 24.497402 -10.371200 0.000000 255 255 255
v 19.925407 -8.643999 0.000000 255 255 255
v 22.109806 -12.555599 0.000000 255 255 255
v 20.687407 -12.149199 0.000000 255 255 255
v 20.535006 -12.047600 0.000000 255 255 255
v 21.855806 -1.125599 0.000000 255 255 255
v 21.957405 -0.820799 0.000000 255 255 255
v 26.478603 -2.801999 0.000000 255 255 255
v 26.631004 -2.039999 0.000000 255 255 255
v 26.732603 -1.786000 0.000000 255 255 255
v 19.214203 -11.691999 0.000000 255 255 255
v 19.214203 -11.590400 0.000000 255 255 255
v 19.265005 -11.691999 0.000000 255 255 255
v 20.585808 -12.149199 -0.050800 255 255 255
v 20.585808 -12.098400 0.000000 255 255 255
v 20.585808 -12.149199 0.000000 255 255 255
v 20.179407 -11.996799 0.000000 255 255 255
v 19.773005 -11.996799 0.000000 255 255 255
v 20.230202 -12.047600 0.000000 255 255 255
v 19.366604 -11.793599 0.000000 255 255 255
v 19.265005 -11.793599 0.000000 255 255 255
v 27.748602 2.125602 0.000000 255 255 255
v 24.497402 8.932801 0.000000 255 255 255
v 27.901003 2.989201 0.000000 255 255 255
v 28.053404 3.497200 0.000000 255 255 255
v 19.773005 -9.202800 0.000000 255 255 255
v 19.823801 -8.999599 0.000000 255 255 255
v 19.620604 -11.895200 0.000000 255 255 255
v 19.671408 -11.895200 0.000000 255 255 255
v 19.773005 -11.945999 0.000000 255 255 255
v 20.738203 -12.149199 0.000000 255 255 255
v 20.890604 -12.250799 0.000000 255 255 255
v 21.093807 -12.250799 0.000000 255 255 255
v 21.144604 -12.301600 0.000000 255 255 255
v 21.195406 -12.352400 0.000000 255 255 255
v 20.789005 -12.199999 0.000000 255 255 255
v 21.855806 -12.454000 0.000000 255 255 255
v 21.652603 -12.454000 0.000000 255 255 255
v 21.957405 -12.504800 0.000000 255 255 255
v 21.601807 -12.403200 0.000000 255 255 255
v 21.449406 -12.352400 0.000000 255 255 255
v 22.770206 -12.657200 0.000000 255 255 255
v 26.123005 -4.224399 0.000000 255 255 255
v 25.818203 -5.240400 0.000000 255 255 255
v 27.037405 -0.617599 0.000000 255 255 255
v 27.037405 -0.515999 0.000000 255 255 255
v 27.037405 -0.465199 0.000000 255 255 255
v 27.901003 2.938402 0.000000 255 255 255
v 28.256601 4.259201 0.000000 255 255 255
v 28.205807 3.954401 0.000000 255 255 255
v 24.548204 9.237600 0.000000 255 255 255
v 24.649803 9.542401 0.000000 255 255 255
v 21.855806 -1.074799 0.000000 255 255 255
v 26.021406 -4.325999 0.000000 255 255 255
v 21.957405 -0.871599 0.000000 255 255 255
v 21.957405 -0.922399 0.000000 255 255 255
v 21.906603 -0.973199 0.000000 255 255 255
v 22.617805 1.668401 0.000000 255 255 255
v 20.585808 -6.154799 0.000000 255 255 255
v 20.636604 -12.098400 0.000000 255 255 255
v 22.719404 -12.657200 0.000000 255 255 255
v 22.617805 -12.657200 0.000000 255 255 255
v 26.123005 -4.021200 0.000000 255 255 255
v 26.224604 -3.563999 0.000000 255 255 255
v 21.195406 -3.767199 0.000000 255 255 255
v 21.093807 -4.072000 0.000000 255 255 255
v 20.687407 -5.646799 0.000000 255 255 255
v 20.636604 -6.002400 0.000000 255 255 255
v 20.585808 -6.103999 0.000000 255 255 255
v 20.585808 -6.002400 0.000000 255 255 255
v 20.179407 -7.678799 0.000000 255 255 255
v 20.179407 -7.628000 0.000000 255 255 255
v 20.230202 -7.628000 0.000000 255 255 255
v 26.275406 -3.360799 0.000000 255 255 255
v 21.754208 -1.481199 0.000000 255 255 255
v 21.551004 -2.395599 0.000000 255 255 255
v 21.551004 -2.446399 0.000000 255 255 255
v 20.535006 -6.205599 0.000000 255 255 255
v 22.821003 -12.707999 0.000000 255 255 255
v 20.484201 -12.047600 0.000000 255 255 255
v 20.535006 -12.098400 0.000000 255 255 255
v 20.230202 -7.577199 0.000000 255 255 255
v 20.535006 -6.307199 0.000000 255 255 255
v 19.773005 -9.050400 0.000000 255 255 255
v 22.313004 -12.606400 0.000000 255 255 255
v 22.465405 -12.606400 0.000000 255 255 255
v 21.551004 -2.497200 0.000000 255 255 255
v 23.989403 -12.504800 0.000000 255 255 255
v 24.243402 -11.387200 0.000000 255 255 255
v 24.446606 -10.422000 -0.050800 255 255 255
v 20.636604 -12.149199 0.000000 255 255 255
v 21.906603 -12.504800 0.000000 255 255 255
v 20.433407 -12.047600 0.000000 255 255 255
v 19.722202 -9.406000 0.000000 255 255 255
v 19.265005 -11.133200 0.000000 255 255 255
v 24.497402 -10.422000 0.000000 255 255 255
v 21.347807 -3.157599 0.000000 255 255 255
v 29.577404 9.339201 0.000000 255 255 255
v 28.205807 11.117201 0.000000 255 255 255
v 29.679003 9.694800 0.000000 255 255 255
v 29.882206 10.355202 0.000000 255 255 255
v 25.513407 11.777601 0.000000 255 255 255
v 29.628206 9.644002 0.000000 255 255 255
v 29.425003 7.916801 0.000000 255 255 255
v 29.323404 8.374002 0.000000 255 255 255
v 28.815405 6.596002 -0.050800 255 255 255
v 28.866207 6.596002 0.000000 255 255 255
v 29.323404 7.916801 0.000000 255 255 255
v 28.205807 4.005201 0.000000 255 255 255
v 24.954605 10.507601 0.000000 255 255 255
v 24.497402 9.034402 0.000000 255 255 255
v 28.612207 5.580001 0.000000 255 255 255
v 28.358208 4.513201 0.000000 255 255 255
v 19.519005 -11.895200 0.000000 255 255 255
v 19.417406 -11.844399 0.000000 255 255 255
v 27.545404 1.566801 0.000000 255 255 255
v 23.735403 5.986402 0.000000 255 255 255
v 28.561405 5.529202 -0.050800 255 255 255
v 28.866207 6.545200 0.000000 255 255 255
v 28.409002 4.564000 0.000000 255 255 255
v 26.478603 11.523602 0.000000 255 255 255
v 28.104208 3.446401 0.000000 255 255 255
v 29.526608 10.761600 0.000000 255 255 255
v 29.425003 10.761600 8.636000 255 255 255
v 29.780607 10.101202 0.000000 255 255 255
v 29.221806 8.170801 0.000000 255 255 255
v 29.221806 8.120002 0.000000 255 255 255
v 19.519005 -10.269599 0.000000 255 255 255
v 26.123005 -4.122799 0.000000 255 255 255
v 29.679003 9.644002 0.000000 255 255 255
v 29.221806 8.170801 17.322802 255 255 255
v 25.259407 11.472800 0.000000 255 255 255
v 24.853006 10.355202 2.032000 255 255 255
v 24.395803 8.577202 0.000000 255 255 255
v 24.091007 7.307201 0.000000 255 255 255
v 28.917002 -0.515999 0.000000 255 255 255
v 23.684607 5.681601 0.000000 255 255 255
v 21.093807 -4.122799 0.000000 255 255 255
v 20.789005 -5.341999 0.000000 255 255 255
v 26.377005 11.574401 0.000000 255 255 255
v 29.882206 10.558402 20.472401 188 188 188
v 29.780607 10.253601 20.472401 188 188 188
v 29.882206 10.456801 20.472401 188 188 188
v 29.526608 9.237600 20.472401 188 188 188
v 24.497402 8.932801 20.472401 188 188 188
v 29.425003 8.932801 20.472401 188 188 188
v 28.104208 11.117201 20.472401 188 188 188
v 29.120207 7.815201 20.472401 188 188 188
v 28.917002 -3.055999 20.472401 188 188 188
v 28.256601 4.310000 20.472401 188 188 188
v 22.973404 3.090801 20.472401 188 188 188
v 27.697805 1.770002 20.472401 188 188 188
v 28.663002 10.914001 20.472401 188 188 188
v 29.679003 9.898002 20.472401 188 188 188
v 29.221806 10.761600 20.472401 188 188 188
v 29.221806 8.272401 20.472401 188 188 188
v 29.221806 7.916801 20.472401 188 188 188
v 28.917002 -10.371200 20.472401 188 188 188
v 28.917002 -7.983600 20.472401 188 188 188
v 28.866207 4.310000 20.472401 188 188 188
v 28.866207 6.646801 20.472401 188 188 188
v 19.925407 -8.643999 20.472401 188 188 188
v 19.214203 -11.590400 20.472401 188 188 188
v 19.773005 -11.996799 20.472401 188 188 188
v 21.652603 -12.454000 20.472401 188 188 188
v 21.195406 -12.352400 20.472401 188 188 188
v 22.211405 0.144401 20.472401 188 188 188
v 27.037405 -0.617599 20.472401 188 188 188
v 28.866207 1.770002 20.472401 188 188 188
v 28.917002 -0.617599 20.472401 188 188 188
v 19.366604 -11.793599 20.472401 188 188 188
v 19.265005 -11.691999 20.472401 188 188 188
v 19.265005 -11.793599 20.472401 188 188 188
v 24.497402 -10.371200 20.472401 188 188 188
v 26.377005 -3.055999 20.472401 188 188 188
v 21.449406 -2.801999 20.472401 188 188 188
v 25.716604 -5.443599 20.472401 188 188 188
v 22.617805 -12.657200 20.472401 188 188 188
v 25.157803 -7.983600 20.472401 188 188 188
v 20.687407 -5.646799 20.472401 188 188 188
v 22.109806 -12.555599 20.472401 188 188 188
v 20.687407 -12.149199 20.472401 188 188 188
v 20.230202 -12.047600 20.472401 188 188 188
v 19.214203 -11.691999 20.472401 188 188 188
v 23.735403 5.986402 20.472401 188 188 188
v 29.526608 7.916801 20.472401 188 188 188
v 29.882206 7.916801 20.472401 188 188 188
v 29.577404 9.593201 20.472401 188 188 188
v 29.323404 8.577202 20.472401 188 188 188
v 27.037405 11.422001 20.472401 188 188 188
v 25.818203 11.676001 20.472401 188 188 188
v 25.259407 11.879202 20.472401 188 188 188
v 30.339403 7.815201 20.472401 188 188 188
v 28.917002 -5.443599 20.472401 188 188 188
v 29.780607 10.558402 20.472401 188 188 188
v 29.780607 10.660001 20.472401 188 188 188
v 32.422203 7.815201 20.828001 188 188 188
v 29.120207 7.815201 20.828001 188 188 188
v 26.427807 11.574401 17.322802 255 255 255
v 26.478603 11.523602 17.322802 255 255 255
v 26.478603 11.574401 17.322802 255 255 255
v 24.853006 10.253601 17.322802 255 255 255
v 24.599007 9.440801 17.322802 255 255 255
v 24.853006 10.202802 17.322802 255 255 255
v 24.853006 10.355202 17.322802 255 255 255
v 28.104208 3.446401 17.322802 255 255 255
v 28.205807 3.954401 17.322802 255 255 255
v 28.155003 3.954401 17.322802 255 255 255
v 28.256601 4.259201 17.322802 255 255 255
v 28.917002 -0.515999 17.322802 255 255 255
v 28.917002 0.398401 17.322802 255 255 255
v 28.866207 1.566801 17.322802 255 255 255
v 28.917002 -0.617599 17.322802 255 255 255
v 21.347807 -3.157599 17.271999 255 255 255
v 21.347807 -3.157599 17.322802 255 255 255
v 21.449406 -2.801999 17.322802 255 255 255
v 20.890604 -12.250799 17.322802 255 255 255
v 21.195406 -12.352400 17.322802 255 255 255
v 20.941406 -12.250799 17.322802 255 255 255
v 20.890604 -12.199999 17.322802 255 255 255
v 20.789005 -12.199999 17.322802 255 255 255
v 20.687407 -12.149199 17.322802 255 255 255
v 20.738203 -12.149199 17.322802 255 255 255
v 21.551004 -2.497200 17.322802 255 255 255
v 21.500208 -2.497200 17.322802 255 255 255
v 25.716604 -5.900799 17.322802 255 255 255
v 25.716604 -5.748399 17.322802 255 255 255
v 21.398603 -3.106799 17.322802 255 255 255
v 21.195406 -3.767199 17.322802 255 255 255
v 20.585808 -6.002400 17.322802 255 255 255
v 20.687407 -5.646799 17.322802 255 255 255
v 20.636604 -6.002400 17.322802 255 255 255
v 20.585808 -6.154799 17.322802 255 255 255
v 20.585808 -6.103999 17.322802 255 255 255
v 25.259407 11.879202 17.322802 255 255 255
v 24.954605 10.660001 17.322802 255 255 255
v 25.056204 10.914001 17.322802 255 255 255
v 24.954605 10.558402 17.322802 255 255 255
v 26.986603 -0.719199 17.322802 255 255 255
v 27.037405 -0.414399 17.322802 255 255 255
v 27.037405 -0.617599 17.322802 255 255 255
v 26.732603 -1.786000 17.322802 255 255 255
v 27.088202 -0.363599 17.322802 255 255 255
v 27.139004 -0.363599 17.322802 255 255 255
v 27.139004 -0.312799 17.322802 255 255 255
v 24.497402 8.983601 18.186399 255 255 255
v 24.497402 8.983601 17.322802 255 255 255
v 24.497402 8.932801 17.322802 255 255 255
v 29.577404 10.761600 17.322802 255 255 255
v 29.526608 10.761600 17.322802 255 255 255
v 20.585808 -6.053199 17.322802 255 255 255
v 27.037405 -0.566799 17.678400 255 255 255
v 27.037405 -0.515999 17.322802 255 255 255
v 21.754208 -1.582799 17.322802 255 255 255
v 21.551004 -2.446399 17.322802 255 255 255
v 20.535006 -6.358000 17.322802 255 255 255
v 19.519005 -11.895200 17.322802 255 255 255
v 19.773005 -11.945999 17.322802 255 255 255
v 19.569801 -11.895200 17.322802 255 255 255
v 19.519005 -11.844399 17.322802 255 255 255
v 19.417406 -11.844399 17.322802 255 255 255
v 19.773005 -11.996799 17.322802 255 255 255
v 19.366604 -11.793599 17.322802 255 255 255
v 28.917002 0.550801 17.322802 255 255 255
v 28.917002 0.804800 17.322802 255 255 255
v 28.917002 0.855601 17.322802 255 255 255
v 21.855806 -1.176399 17.322802 255 255 255
v 21.754208 -1.481199 17.322802 255 255 255
v 28.917002 0.500001 17.322802 255 255 255
v 20.179407 -7.628000 17.322802 255 255 255
v 19.925407 -8.643999 17.322802 255 255 255
v 20.179407 -7.678799 17.322802 255 255 255
v 20.230202 -7.577199 17.322802 255 255 255
v 20.230202 -7.475599 17.322802 255 255 255
v 20.484201 -6.408799 17.322802 255 255 255
v 28.917002 1.566801 17.322802 255 255 255
v 26.123005 -4.122799 17.322802 255 255 255
v 26.173801 -3.919599 17.322802 255 255 255
v 26.123005 -4.021200 17.322802 255 255 255
v 20.230202 -7.628000 17.322802 255 255 255
v 19.569801 -11.895200 19.964399 188 188 188
v 19.468203 -11.895200 19.964399 188 188 188
v 19.620604 -11.895200 19.050001 255 255 255
v 19.569801 -11.895200 19.050001 255 255 255
v 19.519005 -11.895200 19.050001 255 255 255
v 19.569801 -11.895200 18.186399 255 255 255
v 21.195406 -12.352400 19.964399 188 188 188
v 21.347807 -12.352400 19.964399 188 188 188
v 21.449406 -12.352400 19.050001 255 255 255
v 22.719404 -12.657200 16.865601 255 255 255
v 22.719404 -12.657200 17.322802 255 255 255
v 22.617805 -12.657200 17.322802 255 255 255
v 22.719404 -12.657200 19.050001 255 255 255
v 22.617805 -12.657200 19.050001 255 255 255
v 22.719404 -12.657200 17.780001 255 255 255
v 22.617805 -12.657200 19.964399 188 188 188
v 29.679003 9.694800 18.440399 255 255 255
v 29.679003 9.898002 17.322802 255 255 255
v 29.679003 9.694800 19.050001 255 255 255
v 20.230202 -12.047600 19.050001 255 255 255
v 20.433407 -12.047600 19.050001 255 255 255
v 20.230202 -12.047600 19.964399 188 188 188
v 20.331808 -12.047600 19.964399 188 188 188
v 20.484201 -12.047600 19.050001 255 255 255
v 29.018608 10.914001 19.050001 255 255 255
v 28.917002 10.914001 17.322802 255 255 255
v 29.425003 8.577202 19.050001 255 255 255
v 29.374207 8.577202 19.050001 255 255 255
v 29.323404 8.577202 19.050001 255 255 255
v 29.323404 8.577202 19.964399 188 188 188
v 21.906603 -12.504800 18.999201 255 255 255
v 21.957405 -12.504800 19.050001 255 255 255
v 21.906603 -12.504800 19.050001 255 255 255
v 21.855806 -12.454000 19.050001 255 255 255
v 22.008207 -12.555599 19.964399 188 188 188
v 22.109806 -12.555599 19.964399 188 188 188
v 19.214203 -11.691999 19.050001 255 255 255
v 19.214203 -11.691999 19.964399 188 188 188
v 19.265005 -11.691999 19.964399 188 188 188
v 19.366604 -11.793599 19.050001 255 255 255
v 19.265005 -11.793599 19.050001 255 255 255
v 19.265005 -11.793599 19.964399 188 188 188
v 19.366604 -11.793599 19.964399 188 188 188
v 19.874603 -11.996799 19.050001 255 255 255
v 19.823801 -11.996799 19.050001 255 255 255
v 19.773005 -11.996799 19.050001 255 255 255
v 19.773005 -11.996799 19.964399 188 188 188
v 19.874603 -11.996799 19.964399 188 188 188
v 20.738203 -12.149199 17.373600 255 255 255
v 20.687407 -12.149199 19.050001 255 255 255
v 20.738203 -12.149199 19.050001 255 255 255
v 20.687407 -12.149199 19.964399 188 188 188
v 20.585808 -12.098400 9.398000 255 255 255
v 29.526608 10.761600 19.050001 255 255 255
v 29.577404 10.761600 18.440399 255 255 255
v 29.729805 10.609201 -0.050800 255 255 255
v 29.780607 10.609201 0.000000 255 255 255
v 29.780607 10.609201 11.582400 255 255 255
v 29.780607 10.609201 12.750801 255 255 255
v 24.497402 -10.371200 17.221201 255 255 255
v 29.780607 10.253601 19.964399 188 188 188
v 29.679003 9.999601 19.964399 188 188 188
v 29.882206 10.456801 19.964399 188 188 188
v 29.780607 10.101202 19.050001 255 255 255
v 29.679003 9.999601 19.050001 255 255 255
v 29.882206 10.456801 17.322802 255 255 255
v 29.882206 10.355202 19.050001 255 255 255
v 29.882206 10.456801 19.050001 255 255 255
v 29.882206 10.558402 19.964399 188 188 188
v 29.882206 10.558402 19.862801 255 255 255
v 29.882206 10.558402 19.761202 255 255 255
v 29.882206 10.558402 19.913601 255 255 255
v 29.882206 10.558402 19.050001 255 255 255
v 29.882206 10.507601 19.050001 255 255 255
v 29.780607 10.253601 19.050001 255 255 255
v 29.831404 10.304400 19.050001 255 255 255
v 29.780607 10.355202 19.964399 188 188 188
v 29.831404 10.456801 19.050001 255 255 255
v 19.468203 -10.574400 19.050001 255 255 255
v 19.265005 -11.133200 19.050001 255 255 255
v 29.780607 10.558402 19.812000 255 255 255
v 29.780607 10.456801 19.812000 255 255 255
v 29.780607 10.558402 19.761202 255 255 255
v 29.780607 10.558402 19.862801 255 255 255
v 29.780607 10.558402 8.940801 255 255 255
v 29.780607 10.558402 9.652000 255 255 255
v 29.780607 10.660001 19.151600 255 255 255
v 29.780607 10.558402 19.913601 255 255 255
v 29.780607 10.660001 19.050001 255 255 255
v 29.780607 10.660001 19.964399 188 188 188
v 29.780607 10.558402 19.964399 188 188 188
v 29.780607 10.660001 19.304001 255 255 255
v 29.780607 10.609201 19.050001 255 255 255
v 29.729805 10.558402 18.999201 255 255 255
v 29.780607 10.558402 19.050001 255 255 255
v 29.780607 10.558402 19.659601 255 255 255
v 29.780607 10.660001 19.253201 255 255 255
v 29.780607 10.660001 19.202400 255 255 255
v 29.780607 10.558402 11.430000 255 255 255
v 29.780607 10.456801 19.913601 255 255 255
v 29.780607 10.456801 19.964399 255 255 255
v 29.780607 10.558402 10.566401 255 255 255
v 29.831404 10.507601 5.740400 255 255 255
v 29.831404 10.507601 19.050001 255 255 255
v 29.831404 10.558402 19.862801 255 255 255
v 29.780607 10.456801 19.862801 255 255 255
v 29.831404 10.507601 19.913601 255 255 255
v 29.831404 10.507601 19.862801 255 255 255
v 29.780607 10.507601 19.862801 255 255 255
v 29.831404 10.558402 19.812000 255 255 255
v 29.882206 10.507601 19.964399 255 255 255
v 29.780607 10.507601 19.913601 255 255 255
v 29.729805 10.507601 19.812000 255 255 255
v 19.417406 -11.844399 0.863600 255 255 255
v 19.417406 -11.844399 0.914400 255 255 255
v 19.417406 -11.844399 2.590800 255 255 255
v 29.221806 8.272401 19.964399 188 188 188
v 29.323404 8.374002 19.050001 255 255 255
v 29.323404 8.374002 19.964399 188 188 188
v 29.780607 10.660001 3.860800 255 255 255
v 29.780607 10.609201 16.052801 255 255 255
v 29.780607 10.660001 8.128000 255 255 255
v 29.780607 10.609201 18.592800 255 255 255
v 29.729805 10.558402 7.670800 255 255 255
v 29.780607 10.660001 5.842000 255 255 255
v 29.780607 10.609201 11.633201 255 255 255
v 29.780607 10.558402 19.253201 255 255 255
v 29.628206 10.660001 19.050001 255 255 255
v 29.780607 10.660001 4.064000 255 255 255
v 29.729805 10.609201 18.999201 255 255 255
v 29.780607 10.558402 19.151600 255 255 255
v 29.780607 10.609201 18.288000 255 255 255
v 29.780607 10.609201 15.240001 255 255 255
v 29.780607 10.609201 17.170401 255 255 255
v 29.780607 10.609201 17.526001 255 255 255
v 29.577404 10.710801 19.050001 255 255 255
v 29.323404 10.761600 19.964399 188 188 188
v 29.221806 10.761600 17.322802 255 255 255
v 29.221806 10.761600 19.050001 255 255 255
v 29.323404 10.761600 19.050001 255 255 255
v 29.221806 10.761600 19.964399 188 188 188
v 29.780607 10.609201 5.080000 255 255 255
v 29.120207 10.812402 19.050001 255 255 255
v 29.171003 10.812402 19.050001 255 255 255
v 20.230202 -12.047600 17.322802 255 255 255
v 29.780607 10.609201 13.208001 255 255 255
v 29.780607 10.609201 13.004801 255 255 255
v 29.729805 10.558402 8.432800 255 255 255
v 24.497402 -10.371200 8.636000 255 255 255
v 24.599007 -10.066400 19.050001 255 255 255
v 21.144604 -3.919599 18.186399 255 255 255
v 21.297005 -3.462399 17.322802 255 255 255
v 29.526608 10.710801 19.050001 255 255 255
v 20.789005 -5.341999 19.050001 255 255 255
v 20.738203 -5.494400 19.050001 255 255 255
v 20.687407 -5.646799 17.526001 255 255 255
v 20.738203 -5.494400 18.288000 255 255 255
v 20.687407 -5.646799 19.050001 255 255 255
v 24.395803 8.577202 19.050001 255 255 255
v 24.395803 8.628001 18.999201 255 255 255
v 24.395803 8.577202 18.999201 255 255 255
v 29.425003 10.761600 9.499600 255 255 255
v 29.425003 10.761600 17.322802 255 255 255
v 28.866207 1.008001 19.964399 188 188 188
v 28.917002 0.500001 19.050001 255 255 255
v 28.917002 -0.515999 19.050001 255 255 255
v 28.866207 1.465201 19.964399 188 188 188
v 21.449406 -2.801999 17.881601 255 255 255
v 28.917002 0.804800 19.050001 255 255 255
v 28.866207 4.310000 19.964399 188 188 188
v 28.866207 1.770002 19.050001 255 255 255
v 26.326202 11.625201 13.614400 255 255 255
v 26.478603 11.574401 19.050001 255 255 255
v 28.866207 1.770002 19.964399 188 188 188
v 28.866207 6.596002 17.322802 255 255 255
v 28.866207 6.596002 0.152400 255 255 255
v 28.866207 1.566801 0.050800 255 255 255
v 24.040205 -12.454000 19.050001 255 255 255
v 23.989403 -12.504800 18.999201 255 255 255
v 24.040205 -12.454000 18.897600 255 255 255
v 28.866207 1.566801 19.050001 255 255 255
v 28.866207 6.596002 17.373600 255 255 255
v 28.866207 4.310000 19.050001 255 255 255
v 28.866207 2.125602 19.050001 255 255 255
v 28.866207 2.227200 19.964399 188 188 188
v 28.866207 3.852800 19.964399 188 188 188
v 28.866207 1.617600 19.050001 255 255 255
v 28.866207 1.566801 18.186399 255 255 255
v 19.468203 -10.472799 18.999201 255 255 255
v 19.569801 -10.269599 19.050001 255 255 255
v 28.866207 3.141601 19.050001 255 255 255
v 28.866207 3.446401 19.050001 255 255 255
v 19.417406 -11.793599 18.186399 255 255 255
v 19.366604 -11.031600 19.964399 188 188 188
v 28.866207 1.820801 19.050001 255 255 255
v 28.866207 5.834001 19.964399 188 188 188
v 28.866207 5.275200 19.050001 255 255 255
v 28.866207 6.189600 19.964399 188 188 188
v 28.866207 6.443600 20.218401 188 188 188
v 24.497402 -10.371200 17.322802 255 255 255
v 24.497402 -10.371200 18.186399 255 255 255
v 24.294205 -11.387200 19.050001 255 255 255
v 28.866207 5.580001 19.050001 255 255 255
v 23.633804 5.630802 4.470400 255 255 255
v 23.633804 5.630802 19.050001 255 255 255
v 28.866207 6.646801 19.964399 188 188 188
v 28.866207 5.884801 19.050001 255 255 255
v 28.866207 6.596002 19.050001 255 255 255
v 23.684607 5.681601 0.050800 255 255 255
v 28.866207 6.443600 19.964399 188 188 188
v 23.633804 5.681601 18.999201 255 255 255
v 23.735403 5.986402 19.050001 255 255 255
v 28.866207 6.646801 19.050001 255 255 255
v 26.427807 11.574401 0.812800 255 255 255
v 28.917002 -0.515999 19.964399 188 188 188
v 23.684607 5.681601 19.050001 255 255 255
v 23.633804 5.630802 9.499600 255 255 255
v 23.684607 5.681601 8.839200 255 255 255
v 28.917002 -0.617599 19.050001 255 255 255
v 28.917002 -0.566799 19.050001 255 255 255
v 28.917002 -0.617599 19.964399 188 188 188
v 28.917002 -1.430399 19.050001 255 255 255
v 28.917002 -1.481199 19.964399 188 188 188
v 28.917002 -3.055999 19.964399 188 188 188
v 28.917002 -5.443599 19.964399 188 188 188
v 28.917002 -1.735199 19.050001 255 255 255
v 28.917002 -3.055999 19.050001 255 255 255
v 28.917002 -5.443599 19.050001 255 255 255
v 28.917002 -4.427599 19.050001 255 255 255
v 28.917002 -1.074799 19.964399 188 188 188
v 28.917002 -1.989199 19.050001 255 255 255
v 28.917002 -10.828400 19.964399 188 188 188
v 28.917002 -11.438000 19.050001 255 255 255
v 28.917002 -12.454000 19.050001 255 255 255
v 28.917002 -3.462399 19.964399 188 188 188
v 28.917002 -3.868799 19.050001 255 255 255
v 28.917002 -4.173599 19.050001 255 255 255
v 28.917002 -12.352400 19.964399 188 188 188
v 24.446606 8.628001 19.050001 255 255 255
v 24.497402 8.932801 19.964399 188 188 188
v 24.446606 8.628001 18.999201 255 255 255
v 28.917002 -10.371200 19.964399 188 188 188
v 28.917002 -8.745599 19.964399 188 188 188
v 28.917002 -10.371200 19.050001 255 255 255
v 28.917002 -11.133200 19.050001 255 255 255
v 28.917002 -10.320399 19.050001 255 255 255
v 28.917002 -9.304399 19.050001 255 255 255
v 28.917002 -8.999599 19.050001 255 255 255
v 28.917002 -8.237599 19.050001 255 255 255
v 28.917002 -8.288399 19.964399 188 188 188
v 28.917002 -8.186800 19.050001 255 255 255
v 28.917002 -7.983600 19.964399 188 188 188
v 28.917002 -7.983600 19.050001 255 255 255
v 29.729805 10.609201 6.553200 255 255 255
v 28.917002 -6.408799 19.964399 188 188 188
v 28.917002 -6.865999 19.050001 255 255 255
v 28.917002 -7.932799 19.050001 255 255 255
v 28.917002 -6.612000 19.050001 255 255 255
v 28.917002 -5.799199 19.050001 255 255 255
v 28.917002 -6.002400 19.964399 188 188 188
v 28.917002 -5.748399 19.050001 255 255 255
v 28.917002 -3.919599 19.964399 188 188 188
v 29.729805 10.609201 4.216400 255 255 255
v 28.917002 -2.039999 19.050001 255 255 255
v 24.141804 7.358001 18.999201 255 255 255
v 22.109806 -12.555599 17.322802 255 255 255
v 22.109806 -12.555599 8.686800 255 255 255
v 22.160603 -12.555599 19.050001 255 255 255
v 21.652603 -12.454000 19.964399 188 188 188
v 21.652603 -12.454000 17.322802 255 255 255
v 28.459806 4.665601 19.964399 188 188 188
v 28.866207 6.545200 19.050001 255 255 255
v 24.497402 8.932801 19.050001 255 255 255
v 24.497402 9.085201 17.322802 255 255 255
v 28.409002 4.564000 19.050001 255 255 255
v 28.459806 11.015600 19.050001 255 255 255
v 28.256601 4.310000 19.964399 188 188 188
v 28.358208 4.513201 19.050001 255 255 255
v 28.256601 4.310000 19.050001 255 255 255
v 28.205807 3.852800 19.964399 188 188 188
v 28.256601 4.259201 19.050001 255 255 255
v 28.205807 3.954401 19.050001 255 255 255
v 28.155003 3.954401 18.999201 255 255 255
v 28.002602 3.243201 17.881601 255 255 255
v 27.697805 1.770002 17.322802 255 255 255
v 27.951805 3.040000 18.084801 255 255 255
v 27.697805 2.125602 19.050001 255 255 255
v 27.697805 2.074801 18.999201 255 255 255
v 27.748602 2.125602 18.999201 255 255 255
v 27.748602 2.227200 18.948400 255 255 255
v 27.951805 2.989201 18.338800 255 255 255
v 27.697805 2.074801 19.050001 255 255 255
v 27.342201 0.601601 19.050001 255 255 255
v 27.545404 1.566801 19.050001 255 255 255
v 27.139004 -0.058799 19.964399 188 188 188
v 27.596207 1.566801 18.999201 255 255 255
v 27.647003 1.770002 17.526001 255 255 255
v 27.647003 1.770002 17.373600 255 255 255
v 27.037405 -0.515999 19.964399 188 188 188
v 27.494602 11.320401 19.050001 255 255 255
v 28.104208 11.117201 17.322802 255 255 255
v 27.088202 -0.363599 19.050001 255 255 255
v 27.139004 -0.312799 18.999201 255 255 255
v 28.256601 4.310000 17.322802 255 255 255
v 25.259407 11.523602 18.999201 255 255 255
v 25.259407 11.472800 19.050001 255 255 255
v 25.208605 11.472800 18.999201 255 255 255
v 25.259407 11.879202 19.050001 255 255 255
v 25.259407 11.523602 19.050001 255 255 255
v 25.259407 11.879202 19.964399 188 188 188
v 25.208605 11.472800 19.050001 255 255 255
v 25.157803 11.320401 19.964399 188 188 188
v 24.954605 10.761600 19.964399 188 188 188
v 24.497402 9.034402 19.050001 255 255 255
v 24.853006 10.202802 19.050001 255 255 255
v 25.716604 11.676001 19.964399 188 188 188
v 25.818203 11.676001 19.964399 188 188 188
v 25.767406 11.676001 19.050001 255 255 255
v 25.818203 11.676001 19.050001 255 255 255
v 25.869005 11.676001 19.050001 255 255 255
v 25.818203 11.676001 17.322802 255 255 255
v 26.021406 11.676001 19.050001 255 255 255
v 29.221806 8.272401 19.050001 255 255 255
v 29.221806 8.069201 17.322802 255 255 255
v 29.221806 8.069201 19.050001 255 255 255
v 29.221806 8.221601 19.050001 255 255 255
v 22.313004 -12.606400 18.491201 255 255 255
v 22.313004 -12.606400 0.355600 255 255 255
v 22.313004 -12.555599 19.050001 255 255 255
v 24.954605 10.558402 19.050001 255 255 255
v 19.214203 -11.590400 19.050001 255 255 255
v 22.313004 -12.606400 18.999201 255 255 255
v 24.141804 7.358001 19.050001 255 255 255
v 24.395803 8.475601 19.964399 188 188 188
v 29.526608 7.916801 19.050001 255 255 255
v 29.425003 7.916801 19.050001 255 255 255
v 23.938606 6.494401 19.964399 188 188 188
v 29.221806 7.916801 19.964399 188 188 188
v 29.221806 8.018401 19.964399 188 188 188
v 29.221806 7.916801 19.050001 255 255 255
v 29.221806 7.916801 17.322802 255 255 255
v 29.425003 7.916801 19.964399 188 188 188
v 29.526608 7.916801 19.964399 188 188 188
v 24.853006 10.355202 11.430000 255 255 255
v 30.136206 7.916801 16.154400 255 255 255
v 29.577404 7.916801 19.050001 255 255 255
v 30.085403 7.916801 16.103600 255 255 255
v 29.780607 7.916801 19.964399 188 188 188
v 29.628206 7.916801 19.050001 255 255 255
v 30.187008 7.916801 19.964399 188 188 188
v 29.882206 7.916801 19.050001 255 255 255
v 29.882206 7.916801 19.964399 188 188 188
v 30.085403 7.916801 19.050001 255 255 255
v 29.933002 7.916801 19.050001 255 255 255
v 29.780607 7.916801 19.050001 255 255 255
v 30.136206 7.916801 19.050001 255 255 255
v 30.187008 7.916801 19.050001 255 255 255
v 21.551004 -2.446399 19.050001 255 255 255
v 28.155003 3.954401 19.050001 255 255 255
v 30.187008 7.815201 19.964399 188 188 188
v 30.644205 7.815201 19.050001 255 255 255
v 30.644205 7.815201 20.472401 188 188 188
v 30.339403 7.815201 19.964399 188 188 188
v 30.491804 7.815201 19.050001 255 255 255
v 30.644205 7.815201 19.964399 188 188 188
v 30.542606 7.815201 19.050001 255 255 255
v 30.542606 7.815201 19.964399 188 188 188
v 30.339403 7.815201 19.050001 255 255 255
v 30.999804 7.815201 19.964399 188 188 188
v 31.253803 7.815201 19.050001 255 255 255
v 31.507803 7.815201 19.050001 255 255 255
v 31.457006 7.815201 19.050001 255 255 255
v 32.066605 7.815201 19.050001 255 255 255
v 31.965006 7.815201 19.964399 188 188 188
v 32.117405 7.815201 19.050001 255 255 255
v 32.422203 7.815201 19.050001 255 255 255
v 32.422203 7.815201 19.964399 188 188 188
v 30.136206 7.866002 19.050001 255 255 255
v 30.237804 7.866002 19.050001 255 255 255
v 20.484201 -6.408799 0.050800 255 255 255
v 20.484201 -6.408799 0.101600 255 255 255
v 20.535006 -6.358000 16.967201 255 255 255
v 24.141804 -11.996799 5.181600 255 255 255
v 24.497402 -10.371200 19.964399 188 188 188
v 24.141804 -11.996799 11.125200 255 255 255
v 24.141804 -11.996799 17.322802 255 255 255
v 27.951805 2.989201 18.999201 255 255 255
v 27.951805 2.989201 18.796000 255 255 255
v 27.647003 1.770002 19.050001 255 255 255
v 27.596207 1.566801 19.050001 255 255 255
v 27.697805 1.770002 19.050001 255 255 255
v 32.422203 2.024001 19.964399 188 188 188
v 32.422203 4.056001 19.050001 255 255 255
v 32.422203 0.144401 19.050001 255 255 255
v 32.422203 3.852800 19.050001 255 255 255
v 32.422203 -2.801999 19.050001 255 255 255
v 32.422203 -9.761600 19.050001 255 255 255
v 32.422203 -3.055999 19.050001 255 255 255
v 32.422203 -8.288399 19.964399 188 188 188
v 32.422203 -9.863200 19.050001 255 255 255
v 21.195406 -3.716400 5.537200 255 255 255
v 21.195406 -3.716400 12.344400 255 255 255
v 21.449406 -2.801999 17.271999 255 255 255
v 21.195406 -3.767199 12.598400 255 255 255
v 21.195406 -3.767199 5.740400 255 255 255
v 21.093807 -4.122799 19.050001 255 255 255
v 21.195406 -3.767199 5.943600 255 255 255
v 21.195406 -3.767199 5.638800 255 255 255
v 26.732603 -1.786000 8.178801 255 255 255
v 26.732603 -1.786000 8.280400 255 255 255
v 26.478603 -2.751199 0.000000 255 255 255
v 26.732603 -1.786000 8.026401 255 255 255
v 27.037405 -0.414399 17.424400 255 255 255
v 27.037405 -0.414399 17.526001 255 255 255
v 27.037405 -0.617599 19.964399 188 188 188
v 27.037405 -0.414399 19.050001 255 255 255
v 27.037405 -0.617599 17.475201 255 255 255
v 28.256601 4.259201 16.865601 255 255 255
v 23.532206 5.326001 17.983200 255 255 255
v 22.973404 3.090801 19.050001 255 255 255
v 24.954605 10.558402 16.916401 255 255 255
v 24.091007 7.307201 19.050001 255 255 255
v 23.633804 5.681601 8.991600 255 255 255
v 23.633804 5.630802 18.999201 255 255 255
v 23.379805 4.513201 18.948400 255 255 255
v 23.379805 4.462402 18.999201 255 255 255
v 23.379805 4.462402 19.050001 255 255 255
v 19.773005 -9.050400 0.304800 255 255 255
v 19.671408 -9.710799 18.237202 255 255 255
v 19.773005 -9.050400 0.609600 255 255 255
v 19.773005 -9.050400 17.373600 255 255 255
v 19.773005 -9.050400 17.322802 255 255 255
v 22.871805 2.684400 19.050001 255 255 255
v 23.329002 4.411601 19.050001 255 255 255
v 26.123005 -4.122799 6.045200 255 255 255
v 26.123005 -4.122799 8.636000 255 255 255
v 29.323404 8.526401 19.050001 255 255 255
v 21.855806 -1.176399 18.135601 255 255 255
v 21.855806 -1.125599 17.322802 255 255 255
v 22.211405 0.042801 17.322802 255 255 255
v 21.449406 -2.801999 0.914400 255 255 255
v 21.449406 -2.801999 16.967201 255 255 255
v 19.925407 -8.643999 19.050001 255 255 255
v 19.773005 -9.050400 14.274800 255 255 255
v 25.716604 -5.443599 17.322802 255 255 255
v 25.157803 -7.983600 17.322802 255 255 255
v 24.497402 -10.371200 19.050001 255 255 255
v 22.211405 -12.555599 9.042400 255 255 255
v 22.262207 -12.555599 19.050001 255 255 255
v 22.262207 -12.555599 0.000000 255 255 255
v 29.272608 8.374002 19.050001 255 255 255
v 29.425003 8.729601 19.050001 255 255 255
v 20.585808 -12.098400 17.780001 255 255 255
v 20.585808 -12.098400 18.135601 255 255 255
v 20.585808 -12.098400 13.817600 255 255 255
v 20.585808 -12.098400 14.528800 255 255 255
v 20.585808 -12.098400 17.322802 255 255 255
v 20.585808 -12.098400 17.221201 255 255 255
v 29.425003 8.932801 19.964399 188 188 188
v 29.425003 8.729601 19.964399 188 188 188
v 29.425003 8.932801 19.050001 255 255 255
v 29.425003 8.831202 19.050001 255 255 255
v 29.425003 9.034402 19.964399 188 188 188
v 29.475805 9.085201 19.050001 255 255 255
v 29.526608 9.136001 18.034000 255 255 255
v 29.526608 9.136001 7.975600 255 255 255
v 29.526608 9.136001 17.983200 255 255 255
v 29.526608 9.136001 10.464801 255 255 255
v 29.526608 9.186801 19.050001 255 255 255
v 29.526608 9.237600 19.050001 255 255 255
v 29.526608 9.237600 17.322802 255 255 255
v 29.526608 9.237600 19.964399 188 188 188
v 29.526608 9.339201 19.964399 188 188 188
v 29.577404 9.339201 19.050001 255 255 255
v 29.577404 9.390001 19.050001 255 255 255
v 29.577404 9.593201 17.322802 255 255 255
v 29.577404 9.542401 19.050001 255 255 255
v 29.577404 9.593201 19.050001 255 255 255
v 29.577404 9.593201 19.964399 188 188 188
v 29.628206 9.644002 19.050001 255 255 255
v 29.628206 9.644002 18.440399 255 255 255
v 29.628206 9.644002 17.983200 255 255 255
v 29.628206 9.644002 0.457200 255 255 255
v 29.628206 9.644002 18.389601 255 255 255
v 29.679003 9.644002 19.050001 255 255 255
v 19.417406 -11.844399 19.050001 255 255 255
v 29.679003 9.898002 19.964399 188 188 188
v 29.679003 9.898002 19.050001 255 255 255
v 29.679003 9.948801 19.050001 255 255 255
v 29.679003 9.847202 19.050001 255 255 255
v 29.679003 9.593201 19.964399 188 188 188
v 29.679003 9.694800 19.964399 188 188 188
v 28.256601 11.117201 19.964399 188 188 188
v 28.205807 11.117201 19.050001 255 255 255
v 28.155003 11.117201 19.050001 255 255 255
v 28.104208 11.117201 19.050001 255 255 255
v 28.104208 11.117201 19.964399 188 188 188
v 28.002602 11.117201 19.050001 255 255 255
v 27.342201 11.320401 19.050001 255 255 255
v 27.240602 11.320401 19.964399 188 188 188
v 27.901003 11.117201 19.964399 188 188 188
v 25.361006 11.777601 19.964399 188 188 188
v 29.272608 8.374002 0.000000 255 255 255
v 25.513407 11.777601 19.050001 255 255 255
v 25.462605 11.828401 19.050001 255 255 255
v 26.021406 11.676001 19.964399 188 188 188
v 26.783405 11.422001 19.964399 188 188 188
v 26.478603 11.523602 19.050001 255 255 255
v 26.224604 11.625201 19.050001 255 255 255
v 26.377005 11.574401 18.237202 255 255 255
v 26.834202 11.422001 19.050001 255 255 255
v 27.037405 11.422001 17.322802 255 255 255
v 26.885004 11.422001 19.050001 255 255 255
v 27.037405 11.422001 19.050001 255 255 255
v 27.037405 11.422001 19.964399 188 188 188
v 28.459806 11.066401 0.000000 255 255 255
v 19.214203 -11.641200 19.050001 255 255 255
v 19.214203 -11.590400 19.964399 188 188 188
v 19.569801 -10.218800 18.999201 255 255 255
v 19.569801 -10.218800 19.050001 255 255 255
v 19.773005 -9.050400 19.050001 255 255 255
v 19.823801 -8.999599 19.050001 255 255 255
v 28.459806 11.066401 19.050001 255 255 255
v 28.561405 11.015600 19.964399 188 188 188
v 28.663002 10.914001 19.964399 188 188 188
v 29.018608 10.812402 19.964399 188 188 188
v 19.773005 -11.945999 19.050001 255 255 255
v 19.773005 -11.945999 17.526001 255 255 255
v 19.773005 -11.945999 17.373600 255 255 255
v 29.120207 10.812402 19.964399 188 188 188
v 20.230202 -12.047600 17.526001 255 255 255
v 20.230202 -11.996799 19.050001 255 255 255
v 20.230202 -12.047600 17.373600 255 255 255
v 20.179407 -11.996799 19.050001 255 255 255
v 20.789005 -12.250799 19.964399 188 188 188
v 29.425003 8.678802 19.964399 188 188 188
v 20.941406 -12.250799 18.999201 255 255 255
v 21.093807 -12.250799 18.999201 255 255 255
v 20.890604 -12.250799 19.050001 255 255 255
v 21.093807 -12.250799 19.050001 255 255 255
v 20.789005 -12.199999 19.050001 255 255 255
v 23.176607 3.649601 19.964399 188 188 188
v 23.633804 5.529202 19.964399 188 188 188
v 23.278206 4.106802 19.050001 255 255 255
v 21.601807 -12.403200 19.050001 255 255 255
v 21.601807 -12.403200 17.526001 255 255 255
v 21.601807 -12.403200 17.373600 255 255 255
v 21.601807 -12.454000 17.322802 255 255 255
v 21.652603 -12.454000 19.050001 255 255 255
v 21.906603 -12.504800 18.186399 255 255 255
v 21.906603 -12.504800 18.237202 255 255 255
v 19.519005 -10.269599 19.050001 255 255 255
v 25.361006 -7.069200 19.050001 255 255 255
v 25.157803 -7.983600 19.050001 255 255 255
v 25.716604 -5.900799 17.678400 255 255 255
v 19.925407 -8.643999 19.964399 188 188 188
v 25.818203 -5.240400 19.050001 255 255 255
v 25.716604 -5.443599 19.050001 255 255 255
v 19.773005 -9.152000 19.964399 188 188 188
v 26.123005 -4.224399 18.237202 255 255 255
v 26.123005 -4.122799 18.084801 255 255 255
v 20.128603 -11.996799 19.964399 188 188 188
v 26.275406 -3.360799 17.322802 255 255 255
v 19.976202 -11.996799 19.050001 255 255 255
v 26.377005 -3.055999 19.050001 255 255 255
v 26.275406 -3.360799 19.050001 255 255 255
v 26.377005 -3.055999 17.322802 255 255 255
v 20.585808 -12.098400 18.237202 255 255 255
v 21.093807 -12.250799 19.964399 188 188 188
v 21.144604 -12.301600 19.050001 255 255 255
v 26.732603 -1.786000 10.261600 255 255 255
v 26.478603 -2.801999 19.050001 255 255 255
v 26.732603 -1.786000 8.128000 255 255 255
v 27.037405 -0.465199 17.322802 255 255 255
v 27.037405 -0.617599 18.034000 255 255 255
v 27.037405 -0.617599 19.050001 255 255 255
v 21.195406 -12.352400 19.050001 255 255 255
v 26.478603 -2.751199 19.050001 255 255 255
v 26.377005 -3.055999 19.964399 188 188 188
v 26.427807 -2.801999 19.050001 255 255 255
v 21.347807 -12.352400 19.050001 255 255 255
v 27.037405 -0.617599 17.983200 255 255 255
v 27.037405 -0.515999 19.050001 255 255 255
v 27.037405 -0.465199 19.050001 255 255 255
v 24.192606 -11.895200 19.964399 188 188 188
v 24.243402 -11.387200 19.050001 255 255 255
v 24.192606 -11.691999 19.050001 255 255 255
v 24.497402 -10.472799 17.475201 255 255 255
v 24.497402 -10.422000 17.424400 255 255 255
v 24.091007 -12.352400 19.964399 188 188 188
v 23.989403 -12.504800 19.050001 255 255 255
v 27.901003 2.938402 19.050001 255 255 255
v 27.901003 2.938402 18.897600 255 255 255
v 27.748602 2.125602 19.050001 255 255 255
v 21.551004 -2.497200 19.050001 255 255 255
v 26.224604 11.625201 9.855200 255 255 255
v 22.516207 -12.657200 19.050001 255 255 255
v 22.465405 -12.606400 18.999201 255 255 255
v 22.465405 -12.606400 19.050001 255 255 255
v 22.211405 -12.555599 19.964399 188 188 188
v 21.449406 -2.801999 19.050001 255 255 255
v 22.516207 -12.657200 19.964399 188 188 188
v 22.567003 -12.657200 19.050001 255 255 255
v 21.551004 -2.446399 18.999201 255 255 255
v 21.449406 -2.801999 19.964399 188 188 188
v 21.551004 -2.344799 19.964399 188 188 188
v 24.599007 -10.117200 19.050001 255 255 255
v 24.599007 -9.914000 19.964399 188 188 188
v 24.802204 -9.253599 19.050001 255 255 255
v 24.853006 -8.948799 19.050001 255 255 255
v 21.957405 -0.871599 18.135601 255 255 255
v 21.855806 -1.176399 19.050001 255 255 255
v 21.957405 -0.871599 19.050001 255 255 255
v 21.957405 -0.871599 18.542000 255 255 255
v 25.716604 -5.748399 19.050001 255 255 255
v 25.716604 -5.494400 19.050001 255 255 255
v 25.716604 -5.443599 19.964399 188 188 188
v 25.615005 -5.900799 19.964399 188 188 188
v 25.818203 -4.986399 19.964399 188 188 188
v 26.275406 -3.462399 19.964399 188 188 188
v 22.617805 1.668401 19.050001 255 255 255
v 26.021406 -4.325999 19.050001 255 255 255
v 26.326202 -3.106799 19.050001 255 255 255
v 26.478603 -2.598799 19.964399 188 188 188
v 26.681807 -2.141599 19.964399 188 188 188
v 22.109806 -0.414399 19.964399 188 188 188
v 21.551004 -2.395599 19.050001 255 255 255
v 21.754208 -1.582799 17.424400 255 255 255
v 21.398603 -3.106799 19.050001 255 255 255
v 21.347807 -3.157599 19.050001 255 255 255
v 21.297005 -3.360799 19.964399 188 188 188
v 20.789005 -5.138800 19.964399 188 188 188
v 20.789005 -5.291199 19.050001 255 255 255
v 21.093807 -4.072000 19.050001 255 255 255
v 20.687407 -5.646799 17.373600 255 255 255
v 20.636604 -6.002400 19.050001 255 255 255
v 20.687407 -5.646799 19.964399 188 188 188
v 21.957405 -0.820799 18.999201 255 255 255
v 21.957405 -0.820799 19.050001 255 255 255
v 20.585808 -6.053199 19.050001 255 255 255
v 20.535006 -6.205599 19.964399 188 188 188
v 20.433407 -6.764399 19.964399 188 188 188
v 19.925407 -8.593200 19.964399 188 188 188
v 20.179407 -7.628000 19.050001 255 255 255
v 20.230202 -7.577199 19.050001 255 255 255
v 20.484201 -6.408799 19.050001 255 255 255
v 20.179407 -7.678799 19.050001 255 255 255
v 25.157803 -7.983600 19.964399 188 188 188
v 24.700605 -9.406000 19.964399 188 188 188
v 25.107006 -7.983600 19.050001 255 255 255
v 25.361006 -7.119999 19.050001 255 255 255
v 25.462605 -6.764399 19.050001 255 255 255
v 25.615005 -6.205599 18.237202 255 255 255
v 25.259407 -7.526400 19.964399 188 188 188
v 20.535006 -6.358000 19.050001 255 255 255
v 22.414602 0.703200 19.964399 188 188 188
v 22.211405 0.144401 19.964399 188 188 188
v 22.871805 2.481201 19.964399 188 188 188
v 21.246202 -3.462399 17.627600 255 255 255
v 22.922607 2.735201 19.050001 255 255 255
v 22.973404 3.090801 19.964399 188 188 188
v 23.227404 4.056001 19.050001 255 255 255
v 27.596207 1.465201 19.964399 188 188 188
v 27.697805 1.770002 19.964399 188 188 188
v 27.799404 2.227200 19.964399 188 188 188
v 26.275406 -3.411599 17.322802 255 255 255
v 26.123005 -3.970399 17.322802 255 255 255
v 21.144604 -12.301600 17.373600 255 255 255
v 21.144604 -12.301600 17.475201 255 255 255
v 21.144604 -12.352400 17.322802 255 255 255
v 19.265005 -11.691999 19.050001 255 255 255
v 19.265005 -11.742800 19.050001 255 255 255
v 23.989403 -12.504800 18.948400 255 255 255
v 23.735403 5.986402 17.322802 255 255 255
v 23.837002 6.392801 19.050001 255 255 255
v 23.735403 5.986402 19.964399 188 188 188
v 23.786205 6.037201 19.050001 255 255 255
v 28.612207 5.580001 9.499600 255 255 255
v 24.497402 -10.422000 16.256001 255 255 255
v 24.497402 -10.422000 0.711200 255 255 255
v 29.679003 10.660001 19.964399 188 188 188
v 24.649803 9.542401 10.871201 255 255 255
v 24.649803 9.542401 11.125200 255 255 255
v 24.497402 8.983601 17.018000 255 255 255

v 20.687407 -12.149199 20.472401 188 188 188
v 20.789005 -12.250799 19.964399 188 188 188
v 21.093807 -12.250799 19.964399 188 188 188
v 21.195406 -12.352400 19.964399 188 188 188
v 21.195406 -12.352400 20.472401 188 188 188
v 21.195406 -12.352400 20.472401 188 188 188
v 21.347807 -12.352400 19.964399 188 188 188
v 21.195406 -12.352400 20.472401 188 188 188
v 21.652603 -12.454000 19.964399 188 188 188
v 21.652603 -12.454000 20.472401 188 188 188
v 21.195406 -12.352400 20.472401 188 188 188
v 21.195406 -12.352400 20.472401 188 188 188
v 19.925407 -8.643999 20.472401 188 188 188
v 20.687407 -12.149199 20.472401 188 188 188
v 20.687407 -12.149199 20.472401 188 188 188
v 19.925407 -8.643999 20.472401 188 188 188
v 20.230202 -12.047600 20.472401 188 188 188
v 19.925407 -8.643999 20.472401 188 188 188
v 19.925407 -8.643999 20.472401 188 188 188
v 19.773005 -11.996799 20.472401 188 188 188
v 19.773005 -11.996799 20.472401 188 188 188
v 19.214203 -11.590400 20.472401 188 188 188
v 19.773005 -11.996799 20.472401 188 188 188
v 19.265005 -11.691999 20.472401 188 188 188
v 19.773005 -11.996799 20.472401 188 188 188
v 19.366604 -11.793599 20.472401 188 188 188
v 19.773005 -11.996799 19.964399 188 188 188
v 19.773005 -11.996799 20.472401 188 188 188
v 19.773005 -11.996799 20.472401 188 188 188
v 19.874603 -11.996799 19.964399 188 188 188
v 20.230202 -12.047600 20.472401 188 188 188
v 20.128603 -11.996799 19.964399 188 188 188
v 20.230202 -12.047600 19.964399 188 188 188
v 20.230202 -12.047600 20.472401 188 188 188
v 20.687407 -12.149199 19.964399 188 188 188
v 20.230202 -12.047600 20.472401 188 188 188
v 20.331808 -12.047600 19.964399 188 188 188
v 19.265005 -11.691999 20.472401 188 188 188
v 19.265005 -11.691999 19.964399 188 188 188
v 19.265005 -11.793599 20.472401 188 188 188
v 19.265005 -11.691999 20.472401 188 188 188
v 19.265005 -11.691999 19.964399 188 188 188
v 19.265005 -11.691999 19.964399 188 188 188
v 19.214203 -11.691999 20.472401 188 188 188
v 19.214203 -11.691999 19.964399 188 188 188
v 19.214203 -11.691999 20.472401 188 188 188
v 19.214203 -11.590400 20.472401 188 188 188
v 19.214203 -11.590400 20.472401 188 188 188
v 19.214203 -11.691999 19.964399 188 188 188
v 22.770206 -12.707999 19.964399 188 188 188
v 22.617805 -12.657200 20.472401 188 188 188
v 22.617805 -12.657200 19.964399 188 188 188
v 22.617805 -12.657200 20.472401 188 188 188
v 22.516207 -12.657200 19.964399 188 188 188
v 22.617805 -12.657200 20.472401 188 188 188
v 22.516207 -12.657200 19.964399 188 188 188
v 22.109806 -12.555599 20.472401 188 188 188
v 22.211405 -12.555599 19.964399 188 188 188
v 22.109806 -12.555599 20.472401 188 188 188
v 22.109806 -12.555599 20.472401 188 188 188
v 22.617805 -12.657200 20.472401 188 188 188
v 24.497402 -10.371200 20.472401 188 188 188
v 22.617805 -12.657200 20.472401 188 188 188
v 24.497402 -10.371200 20.472401 188 188 188
v 23.075003 -12.707999 20.472401 188 188 188
v 24.497402 -10.371200 20.472401 188 188 188
v 23.938606 -12.707999 20.472401 188 188 188
v 24.497402 -10.371200 19.964399 188 188 188
v 24.497402 -10.371200 20.472401 188 188 188
v 24.497402 -10.371200 20.472401 188 188 188
v 24.599007 -9.914000 19.964399 188 188 188
v 25.157803 -7.983600 19.964399 188 188 188
v 25.157803 -7.983600 20.472401 188 188 188
v 24.497402 -10.371200 20.472401 188 188 188
v 25.157803 -7.983600 20.472401 188 188 188
v 19.925407 -8.643999 20.472401 188 188 188
v 24.497402 -10.371200 20.472401 188 188 188
v 19.925407 -8.643999 20.472401 188 188 188
v 25.157803 -7.983600 20.472401 188 188 188
v 19.925407 -8.643999 20.472401 188 188 188
v 20.687407 -5.646799 20.472401 188 188 188
v 20.687407 -5.646799 20.472401 188 188 188
v 25.157803 -7.983600 20.472401 188 188 188
v 25.716604 -5.443599 20.472401 188 188 188
v 25.157803 -7.983600 20.472401 188 188 188
v 25.716604 -5.443599 20.472401 188 188 188
v 25.615005 -5.900799 19.964399 188 188 188
v 25.716604 -5.443599 19.964399 188 188 188
v 25.716604 -5.443599 20.472401 188 188 188
v 25.716604 -5.443599 20.472401 188 188 188
v 25.818203 -4.986399 19.964399 188 188 188
v 26.478603 -2.598799 19.964399 188 188 188
v 26.377005 -3.055999 20.472401 188 188 188
v 26.377005 -3.055999 20.472401 188 188 188
v 26.681807 -2.141599 19.964399 188 188 188
v 27.037405 -0.617599 19.964399 188 188 188
v 26.377005 -3.055999 20.472401 188 188 188
v 27.037405 -0.617599 20.472401 188 188 188
v 26.377005 -3.055999 20.472401 188 188 188
v 26.377005 -3.055999 20.472401 188 188 188
v 22.211405 0.144401 20.472401 188 188 188
v 21.449406 -2.801999 20.472401 188 188 188
v 22.211405 0.144401 20.472401 188 188 188
v 21.551004 -2.344799 19.964399 188 188 188
v 22.211405 0.144401 20.472401 188 188 188
v 21.449406 -2.801999 20.472401 188 188 188
v 21.449406 -2.801999 20.472401 188 188 188
v 21.297005 -3.360799 19.964399 188 188 188
v 20.789005 -5.138800 19.964399 188 188 188
v 20.687407 -5.646799 20.472401 188 188 188
v 21.449406 -2.801999 20.472401 188 188 188
v 20.687407 -5.646799 20.472401 188 188 188
v 20.789005 -5.138800 19.964399 188 188 188
v 22.211405 0.144401 20.472401 188 188 188
v 22.414602 0.703200 19.964399 188 188 188
v 22.211405 0.144401 20.472401 188 188 188
v 22.414602 0.703200 19.964399 188 188 188
v 22.973404 3.090801 20.472401 188 188 188
v 20.687407 -5.646799 20.472401 188 188 188
v 20.687407 -5.646799 19.964399 188 188 188
v 20.535006 -6.205599 19.964399 188 188 188
v 20.687407 -5.646799 20.472401 188 188 188
v 22.211405 0.144401 19.964399 188 188 188
v 22.109806 -0.414399 19.964399 188 188 188
v 22.211405 0.144401 20.472401 188 188 188
v 21.449406 -2.801999 19.964399 188 188 188
v 21.449406 -2.801999 20.472401 188 188 188
v 21.551004 -2.344799 19.964399 188 188 188
v 26.377005 -3.055999 20.472401 188 188 188
v 21.449406 -2.801999 20.472401 188 188 188
v 25.716604 -5.443599 20.472401 188 188 188
v 22.211405 0.144401 20.472401 188 188 188
v 27.037405 -0.617599 20.472401 188 188 188
v 22.973404 3.090801 20.472401 188 188 188
v 22.973404 3.090801 20.472401 188 188 188
v 27.037405 -0.617599 20.472401 188 188 188
v 27.697805 1.770002 20.472401 188 188 188
v 27.037405 -0.617599 20.472401 188 188 188
v 27.596207 1.465201 19.964399 188 188 188
v 27.037405 -0.617599 20.472401 188 188 188
v 28.866207 6.646801 20.472401 188 188 188
v 28.866207 6.646801 19.964399 188 188 188
v 28.866207 6.646801 19.964399 188 188 188
v 28.866207 6.443600 20.218401 188 188 188
v 28.866207 6.443600 19.964399 188 188 188
v 28.866207 6.189600 19.964399 188 188 188
v 28.866207 6.443600 20.218401 188 188 188
v 28.866207 6.443600 20.218401 188 188 188
v 28.866207 6.189600 19.964399 188 188 188
v 28.866207 1.770002 20.472401 188 188 188
v 28.866207 1.465201 19.964399 188 188 188
v 28.866207 1.770002 20.472401 188 188 188
v 28.866207 1.008001 19.964399 188 188 188
v 28.917002 -0.515999 19.964399 188 188 188
v 28.917002 -0.617599 20.472401 188 188 188
v 28.917002 -0.617599 19.964399 188 188 188
v 28.917002 -0.617599 20.472401 188 188 188
v 28.917002 -1.074799 19.964399 188 188 188
v 28.917002 -0.617599 20.472401 188 188 188
v 28.917002 -1.481199 19.964399 188 188 188
v 28.917002 -3.055999 19.964399 188 188 188
v 28.917002 -0.617599 20.472401 188 188 188
v 28.917002 -3.055999 20.472401 188 188 188
v 28.917002 -0.617599 20.472401 188 188 188
v 29.120207 7.815201 20.472401 188 188 188
v 28.866207 1.770002 20.472401 188 188 188
v 28.917002 -0.617599 20.472401 188 188 188
v 28.866207 1.770002 20.472401 188 188 188
v 29.120207 7.815201 20.472401 188 188 188
v 28.866207 4.310000 20.472401 188 188 188
v 28.866207 1.770002 20.472401 188 188 188
v 28.866207 4.310000 20.472401 188 188 188
v 28.866207 2.227200 19.964399 188 188 188
v 28.866207 4.310000 20.472401 188 188 188
v 28.866207 3.852800 19.964399 188 188 188
v 28.866207 4.310000 19.964399 188 188 188
v 28.866207 4.310000 20.472401 188 188 188
v 28.866207 6.646801 20.472401 188 188 188
v 28.866207 6.646801 20.472401 188 188 188
v 28.866207 5.834001 19.964399 188 188 188
v 28.866207 4.310000 19.964399 188 188 188
v 28.866207 4.310000 20.472401 188 188 188
v 29.120207 7.815201 20.472401 188 188 188
v 28.866207 6.646801 20.472401 188 188 188
v 29.120207 7.815201 20.472401 188 188 188
v 28.866207 6.646801 20.472401 188 188 188
v 28.866207 6.646801 20.472401 188 188 188
v 24.497402 8.932801 20.472401 188 188 188
v 23.735403 5.986402 20.472401 188 188 188
v 24.497402 8.932801 20.472401 188 188 188
v 23.938606 6.494401 19.964399 188 188 188
v 24.497402 8.932801 20.472401 188 188 188
v 29.780607 7.916801 19.964399 188 188 188
v 29.882206 7.916801 20.472401 188 188 188
v 30.542606 7.815201 19.964399 188 188 188
v 30.644205 7.815201 20.472401 188 188 188
v 31.965006 7.815201 19.964399 188 188 188
v 32.422203 7.815201 20.828001 188 188 188
v 28.917002 -10.371200 20.472401 188 188 188
v 28.917002 -10.828400 19.964399 188 188 188
v 28.917002 -10.371200 20.472401 188 188 188
v 28.917002 -12.352400 19.964399 188 188 188
v 28.917002 -12.707999 20.472401 188 188 188
v 28.917002 -10.371200 20.472401 188 188 188
v 28.917002 -10.371200 20.472401 188 188 188
v 29.120207 -12.707999 20.472401 188 188 188
v 28.917002 -7.983600 20.472401 188 188 188
v 29.120207 -12.707999 20.472401 188 188 188
v 28.917002 -7.983600 20.472401 188 188 188
v 28.917002 -5.443599 20.472401 188 188 188
v 28.917002 -5.443599 20.472401 188 188 188
v 28.917002 -7.983600 19.964399 188 188 188
v 28.917002 -7.983600 20.472401 188 188 188
v 28.917002 -7.983600 20.472401 188 188 188
v 28.917002 -8.745599 19.964399 188 188 188
v 28.917002 -10.371200 19.964399 188 188 188
v 28.917002 -3.055999 20.472401 188 188 188
v 28.917002 -3.055999 20.472401 188 188 188
v 28.917002 -3.919599 19.964399 188 188 188
v 28.917002 -5.443599 19.964399 188 188 188
v 28.917002 -5.443599 20.472401 188 188 188
v 28.917002 -3.055999 20.472401 188 188 188
v 28.917002 -5.443599 20.472401 188 188 188
v 28.917002 -5.443599 19.964399 188 188 188
v 28.917002 -5.443599 20.472401 188 188 188
v 28.917002 -6.002400 19.964399 188 188 188
v 28.917002 -6.408799 19.964399 188 188 188
v 28.917002 -7.983600 20.472401 188 188 188
v 28.917002 -7.983600 19.964399 188 188 188
v 28.917002 -8.288399 19.964399 188 188 188
v 28.917002 -5.443599 20.472401 188 188 188
v 29.120207 -12.707999 20.472401 188 188 188
v 28.917002 -3.055999 20.472401 188 188 188
v 29.120207 -12.707999 20.472401 188 188 188
v 28.917002 -12.707999 20.472401 188 188 188
v 28.917002 -10.371200 19.964399 188 188 188
v 28.917002 -10.371200 20.472401 188 188 188
v 28.917002 -7.983600 20.472401 188 188 188
v 28.917002 -12.707999 20.472401 188 188 188
v 28.917002 -12.352400 19.964399 188 188 188
v 28.917002 -12.707999 19.964399 188 188 188
v 29.018608 -12.707999 19.964399 188 188 188
v 28.917002 -12.707999 20.472401 188 188 188
v 29.018608 -12.707999 19.964399 188 188 188
v 29.120207 -12.707999 20.472401 188 188 188
v 29.679003 -12.707999 19.964399 188 188 188
v 29.120207 -12.707999 20.472401 188 188 188
v 30.187008 -12.707999 19.964399 188 188 188
v 29.120207 -12.707999 20.472401 188 188 188
v 29.120207 -12.707999 20.472401 188 188 188
v 32.168201 -12.707999 19.964399 188 188 188
v 32.168201 -12.707999 19.964399 188 188 188
v 32.168201 -12.707999 20.472401 188 188 188
v 32.269802 -12.707999 19.964399 188 188 188
v 32.168201 -12.707999 20.472401 188 188 188
v 32.168201 -12.707999 20.472401 188 188 188
v 32.422203 -12.707999 19.964399 188 188 188
v 32.422203 -12.707999 20.828001 188 188 188
v 32.168201 -12.707999 20.472401 188 188 188
v 32.422203 7.815201 20.828001 188 188 188
v 29.120207 -12.707999 20.828001 188 188 188
v 32.422203 -12.707999 20.828001 188 188 188
v 32.422203 7.815201 20.828001 188 188 188
v 32.422203 -12.707999 20.828001 188 188 188
v 32.422203 2.024001 19.964399 188 188 188
v 32.422203 -12.707999 20.828001 188 188 188
v 29.120207 -12.707999 20.828001 188 188 188
v 32.422203 7.815201 20.828001 188 188 188
v 29.120207 7.815201 20.828001 188 188 188
v 29.120207 7.815201 20.472401 188 188 188
v 29.120207 -12.707999 20.828001 188 188 188
v 29.120207 -12.707999 20.472401 188 188 188
v 29.120207 -12.707999 20.828001 188 188 188
v 29.120207 7.815201 20.472401 188 188 188
v 29.120207 7.815201 20.472401 188 188 188
v 29.120207 7.815201 20.828001 188 188 188
v 29.120207 7.815201 20.472401 188 188 188
v 30.339403 7.815201 20.472401 188 188 188
v 29.882206 7.916801 20.472401 188 188 188
v 29.120207 7.815201 20.472401 188 188 188
v 29.882206 7.916801 20.472401 188 188 188
v 29.120207 7.815201 20.472401 188 188 188
v 29.526608 7.916801 20.472401 188 188 188
v 29.526608 7.916801 20.472401 188 188 188
v 29.221806 7.916801 20.472401 188 188 188
v 29.221806 7.916801 19.964399 188 188 188
v 29.221806 7.916801 20.472401 188 188 188
v 29.221806 7.916801 20.472401 188 188 188
v 29.221806 8.018401 19.964399 188 188 188
v 29.679003 9.593201 19.964399 188 188 188
v 29.577404 9.593201 20.472401 188 188 188
v 29.577404 9.593201 20.472401 188 188 188
v 29.577404 9.593201 19.964399 188 188 188
v 29.577404 9.593201 19.964399 188 188 188
v 29.526608 9.237600 20.472401 188 188 188
v 29.221806 8.272401 19.964399 188 188 188
v 29.221806 8.272401 20.472401 188 188 188
v 29.323404 8.374002 19.964399 188 188 188
v 29.323404 8.577202 19.964399 188 188 188
v 29.221806 8.272401 20.472401 188 188 188
v 29.323404 8.577202 20.472401 188 188 188
v 24.497402 8.932801 20.472401 188 188 188
v 29.221806 8.272401 20.472401 188 188 188
v 29.221806 8.272401 20.472401 188 188 188
v 24.497402 8.932801 20.472401 188 188 188
v 29.221806 7.916801 20.472401 188 188 188
v 24.497402 8.932801 20.472401 188 188 188
v 29.323404 8.577202 20.472401 188 188 188
v 29.425003 8.932801 20.472401 188 188 188
v 29.323404 8.577202 20.472401 188 188 188
v 29.425003 8.932801 19.964399 188 188 188
v 29.323404 8.577202 20.472401 188 188 188
v 29.425003 8.932801 20.472401 188 188 188
v 29.526608 9.237600 19.964399 188 188 188
v 29.526608 9.237600 20.472401 188 188 188
v 29.425003 8.932801 20.472401 188 188 188
v 29.425003 8.729601 19.964399 188 188 188
v 29.323404 8.577202 20.472401 188 188 188
v 29.425003 8.932801 19.964399 188 188 188
v 29.425003 9.034402 19.964399 188 188 188
v 29.425003 8.932801 20.472401 188 188 188
v 29.526608 9.237600 20.472401 188 188 188
v 24.497402 8.932801 20.472401 188 188 188
v 29.425003 8.932801 20.472401 188 188 188
v 24.497402 8.932801 20.472401 188 188 188
v 29.526608 9.237600 20.472401 188 188 188
v 24.497402 8.932801 20.472401 188 188 188
v 28.104208 11.117201 20.472401 188 188 188
v 24.497402 8.932801 20.472401 188 188 188
v 27.037405 11.422001 20.472401 188 188 188
v 24.497402 8.932801 20.472401 188 188 188
v 25.818203 11.676001 20.472401 188 188 188
v 24.497402 8.932801 20.472401 188 188 188
v 25.259407 11.879202 20.472401 188 188 188
v 24.497402 8.932801 19.964399 188 188 188
v 25.259407 11.879202 20.472401 188 188 188
v 25.259407 11.879202 20.472401 188 188 188
v 25.157803 11.320401 19.964399 188 188 188
v 24.954605 10.761600 19.964399 188 188 188
v 25.259407 11.879202 20.472401 188 188 188
v 25.259407 11.879202 20.472401 188 188 188
v 25.818203 11.676001 20.472401 188 188 188
v 25.361006 11.777601 19.964399 188 188 188
v 25.818203 11.676001 20.472401 188 188 188
v 28.104208 11.117201 20.472401 188 188 188
v 28.256601 11.117201 19.964399 188 188 188
v 28.104208 11.117201 20.472401 188 188 188
v 28.256601 11.117201 19.964399 188 188 188
v 28.663002 10.914001 20.472401 188 188 188
v 29.018608 10.812402 19.964399 188 188 188
v 29.221806 10.761600 20.472401 188 188 188
v 29.120207 10.812402 19.964399 188 188 188
v 29.221806 10.761600 20.472401 188 188 188
v 29.679003 10.660001 19.964399 188 188 188
v 29.780607 10.660001 20.472401 188 188 188
v 29.780607 10.660001 20.472401 188 188 188
v 29.780607 10.660001 19.964399 188 188 188
v 29.780607 10.660001 19.964399 188 188 188
v 29.780607 10.558402 20.472401 188 188 188
v 29.780607 10.558402 19.964399 188 188 188
v 29.780607 10.558402 20.472401 188 188 188
v 29.882206 10.558402 20.472401 188 188 188
v 29.780607 10.558402 20.472401 188 188 188
v 29.780607 10.558402 20.472401 188 188 188
v 29.221806 10.761600 20.472401 188 188 188
v 29.780607 10.253601 20.472401 188 188 188
v 29.780607 10.253601 20.472401 188 188 188
v 29.221806 10.761600 20.472401 188 188 188
v 29.780607 10.253601 20.472401 188 188 188
v 29.679003 9.898002 20.472401 188 188 188
v 29.780607 10.253601 19.964399 188 188 188
v 29.679003 9.898002 20.472401 188 188 188
v 29.679003 9.999601 19.964399 188 188 188
v 29.679003 9.898002 20.472401 188 188 188
v 29.679003 9.898002 20.472401 188 188 188
v 29.577404 9.593201 20.472401 188 188 188
v 29.679003 9.898002 19.964399 188 188 188
v 29.679003 9.898002 20.472401 188 188 188
v 28.663002 10.914001 20.472401 188 188 188
v 29.577404 9.593201 20.472401 188 188 188
v 29.780607 10.253601 20.472401 188 188 188
v 29.780607 10.253601 19.964399 188 188 188
v 29.780607 10.253601 20.472401 188 188 188
v 29.780607 10.355202 19.964399 188 188 188
v 29.780607 10.253601 20.472401 188 188 188
v 29.882206 10.456801 19.964399 188 188 188
v 29.882206 10.456801 19.964399 188 188 188
v 29.882206 10.456801 20.472401 188 188 188
v 29.882206 10.558402 20.472401 188 188 188
v 29.882206 10.456801 20.472401 188 188 188
v 29.882206 10.558402 19.964399 188 188 188
v 28.663002 10.914001 20.472401 188 188 188
v 29.679003 9.898002 20.472401 188 188 188
v 29.221806 10.761600 20.472401 188 188 188
v 29.882206 10.558402 20.472401 188 188 188
v 29.780607 10.253601 20.472401 188 188 188
v 29.882206 10.456801 20.472401 188 188 188
v 29.780607 10.558402 19.964399 188 188 188
v 29.882206 10.558402 20.472401 188 188 188
v 29.882206 10.558402 19.964399 188 188 188
v 29.221806 10.761600 20.472401 188 188 188
v 29.780607 10.558402 20.472401 188 188 188
v 29.780607 10.660001 20.472401 188 188 188
v 29.780607 10.660001 20.472401 188 188 188
v 29.323404 10.761600 19.964399 188 188 188
v 29.221806 10.761600 20.472401 188 188 188
v 29.221806 10.761600 19.964399 188 188 188
v 29.221806 10.761600 20.472401 188 188 188
v 29.323404 10.761600 19.964399 188 188 188
v 29.221806 10.761600 20.472401 188 188 188
v 28.663002 10.914001 19.964399 188 188 188
v 28.663002 10.914001 20.472401 188 188 188
v 28.663002 10.914001 19.964399 188 188 188
v 28.561405 11.015600 19.964399 188 188 188
v 28.663002 10.914001 20.472401 188 188 188
v 28.104208 11.117201 20.472401 188 188 188
v 28.104208 11.117201 19.964399 188 188 188
v 28.104208 11.117201 20.472401 188 188 188
v 27.901003 11.117201 19.964399 188 188 188
v 27.037405 11.422001 20.472401 188 188 188
v 27.240602 11.320401 19.964399 188 188 188
v 29.526608 7.916801 20.472401 188 188 188
v 29.526608 7.916801 19.964399 188 188 188
v 27.037405 11.422001 20.472401 188 188 188
v 27.037405 11.422001 19.964399 188 188 188
v 27.037405 11.422001 20.472401 188 188 188
v 26.783405 11.422001 19.964399 188 188 188
v 25.818203 11.676001 20.472401 188 188 188
v 26.021406 11.676001 19.964399 188 188 188
v 25.716604 11.676001 19.964399 188 188 188
v 25.818203 11.676001 20.472401 188 188 188
v 25.818203 11.676001 19.964399 188 188 188
v 26.021406 11.676001 19.964399 188 188 188
v 25.818203 11.676001 20.472401 188 188 188
v 27.037405 11.422001 20.472401 188 188 188
v 27.240602 11.320401 19.964399 188 188 188
v 27.037405 11.422001 20.472401 188 188 188
v 28.104208 11.117201 20.472401 188 188 188
v 28.104208 11.117201 20.472401 188 188 188
v 29.526608 9.237600 20.472401 188 188 188
v 28.663002 10.914001 20.472401 188 188 188
v 29.323404 8.577202 19.964399 188 188 188
v 29.425003 8.678802 19.964399 188 188 188
v 29.323404 8.577202 20.472401 188 188 188
v 29.526608 9.237600 19.964399 188 188 188
v 29.526608 9.339201 19.964399 188 188 188
v 29.526608 9.237600 20.472401 188 188 188
v 29.577404 9.593201 20.472401 188 188 188
v 28.663002 10.914001 20.472401 188 188 188
v 29.526608 9.237600 20.472401 188 188 188
v 29.679003 9.898002 19.964399 188 188 188
v 29.577404 9.593201 20.472401 188 188 188
v 29.679003 9.694800 19.964399 188 188 188
v 29.221806 8.272401 19.964399 188 188 188
v 29.221806 8.272401 20.472401 188 188 188
v 29.221806 7.916801 20.472401 188 188 188
v 29.221806 7.916801 19.964399 188 188 188
v 29.526608 7.916801 20.472401 188 188 188
v 29.425003 7.916801 19.964399 188 188 188
v 30.339403 7.815201 20.472401 188 188 188
v 29.120207 7.815201 20.828001 188 188 188
v 30.644205 7.815201 20.472401 188 188 188
v 32.422203 7.815201 20.828001 188 188 188
v 30.644205 7.815201 20.472401 188 188 188
v 29.120207 7.815201 20.828001 188 188 188
v 29.120207 -12.707999 20.472401 188 188 188
v 32.168201 -12.707999 20.472401 188 188 188
v 29.120207 -12.707999 20.828001 188 188 188
v 32.422203 -12.707999 19.964399 188 188 188
v 32.422203 -8.288399 19.964399 188 188 188
v 32.422203 -12.707999 20.828001 188 188 188
v 32.422203 7.815201 20.828001 188 188 188
v 32.422203 2.024001 19.964399 188 188 188
v 32.422203 7.815201 19.964399 188 188 188
v 32.422203 7.815201 20.828001 188 188 188
v 30.999804 7.815201 19.964399 188 188 188
v 30.644205 7.815201 20.472401 188 188 188
v 30.644205 7.815201 19.964399 188 188 188
v 30.644205 7.815201 20.472401 188 188 188
v 30.999804 7.815201 19.964399 188 188 188
v 30.644205 7.815201 20.472401 188 188 188
v 30.339403 7.815201 19.964399 188 188 188
v 30.339403 7.815201 20.472401 188 188 188
v 30.339403 7.815201 20.472401 188 188 188
v 30.339403 7.815201 19.964399 188 188 188
v 30.187008 7.815201 19.964399 188 188 188
v 30.339403 7.815201 20.472401 188 188 188
v 29.882206 7.916801 19.964399 188 188 188
v 30.339403 7.815201 20.472401 188 188 188
v 30.187008 7.916801 19.964399 188 188 188
v 30.339403 7.815201 20.472401 188 188 188
v 29.882206 7.916801 19.964399 188 188 188
v 29.882206 7.916801 20.472401 188 188 188
v 29.882206 7.916801 20.472401 188 188 188
v 29.526608 7.916801 19.964399 188 188 188
v 29.526608 7.916801 20.472401 188 188 188
v 25.361006 11.777601 19.964399 188 188 188
v 25.259407 11.879202 19.964399 188 188 188
v 25.259407 11.879202 20.472401 188 188 188
v 23.735403 5.986402 20.472401 188 188 188
v 24.497402 8.932801 19.964399 188 188 188
v 24.395803 8.475601 19.964399 188 188 188
v 24.497402 8.932801 20.472401 188 188 188
v 23.735403 5.986402 19.964399 188 188 188
v 23.735403 5.986402 20.472401 188 188 188
v 23.938606 6.494401 19.964399 188 188 188
v 28.866207 6.646801 20.472401 188 188 188
v 23.735403 5.986402 20.472401 188 188 188
v 22.973404 3.090801 20.472401 188 188 188
v 28.256601 4.310000 20.472401 188 188 188
v 23.735403 5.986402 20.472401 188 188 188
v 22.973404 3.090801 20.472401 188 188 188
v 23.735403 5.986402 20.472401 188 188 188
v 29.221806 7.916801 20.472401 188 188 188
v 24.497402 8.932801 20.472401 188 188 188
v 29.120207 7.815201 20.472401 188 188 188
v 29.120207 7.815201 20.472401 188 188 188
v 28.917002 -3.055999 20.472401 188 188 188
v 29.120207 -12.707999 20.472401 188 188 188
v 28.917002 -3.055999 20.472401 188 188 188
v 28.917002 -3.055999 19.964399 188 188 188
v 28.917002 -3.462399 19.964399 188 188 188
v 28.917002 -0.515999 19.964399 188 188 188
v 28.917002 -0.617599 20.472401 188 188 188
v 28.866207 1.770002 20.472401 188 188 188
v 28.866207 1.770002 19.964399 188 188 188
v 28.866207 1.770002 20.472401 188 188 188
v 28.866207 2.227200 19.964399 188 188 188
v 28.866207 6.646801 20.472401 188 188 188
v 28.866207 6.443600 20.218401 188 188 188
v 28.866207 5.834001 19.964399 188 188 188
v 28.866207 6.189600 19.964399 188 188 188
v 28.866207 6.646801 20.472401 188 188 188
v 28.256601 4.310000 20.472401 188 188 188
v 28.866207 6.189600 19.964399 188 188 188
v 28.256601 4.310000 20.472401 188 188 188
v 28.459806 4.665601 19.964399 188 188 188
v 28.256601 4.310000 20.472401 188 188 188
v 28.256601 4.310000 20.472401 188 188 188
v 28.256601 4.310000 19.964399 188 188 188
v 28.205807 3.852800 19.964399 188 188 188
v 28.256601 4.310000 20.472401 188 188 188
v 27.697805 1.770002 20.472401 188 188 188
v 28.205807 3.852800 19.964399 188 188 188
v 27.697805 1.770002 20.472401 188 188 188
v 27.799404 2.227200 19.964399 188 188 188
v 27.697805 1.770002 20.472401 188 188 188
v 27.139004 -0.058799 19.964399 188 188 188
v 27.037405 -0.617599 20.472401 188 188 188
v 27.697805 1.770002 20.472401 188 188 188
v 27.596207 1.465201 19.964399 188 188 188
v 27.697805 1.770002 19.964399 188 188 188
v 28.256601 4.310000 20.472401 188 188 188
v 22.973404 3.090801 20.472401 188 188 188
v 27.697805 1.770002 20.472401 188 188 188
v 27.037405 -0.617599 19.964399 188 188 188
v 27.037405 -0.515999 19.964399 188 188 188
v 27.037405 -0.617599 20.472401 188 188 188
v 26.377005 -3.055999 20.472401 188 188 188
v 26.275406 -3.462399 19.964399 188 188 188
v 26.377005 -3.055999 19.964399 188 188 188
v 26.275406 -3.462399 19.964399 188 188 188
v 26.377005 -3.055999 20.472401 188 188 188
v 25.716604 -5.443599 20.472401 188 188 188
v 20.687407 -5.646799 20.472401 188 188 188
v 25.716604 -5.443599 20.472401 188 188 188
v 21.449406 -2.801999 20.472401 188 188 188
v 25.615005 -5.900799 19.964399 188 188 188
v 25.157803 -7.983600 20.472401 188 188 188
v 25.259407 -7.526400 19.964399 188 188 188
v 23.176607 3.649601 19.964399 188 188 188
v 23.735403 5.986402 20.472401 188 188 188
v 23.633804 5.529202 19.964399 188 188 188
v 23.176607 3.649601 19.964399 188 188 188
v 22.973404 3.090801 20.472401 188 188 188
v 22.973404 3.090801 20.472401 188 188 188
v 22.973404 3.090801 19.964399 188 188 188
v 22.871805 2.481201 19.964399 188 188 188
v 25.157803 -7.983600 19.964399 188 188 188
v 24.497402 -10.371200 20.472401 188 188 188
v 24.700605 -9.406000 19.964399 188 188 188
v 24.497402 -10.371200 19.964399 188 188 188
v 23.938606 -12.707999 20.472401 188 188 188
v 24.192606 -11.895200 19.964399 188 188 188
v 23.938606 -12.707999 20.472401 188 188 188
v 23.938606 -12.707999 20.472401 188 188 188
v 23.075003 -12.707999 20.472401 188 188 188
v 24.497402 -10.371200 20.472401 188 188 188
v 21.652603 -12.454000 20.472401 188 188 188
v 22.109806 -12.555599 20.472401 188 188 188
v 22.109806 -12.555599 20.472401 188 188 188
v 21.652603 -12.454000 20.472401 188 188 188
v 23.075003 -12.707999 20.472401 188 188 188
v 22.617805 -12.657200 20.472401 188 188 188
v 23.075003 -12.707999 19.964399 188 188 188
v 23.075003 -12.707999 19.964399 188 188 188
v 23.075003 -12.707999 20.472401 188 188 188
v 23.176607 -12.707999 19.964399 188 188 188
v 23.075003 -12.707999 20.472401 188 188 188
v 23.379805 -12.707999 19.964399 188 188 188
v 23.938606 -12.707999 19.964399 188 188 188
v 23.075003 -12.707999 20.472401 188 188 188
v 23.938606 -12.707999 19.964399 188 188 188
v 24.091007 -12.352400 19.964399 188 188 188
v 23.938606 -12.707999 20.472401 188 188 188
v 19.925407 -8.593200 19.964399 188 188 188
v 20.687407 -5.646799 20.472401 188 188 188
v 20.433407 -6.764399 19.964399 188 188 188
v 19.925407 -8.593200 19.964399 188 188 188
v 19.925407 -8.643999 20.472401 188 188 188
v 19.925407 -8.643999 20.472401 188 188 188
v 19.925407 -8.643999 19.964399 188 188 188
v 19.925407 -8.643999 20.472401 188 188 188
v 19.773005 -9.152000 19.964399 188 188 188
v 19.366604 -11.031600 19.964399 188 188 188
v 19.214203 -11.590400 19.964399 188 188 188
v 19.214203 -11.590400 20.472401 188 188 188
v 19.265005 -11.793599 19.964399 188 188 188
v 19.265005 -11.793599 20.472401 188 188 188
v 19.366604 -11.793599 20.472401 188 188 188
v 19.265005 -11.793599 20.472401 188 188 188
v 19.366604 -11.793599 19.964399 188 188 188
v 19.366604 -11.793599 20.472401 188 188 188
v 19.366604 -11.793599 19.964399 188 188 188
v 19.468203 -11.895200 19.964399 188 188 188
v 19.366604 -11.793599 20.472401 188 188 188
v 19.569801 -11.895200 19.964399 188 188 188
v 19.773005 -11.996799 19.964399 188 188 188
v 19.366604 -11.793599 20.472401 188 188 188
v 19.366604 -11.793599 20.472401 188 188 188
v 19.265005 -11.691999 20.472401 188 188 188
v 19.265005 -11.793599 20.472401 188 188 188
v 19.214203 -11.691999 20.472401 188 188 188
v 19.265005 -11.691999 20.472401 188 188 188
v 19.214203 -11.590400 20.472401 188 188 188
v 19.366604 -11.031600 19.964399 188 188 188
v 19.214203 -11.590400 20.472401 188 188 188
v 19.925407 -8.643999 20.472401 188 188 188
v 20.128603 -11.996799 19.964399 188 188 188
v 20.230202 -12.047600 20.472401 188 188 188
v 19.773005 -11.996799 20.472401 188 188 188
v 24.497402 -10.371200 20.472401 188 188 188
v 19.925407 -8.643999 20.472401 188 188 188
v 21.652603 -12.454000 20.472401 188 188 188
v 21.093807 -12.250799 19.964399 188 188 188
v 21.195406 -12.352400 20.472401 188 188 188
v 20.687407 -12.149199 20.472401 188 188 188
v 20.687407 -12.149199 19.964399 188 188 188
v 20.687407 -12.149199 20.472401 188 188 188
v 20.230202 -12.047600 20.472401 188 188 188
v 22.008207 -12.555599 19.964399 188 188 188
v 21.652603 -12.454000 20.472401 188 188 188
v 21.652603 -12.454000 19.964399 188 188 188
v 22.008207 -12.555599 19.964399 188 188 188
v 22.109806 -12.555599 19.964399 188 188 188
v 22.109806 -12.555599 20.472401 188 188 188

f 852 1002 1485
f 1519 1635 1636
f 1637 957 836
f 1638 958 1639
f 1219 1640 1641
f 835 1642 1643
f 1644 832 1645
f 1646 1647 1648
f 1649 1650 853
f 834 1651 1652
f 1653 833 1654
f 1655 1656 842
f 1657 1658 841
f 1659 1660 997
f 1661 998 1662
f 1512 1663 1664
f 972 973 1665
f 1666 1667 1668
f 1669 1670 1671
f 992 843 989
f 1672 1673 1674
f 1675 854 1676
f 988 1677 1678
f 1679 1680 1681
f 1682 1468 1683
f 556 848 560
f 966 1684 1685
f 1552 1686 1687
f 1688 1689 851
f 1690 1691 1550
f 986 1692 1693
f 844 1694 1695
f 1696 1697 533
f 1698 1699 532
f 1700 1701 1334
f 1702 1558 1703
f 1599 1704 1705
f 1598 1604 849
f 1706 1707 1708
f 1709 1710 1711
f 1712 1713 850
f 1593 1714 1715
f 847 1716 1717
f 1568 1718 1719
f 1720 1721 1567
f 1722 1569 1723
f 1570 1724 1725
f 1574 1575 845
f 1529 1726 1727
f 1365 1728 1729
f 1730 838 1731
f 1732 837 1733
f 846 1734 1735
f 1556 1736 1737
f 1738 1739 1576
f 1582 1740 1581
f 1741 1555 1742
f 1743 1744 1745
f 1587 1746 1747
f 1606 1607 1748
f 1749 1750 821
f 1751 1752 1608
f 1753 1754 1591
f 1755 1592 1756
f 1757 1758 1759
f 1760 1761 1762
f 1763 1764 1765
f 1766 1767 1768
f 822 1769 1770
f 1613 1771 1772
f 1773 1774 1245
f 831 1148 1156
f 1149 1775 1776
f 1777 1160 1778
f 1779 1780 1781
f 1782 1783 1146
f 839 1124 1117
f 1784 1785 1114
f 1165 1786 1787
f 1171 840 1788
f 1789 1790 1180
f 1791 1792 1173
f 1793 1794 1174
f 1795 819 1796
f 1797 818 1798
f 1799 1800 1801
f 1802 1803 830
f 1804 1135 1805
f 1806 1136 1807
f 1808 1120 1809
f 1810 1811 1812
f 1813 1814 1815
f 1816 1817 1818
f 1819 815 1820
f 855 1821 1822
f 1287 1823 1824
f 1825 1826 1284
f 1293 857 1298
f 1827 1828 1302
f 1313 1312 1317
f 1829 1830 1315
f 1319 867 1324
f 1831 1832 1327
f 828 1192 1182
f 1833 1834 1188
f 1835 1836 572
f 1837 537 1838
f 1839 1840 829
f 1841 1842 864
f 1202 1843 1844
f 1845 1205 1846
f 1847 1200 1193
f 1848 1849 1850
f 1851 1185 1212
f 1852 1853 1175
f 1854 1855 1856
f 1857 1858 1210
f 1859 1860 1861
f 1862 1863 1864
f 1865 1866 1867
f 1868 1869 570
f 1870 1871 1872
f 571 1873 1874
f 1875 1876 1877
f 1878 569 1879
f 1880 547 1881
f 1882 564 1883
f 538 1884 1885
f 1886 544 1887
f 1888 574 1889
f 573 1890 1891
f 1892 539 1893
f 1894 1895 1896
f 1897 1898 1342
f 1899 1900 1349
f 1901 1902 868
f 1903 1904 1905
f 1906 1907 1908
f 1909 1910 863
f 1911 1912 1913
f 1914 1915 856
f 1916 1917 827
f 1918 1288 1919
f 1920 1289 1921
f 1067 1922 1923
f 1441 1442 858
f 1429 1924 1925
f 1926 814 1927
f 1928 1929 1423
f 1930 1069 826
f 980 1931 1932
f 1933 859 1934
f 1935 1936 1937
f 1938 1939 1940
f 816 1941 1942
f 1409 1943 1944
f 1945 1946 1410
f 1422 1947 1413
f 1948 1949 1950
f 1486 1951 1952
f 1953 1954 1955
f 1956 1957 1958
f 1959 1960 817
f 1961 1962 860
f 1963 1964 861
f 1965 1966 862
f 1190 1967 1968
f 1969 1970 1263
f 1971 1260 1262
f 1972 1973 1974
f 1452 1975 1976
f 1977 1978 1266
f 1447 1979 1443
f 823 1980 1981
f 1982 1983 1474
f 1475 825 1476
f 1480 1984 1985
f 1986 1987 1091
f 1087 866 1631
f 1988 1989 1040
f 1990 865 1991
f 1041 1992 1993
f 811 1994 1995
f 812 1996 1997
f 1998 1999 2000
f 2001 2002 824
f 1011 2003 2004
f 2005 2006 1012
f 2007 2008 1437
f 2009 2010 2011
f 2012 2013 2014
f 1027 2015 2016
f 1013 2017 2018
f 813 2019 2020
f 2021 1019 2022
f 2023 2024 2025
f 2026 2027 2028
f 2029 2030 2031
f 2032 2033 2034
f 2035 2036 2037
f 2038 2039 2040
f 2041 2042 2043
f 2044 2045 2046
f 2047 2048 2049
f 1451 2050 2051
f 1450 2052 2053
f 1465 2054 2055
f 1292 2056 2057
f 1457 2058 2059
f 1456 2060 2061
f 1267 2062 2063
f 2064 2065 2066
f 2067 2068 2069
f 2070 2071 2072
f 2073 2074 2075
f 2076 2077 2078
f 2079 2080 2081
f 2082 2083 2084
f 2085 2086 2087
f 2088 2089 2090
f 2091 2092 2093
f 2094 2095 2096
f 2097 2098 2099
f 2100 2101 2102
f 2103 2104 2105
f 2106 2107 2108
f 2109 2110 2111
f 2112 2113 2114
f 2115 2116 2117
f 1310 2118 2119
f 2120 1300 2121
f 2122 2123 2124
f 2125 2126 2127
f 2128 2129 2130
f 2131 2132 2133
f 2134 1626 1493
f 2135 2136 2137
f 2138 2139 2140
f 2141 2142 820
f 2143 2144 2145
f 1492 2146 2147
f 2148 2149 2150
f 2151 2152 2153
f 2154 2155 2156
f 2157 2158 2159
f 2160 2161 2162
f 2163 2164 2165
f 2166 2167 2168
f 2169 2170 1221
f 1227 2171 2172
f 2173 1230 2174
f 2175 2176 2177
f 2178 2179 1615
f 1614 2180 2181
f 1249 2182 2183
f 2184 2185 2186
f 2187 2188 2189
f 2190 2191 2192
f 2193 2194 2195
f 2196 2197 2198
f 2199 2200 2201
f 2202 2203 2204
f 2205 2206 2207
f 2208 1611 2209
f 2210 2211 2212
f 2213 2214 2215
f 2216 2217 1535
f 1540 2218 2219
f 2220 2221 534
f 2222 2223 2224
f 985 2225 2226
f 2227 2228 2229
f 2230 550 2231
f 2232 545 2233
f 2234 2235 2236
f 2237 2238 2239
f 2240 2241 2242
f 2243 1506 2244
f 2245 2246 1509
f 1144 2247 2248
f 2249 2250 2251
f 2252 993 2253
f 2254 2255 2256
f 2257 2258 952
f 2259 951 2260
f 2261 2262 2263
f 2264 2265 2266
f 2267 2268 2269
f 2270 2271 2272
f 2273 2274 2275
f 2276 2277 2278
f 2279 2280 2281
f 2282 2283 2284
f 2285 2286 2287
f 2288 2289 2290

usemtl BaseColor_0
f 529 530 531
f 529 531 557
f 557 559 529
f 559 558 529
f 668 529 558
f 749 668 558
f 669 749 558
f 731 669 558
f 558 960 731
f 732 731 960
f 732 960 962
f 732 962 1277
f 1277 1278 732
f 755 732 1278
f 1400 755 1278
f 1400 1279 755
f 673 755 1279
f 1279 1216 673
f 673 1216 1398
f 673 1398 1218
f 1217 673 1218
f 1216 1217 1218
f 982 1216 1218
f 983 984 981
f 1501 981 984
f 1499 1498 1220
f 1531 1527 1220
f 1527 1490 888
f 889 888 1487
f 887 889 1487
f 887 1487 1489
f 890 887 1489
f 1489 1491 890
f 891 890 1491
f 893 891 1491
f 999 893 1491
f 1001 999 1491
f 1490 1489 1488
f 1490 1619 1520
f 1520 1619 1620
f 1527 1520 1620
f 1495 959 1496
f 1495 1496 1498
f 1497 1498 1496
f 1514 994 1095
f 1095 1482 1483
f 1483 1482 1481
f 1484 1481 970
f 970 1481 1482
f 970 1482 1095
f 1095 1404 970
f 1404 1518 971
f 1000 974 1518
f 1518 1404 1000
f 1404 1403 1000
f 1403 1407 1000
f 1408 1000 1407
f 1407 1095 1408
f 1406 1408 1095
f 689 1406 1095
f 688 689 1095
f 1095 932 688
f 932 1065 688
f 785 688 1065
f 785 1065 990
f 785 990 1064
f 690 785 1064
f 690 1064 933
f 691 690 933
f 691 933 990
f 691 990 991
f 1622 691 991
f 681 987 1467
f 681 1467 1281
f 1281 682 681
f 681 682 683
f 583 683 682
f 682 644 583
f 644 798 583
f 798 584 583
f 582 583 584
f 583 582 764
f 583 764 672
f 583 672 673
f 673 709 583
f 709 707 583
f 707 708 583
f 708 711 583
f 711 705 583
f 705 704 583
f 704 703 583
f 703 702 583
f 702 701 583
f 701 674 583
f 674 675 583
f 675 750 583
f 750 763 583
f 763 689 583
f 689 687 583
f 687 688 583
f 688 699 583
f 699 698 583
f 784 583 698
f 784 698 700
f 785 784 700
f 688 700 698
f 583 784 690
f 698 699 688
f 689 763 685
f 685 1003 689
f 1405 689 1003
f 1003 1000 1405
f 1406 1405 1000
f 1000 1003 892
f 892 999 1000
f 674 892 1003
f 888 892 674
f 674 705 888
f 685 674 1003
f 685 684 674
f 684 761 674
f 730 674 761
f 685 730 761
f 761 686 685
f 730 685 675
f 685 751 675
f 761 684 686
f 684 685 686
f 763 751 685
f 763 750 751
f 750 675 751
f 674 730 675
f 674 701 706
f 674 706 704
f 702 704 706
f 702 706 701
f 702 703 704
f 674 704 705
f 705 711 710
f 705 710 708
f 705 708 1220
f 1216 1220 708
f 708 710 711
f 708 707 762
f 708 762 673
f 709 762 707
f 762 709 673
f 764 696 672
f 696 697 672
f 672 697 754
f 754 1378 672
f 1380 672 1378
f 1380 1378 1379
f 1380 1379 1394
f 1394 1379 1382
f 1394 1382 672
f 941 672 1382
f 1393 941 1382
f 1382 1472 1393
f 1595 943 1594
f 943 940 1594
f 940 942 1597
f 942 950 1597
f 945 944 1595
f 1596 945 1595
f 1596 1605 945
f 945 1605 1331
f 1331 1605 1330
f 1331 1330 941
f 1330 606 941
f 606 1330 1605
f 1605 926 606
f 1332 606 926
f 1332 926 737
f 604 1332 737
f 737 729 604
f 605 604 729
f 605 729 753
f 605 753 575
f 743 605 575
f 672 743 575
f 575 530 672
f 530 712 672
f 712 731 672
f 731 712 749
f 731 749 529
f 749 712 529
f 530 575 535
f 575 1333 535
f 1335 535 1333
f 1333 636 1335
f 1537 1335 636
f 636 1539 1537
f 1548 1547 1549
f 1549 1399 1548
f 1399 1282 1548
f 1400 1282 1399
f 1399 1398 1400
f 1400 1277 1282
f 1547 962 1553
f 964 1553 962
f 962 965 964
f 963 964 965
f 558 963 965
f 558 965 961
f 962 961 965
f 670 1396 1100
f 1100 671 670
f 667 670 671
f 667 671 661
f 601 667 661
f 661 757 601
f 757 602 601
f 602 603 601
f 603 599 601
f 599 600 601
f 724 601 600
f 733 724 600
f 734 733 600
f 659 734 600
f 600 728 659
f 660 659 728
f 728 1571 660
f 1383 660 1571
f 1377 1376 1384
f 1375 1376 1377
f 1374 1375 1377
f 1155 1374 1377
f 1374 1155 1373
f 1369 1374 1373
f 650 1369 1373
f 650 1373 807
f 651 650 807
f 651 807 787
f 651 787 664
f 646 651 664
f 664 647 646
f 645 646 647
f 680 645 647
f 645 680 717
f 645 717 659
f 717 679 659
f 679 678 659
f 659 678 1517
f 1517 744 659
f 744 1517 1513
f 1513 948 744
f 799 744 948
f 948 1385 799
f 713 799 1385
f 713 1385 1386
f 713 1386 1510
f 1510 714 713
f 713 714 601
f 1507 601 714
f 601 1507 1395
f 1395 665 601
f 1395 897 665
f 896 665 897
f 896 897 1505
f 1505 1503 896
f 666 896 1503
f 1503 667 666
f 665 666 667
f 667 1503 1396
f 1396 1503 1504
f 1504 1560 1396
f 1511 1510 947
f 947 949 1511
f 1617 1511 949
f 1616 1572 1617
f 1386 948 947
f 1617 1572 1511
f 1516 1572 1616
f 1516 1616 1513
f 1528 1530 1522
f 1528 1522 1361
f 1361 1360 1528
f 912 1528 1360
f 1360 915 912
f 1367 909 911
f 1532 909 1367
f 1367 1366 1532
f 1532 1366 1526
f 1526 1528 1532
f 1533 1528 1526
f 1533 1526 1525
f 1533 1525 923
f 923 1524 1533
f 1533 1524 1534
f 1562 1388 1308
f 1554 1308 1388
f 1388 937 1554
f 937 938 1554
f 938 1578 1554
f 925 1554 924
f 886 924 1353
f 886 1353 899
f 1551 886 885
f 1551 885 1579
f 1579 898 1580
f 898 885 1580
f 899 1580 885
f 1580 899 1584
f 1586 902 1590
f 902 921 1590
f 904 1590 921
f 1590 904 1605
f 904 903 1605
f 1108 901 900
f 1108 1105 901
f 1105 1104 901
f 901 1104 1585
f 1356 808 901
f 737 901 808
f 737 808 735
f 737 735 767
f 767 809 737
f 737 809 671
f 671 760 737
f 760 766 737
f 635 737 766
f 636 635 766
f 1629 636 766
f 766 671 1629
f 671 1539 1629
f 671 1010 1539
f 1150 1539 1010
f 1150 1010 1100
f 1151 1150 1100
f 1397 1151 1100
f 1151 1397 1152
f 1397 1150 1152
f 1150 1151 1152
f 1010 1099 1100
f 1099 1010 760
f 1397 1539 1150
f 1010 671 1630
f 766 1010 1630
f 766 1630 671
f 635 636 637
f 635 637 758
f 758 759 635
f 759 758 737
f 758 575 737
f 740 737 575
f 740 738 737
f 737 738 739
f 738 740 739
f 753 739 740
f 753 748 739
f 748 729 739
f 575 758 637
f 635 759 737
f 766 760 1010
f 671 1099 760
f 809 767 671
f 735 663 767
f 662 767 663
f 661 662 663
f 663 1351 661
f 1351 1352 661
f 661 1352 899
f 661 899 1391
f 661 1391 603
f 603 747 661
f 603 745 747
f 745 746 747
f 746 602 747
f 746 745 602
f 1392 603 1391
f 1392 924 603
f 937 603 924
f 603 937 600
f 600 727 603
f 727 676 603
f 603 676 677
f 723 677 676
f 723 725 677
f 600 677 725
f 723 726 725
f 725 726 727
f 723 727 726
f 727 723 676
f 600 725 727
f 937 1389 600
f 1390 600 1389
f 1390 1389 1388
f 1561 1564 1390
f 1563 1564 1562
f 1589 1588 1563
f 1588 1564 1563
f 1561 1562 1564
f 1391 899 1392
f 1352 1351 1584
f 1351 663 1584
f 736 1584 663
f 1356 1584 736
f 1101 1356 736
f 899 1101 736
f 899 736 1354
f 899 1354 1356
f 1609 899 1356
f 1609 1356 885
f 885 1102 1609
f 1102 885 1356
f 1102 899 1609
f 1354 1357 1356
f 1355 1356 1357
f 1357 736 1355
f 1358 1355 736
f 1358 736 735
f 735 1356 1358
f 1355 1358 1356
f 1357 1354 736
f 1101 899 1102
f 1356 1101 1102
f 1107 1106 1108
f 1104 1107 1108
f 767 662 661
f 663 735 736
f 808 1356 735
f 1585 1104 1106
f 1104 1105 1106
f 1105 1108 1106
f 1586 900 902
f 1108 900 1586
f 1584 899 1352
f 886 1551 1545
f 1545 894 886
f 1118 886 895
f 1551 1118 895
f 1118 1551 1308
f 886 1118 1308
f 1545 895 894
f 1545 1551 895
f 885 884 1579
f 884 898 1579
f 1353 1392 899
f 1392 1353 924
f 925 886 1554
f 937 1388 1389
f 1308 1554 886
f 1561 1388 1562
f 1340 1244 1246
f 1246 1247 1340
f 1339 1340 1247
f 1339 1247 1235
f 1341 1339 1235
f 1341 1235 1242
f 1544 1242 1239
f 1239 1240 1544
f 1543 1544 1240
f 1543 1338 1542
f 1337 1542 1338
f 1337 1338 1236
f 1234 1337 1236
f 877 1233 878
f 1232 1233 877
f 877 879 1232
f 1231 1232 879
f 1231 879 1229
f 1225 1228 790
f 790 1222 1225
f 1147 1153 1132
f 1133 1147 1132
f 1132 1125 1133
f 1142 1133 1125
f 1141 1142 1125
f 1134 1141 1125
f 1145 1134 1125
f 1121 1145 1125
f 1125 1126 1121
f 1126 777 1121
f 639 1121 777
f 639 777 576
f 576 638 639
f 638 806 639
f 639 806 577
f 577 883 639
f 1127 639 883
f 882 1127 883
f 935 1119 936
f 946 936 1119
f 882 946 1119
f 1138 882 1119
f 1131 1138 1119
f 1115 881 1116
f 1283 1215 1372
f 918 693 1624
f 787 1624 693
f 693 804 787
f 804 805 787
f 787 805 640
f 640 642 787
f 642 786 787
f 664 786 642
f 664 642 641
f 664 641 640
f 1235 664 640
f 664 1235 915
f 915 1359 664
f 680 664 1359
f 1359 1361 680
f 680 1361 1362
f 1362 678 680
f 678 1362 1522
f 1523 1522 1362
f 1521 1522 1523
f 1361 1521 1523
f 1523 1362 1361
f 915 1235 1253
f 1253 1252 914
f 1252 1366 913
f 1366 1364 913
f 1363 913 1364
f 1364 1367 1363
f 910 1363 1367
f 640 641 642
f 805 804 640
f 804 693 640
f 692 640 693
f 694 692 693
f 695 694 693
f 779 695 693
f 630 779 693
f 693 592 630
f 592 780 630
f 780 802 630
f 802 648 630
f 624 630 648
f 624 648 649
f 649 1371 624
f 1371 908 624
f 905 624 908
f 1256 1259 905
f 1258 905 1259
f 1455 1454 905
f 1454 772 905
f 772 1454 616
f 624 772 616
f 624 616 622
f 622 623 624
f 622 778 623
f 778 774 623
f 634 623 774
f 774 1286 634
f 1285 634 1286
f 1296 1299 634
f 1299 1305 634
f 1305 1301 634
f 1301 1304 634
f 1303 634 1304
f 1316 633 1314
f 1314 633 1318
f 1318 633 1307
f 632 1307 633
f 631 632 633
f 634 631 633
f 634 1297 631
f 1295 631 1297
f 1297 1303 1295
f 631 1295 632
f 1307 632 1295
f 1307 1295 1306
f 1311 633 1316
f 633 1311 576
f 623 633 576
f 776 623 576
f 623 776 783
f 783 788 623
f 788 777 623
f 782 623 777
f 623 782 630
f 782 783 630
f 630 783 1254
f 1254 719 630
f 630 719 720
f 792 720 719
f 1368 792 719
f 719 1229 1368
f 792 1368 876
f 876 640 792
f 640 656 792
f 656 695 792
f 695 656 655
f 654 655 656
f 655 654 694
f 718 694 654
f 640 718 654
f 640 654 656
f 879 876 1368
f 720 792 695
f 1229 719 1254
f 1228 1254 783
f 783 1628 1228
f 783 777 1628
f 790 1628 777
f 777 789 790
f 777 788 782
f 788 783 782
f 776 777 783
f 1320 576 1311
f 1323 576 1321
f 1321 576 1322
f 1323 1325 576
f 1326 576 1325
f 1326 1343 542
f 1345 542 1343
f 1346 542 1344
f 1348 542 1346
f 542 1347 1350
f 542 1350 540
f 540 541 542
f 541 543 542
f 543 549 542
f 549 546 542
f 548 542 546
f 561 1184 562
f 1184 1183 562
f 1195 562 1183
f 1203 1207 577
f 562 1203 577
f 562 577 542
f 576 542 577
f 1203 562 1201
f 1199 1201 562
f 1199 562 1198
f 1196 562 1194
f 1197 562 1196
f 1198 562 1197
f 1206 577 1207
f 1206 1208 577
f 1208 1209 577
f 1209 1211 577
f 1178 577 1211
f 1179 1187 577
f 1187 1186 577
f 1186 1177 577
f 1214 577 1177
f 1214 1181 883
f 1176 883 1181
f 1172 883 1176
f 1169 883 1172
f 1178 1179 577
f 1195 1194 562
f 561 562 563
f 563 562 567
f 567 562 568
f 568 562 565
f 565 562 566
f 1273 1276 801
f 1273 801 618
f 775 1273 618
f 775 618 612
f 621 775 612
f 619 621 612
f 627 619 612
f 615 627 612
f 612 613 615
f 613 607 615
f 628 615 607
f 773 628 607
f 770 773 607
f 579 770 607
f 607 596 579
f 596 598 579
f 598 580 579
f 578 579 580
f 581 578 580
f 580 587 581
f 919 581 587
f 919 587 589
f 919 589 920
f 920 1004 919
f 919 1004 1005
f 1103 1078 1086
f 1023 1016 1045
f 581 1045 1016
f 1016 771 581
f 771 1016 1017
f 1017 578 771
f 1017 1026 578
f 1025 578 1026
f 795 1025 1014
f 1014 579 795
f 579 1014 968
f 1015 1439 968
f 1438 968 1439
f 1428 1427 1426
f 1426 1434 1428
f 1431 1428 1434
f 1435 1431 1434
f 1435 1434 1432
f 1435 1432 1433
f 1435 1433 800
f 800 969 1435
f 969 800 967
f 967 968 969
f 969 968 1440
f 770 968 967
f 770 967 800
f 773 800 1433
f 1432 628 1433
f 628 1432 1426
f 1426 768 628
f 768 1426 1424
f 1424 615 768
f 615 1424 1421
f 615 1421 1419
f 626 615 1419
f 1419 1416 626
f 619 626 1416
f 1418 619 1416
f 619 1418 1411
f 1411 620 619
f 620 1411 1412
f 620 1412 1402
f 1402 625 620
f 625 621 620
f 621 625 977
f 977 978 621
f 979 621 978
f 979 1387 775
f 1068 775 1387
f 1453 775 1068
f 1068 1401 1453
f 1401 775 1453
f 1419 1414 1415
f 1417 1419 1415
f 1418 1419 1417
f 1223 1264 781
f 1223 781 917
f 1224 1223 917
f 917 916 1224
f 916 917 918
f 1223 916 918
f 1223 918 1109
f 1223 1109 1189
f 1189 1109 1191
f 1191 1111 1189
f 1110 1189 1111
f 1109 1110 1111
f 918 917 1634
f 916 1223 1224
f 917 781 1634
f 721 1634 781
f 722 721 781
f 721 722 693
f 590 693 722
f 658 590 722
f 657 658 722
f 722 1632 657
f 657 1632 1633
f 803 657 1633
f 803 1633 873
f 1294 803 873
f 875 1294 873
f 875 872 1265
f 1280 875 1265
f 1261 907 1280
f 907 1261 1257
f 1255 1257 1261
f 1259 1255 1261
f 1280 908 875
f 874 1265 872
f 873 1265 874
f 1265 873 1264
f 1294 875 649
f 803 1294 649
f 649 591 803
f 649 780 591
f 1264 873 1633
f 657 803 591
f 1264 1633 1632
f 1632 722 1264
f 657 591 658
f 590 658 591
f 590 591 592
f 693 1634 721
f 781 1264 722
f 1269 1270 1271
f 1272 1271 1270
f 1473 1226 1466
f 1444 1473 1466
f 1226 1444 1466
f 1444 1226 608
f 1444 608 769
f 1444 769 1251
f 1444 1251 1445
f 1445 1251 1446
f 607 1251 769
f 614 1251 607
f 614 1250 1251
f 607 769 608
f 608 1226 596
f 596 1226 976
f 596 976 597
f 975 597 976
f 1088 1089 1090
f 1090 595 1088
f 580 1088 595
f 580 595 594
f 580 594 588
f 594 589 588
f 589 594 793
f 589 793 794
f 1112 589 794
f 595 1112 794
f 595 794 593
f 1113 589 1112
f 1112 1090 1113
f 1113 1090 920
f 593 794 793
f 793 594 593
f 593 594 595
f 580 1093 1088
f 595 1090 1112
f 1088 1093 1089
f 1018 1016 1024
f 1089 1093 1094
f 1093 597 975
f 597 1093 598
f 1446 1251 1448
f 1250 1448 1251
f 1250 614 1449
f 613 1449 614
f 1449 613 1464
f 1464 613 1462
f 1464 1462 1463
f 1461 1463 1462
f 1461 1462 1460
f 1123 1459 1546
f 1546 1122 1123
f 1122 869 1123
f 869 871 1123
f 871 870 1123
f 1458 1123 870
f 1458 870 1459
f 869 1459 870
f 869 1122 1164
f 869 1164 1546
f 1122 1546 1164
f 1546 1459 869
f 810 1272 1460
f 810 1460 612
f 611 810 612
f 612 609 611
f 609 610 611
f 610 617 611
f 616 611 617
f 616 617 618
f 618 796 616
f 796 797 616
f 797 629 616
f 629 797 801
f 629 801 1274
f 1274 622 629
f 622 1274 1291
f 1291 1274 1290
f 1290 778 1291
f 1286 778 1290
f 1275 1290 1274
f 1274 801 1275
f 796 801 797
f 617 791 618
f 616 1271 611
f 617 610 791
f 610 609 791
f 612 791 609
f 611 1272 810
f 612 1460 1462
f 1458 1459 1272
f 1272 611 1271
f 625 1402 977
f 1417 1411 1418
f 1416 1419 1418
f 1420 1419 1421
f 1421 1424 1420
f 1424 1426 1425
f 1435 1430 1431
f 1430 1428 1431
f 1434 1426 1432
f 1425 1426 1427
f 1438 1440 968
f 1025 795 578
f 1018 1017 1016
f 581 1053 1045
f 1053 1049 1045
f 1049 1053 1036
f 1049 1036 581
f 1083 1049 581
f 1039 1083 581
f 581 586 1039
f 1039 586 1049
f 1039 1049 1082
f 1039 1082 1009
f 1039 1009 1072
f 1039 1072 1073
f 1005 1039 1073
f 1073 1085 1005
f 1085 1084 1005
f 1071 1005 1084
f 1084 586 1071
f 586 1070 1071
f 1070 1008 1071
f 1071 1008 581
f 1092 581 1008
f 1007 581 1092
f 1007 1092 586
f 586 1074 1007
f 1074 1008 1007
f 1006 1007 1008
f 586 1006 1008
f 1076 586 1008
f 1009 586 1076
f 1098 1009 1076
f 1076 1075 1098
f 1075 586 1098
f 586 1204 1098
f 1204 1096 1098
f 1096 1097 1098
f 1097 1096 586
f 1072 586 1096
f 1079 1072 1096
f 1213 586 1072
f 1096 1204 1079
f 1204 586 1079
f 1079 586 1073
f 1075 1076 1074
f 1097 1009 1098
f 1009 1097 586
f 586 1213 1006
f 1213 1009 1006
f 1007 1006 1009
f 1007 1009 1036
f 1007 1036 1035
f 1035 1036 586
f 585 1035 586
f 581 1035 585
f 1036 1052 586
f 1052 1036 1082
f 1008 1074 1076
f 586 1075 1074
f 581 1007 1035
f 1008 1070 1092
f 1070 586 1092
f 581 1005 1071
f 1085 586 1084
f 1073 586 1085
f 1072 1079 1073
f 1009 1213 1072
f 1082 1036 1009
f 1049 1052 1082
f 1052 1049 586
f 585 586 581
f 1049 1083 1044
f 1053 581 1036
f 1023 1024 1016
f 1045 1049 1043
f 1044 1043 1049
f 1083 1039 1044
f 1004 920 1090
f 1113 920 589
f 587 588 589
f 1005 581 919
f 580 588 587
f 581 771 578
f 578 795 579
f 1093 580 598
f 596 597 598
f 607 608 596
f 968 770 579
f 773 770 800
f 1433 628 773
f 628 768 615
f 613 614 607
f 612 1462 613
f 615 626 627
f 619 627 626
f 619 620 621
f 775 621 979
f 791 612 618
f 1273 775 1401
f 796 618 801
f 1275 801 1276
f 548 566 562
f 562 542 548
f 1347 542 1348
f 1344 542 1345
f 1326 542 576
f 1322 576 1320
f 1318 1307 1329
f 1306 1295 1303
f 634 1303 1297
f 1285 1296 634
f 623 634 633
f 778 1286 774
f 622 1291 778
f 622 616 629
f 616 1454 1271
f 1455 905 1258
f 1259 1256 1255
f 907 906 1280
f 906 908 1280
f 624 905 772
f 1371 875 908
f 649 875 1371
f 648 780 649
f 623 630 624
f 648 802 780
f 592 591 780
f 693 590 592
f 720 779 630
f 779 720 695
f 695 655 694
f 694 718 692
f 640 692 718
f 1624 787 1155
f 1162 1624 1155
f 1155 1161 1162
f 1161 1166 1162
f 1155 1166 807
f 807 1154 1155
f 1154 807 1159
f 1373 1154 1159
f 1167 807 1166
f 807 1167 1168
f 1167 1155 1168
f 1166 1161 1167
f 1161 1155 1167
f 1624 1162 1625
f 787 1168 1155
f 693 918 1634
f 1109 1215 1283
f 1169 1170 883
f 1116 883 1170
f 882 1137 1121
f 1138 1131 1137
f 882 1138 1137
f 1119 935 1115
f 935 934 1115
f 934 939 1115
f 881 1115 939
f 880 1116 881
f 1116 880 883
f 882 1121 1127
f 883 577 1214
f 577 806 576
f 806 638 576
f 777 776 576
f 639 1127 1121
f 1126 789 777
f 1125 789 1126
f 1132 789 1125
f 1158 789 1132
f 1158 1132 1157
f 1153 1157 1132
f 789 1158 1222
f 1222 790 789
f 1628 790 1228
f 1254 1228 1229
f 879 1368 1229
f 1232 1309 1233
f 1233 1234 878
f 640 876 1235
f 1241 1236 1338
f 1309 1542 1337
f 1542 1544 1543
f 1237 1238 1242
f 1239 1242 1238
f 1237 1242 1235
f 1248 1235 1247
f 1366 1534 1524
f 923 922 1524
f 922 1525 1524
f 1525 922 911
f 922 923 911
f 923 1525 911
f 1524 1525 1526
f 1366 1524 1526
f 1366 1367 1364
f 1532 1528 909
f 911 910 1367
f 910 913 1363
f 913 914 1252
f 1253 914 915
f 1359 915 1360
f 909 1528 912
f 1360 1361 1359
f 1521 1361 1522
f 1515 1522 1530
f 1517 1522 1515
f 1515 1516 1517
f 1508 1566 1395
f 1565 1395 1566
f 1504 1503 1601
f 1565 1505 897
f 896 666 665
f 897 1395 1565
f 1395 1507 1508
f 714 1510 1507
f 947 1510 1386
f 799 713 724
f 948 1386 1385
f 799 734 744
f 1513 1517 1516
f 1522 1517 678
f 678 679 680
f 715 680 679
f 716 715 679
f 715 716 680
f 717 716 679
f 716 717 680
f 645 659 646
f 680 647 664
f 786 664 787
f 807 1168 787
f 650 651 646
f 646 1370 650
f 1370 646 1383
f 1159 807 1373
f 1369 650 1370
f 1370 1494 1369
f 1154 1373 1155
f 1612 1494 1370
f 1370 1383 1610
f 660 1383 646
f 1571 728 1390
f 646 659 660
f 600 1390 728
f 659 744 734
f 799 733 734
f 733 799 724
f 601 724 713
f 600 599 677
f 599 603 677
f 745 603 602
f 757 747 602
f 747 757 661
f 601 665 667
f 767 661 671
f 1099 671 1100
f 1396 670 667
f 1397 1100 1557
f 1559 1396 1560
f 554 555 531
f 551 554 531
f 552 551 531
f 536 552 531
f 531 535 536
f 553 536 535
f 535 1128 553
f 1623 1541 1128
f 1623 1130 1541
f 1130 1336 1128
f 553 1128 1541
f 1129 1541 1130
f 1128 1129 1130
f 1537 1128 1336
f 1397 1536 1538
f 1397 1538 1539
f 636 1629 1539
f 1335 1537 1336
f 637 636 1333
f 1336 535 1335
f 1333 575 637
f 672 741 743
f 741 742 743
f 752 743 742
f 752 742 672
f 606 752 672
f 743 752 606
f 742 741 672
f 743 606 605
f 753 740 575
f 748 753 729
f 604 605 606
f 737 739 729
f 901 737 926
f 604 606 1332
f 903 926 1605
f 945 1331 941
f 943 1595 944
f 1594 940 1597
f 1470 1469 1502
f 1379 653 1029
f 644 1029 653
f 644 653 643
f 643 582 644
f 652 643 653
f 652 653 696
f 754 696 653
f 652 764 643
f 1029 644 1030
f 1030 765 1281
f 765 1030 644
f 653 1379 754
f 1381 1469 1470
f 1471 1381 1470
f 1471 1472 1381
f 1597 950 1393
f 1382 1381 1472
f 941 1393 950
f 672 941 606
f 1381 1382 1379
f 1394 672 1380
f 1378 754 1379
f 696 754 697
f 764 652 696
f 582 643 764
f 582 584 798
f 798 644 582
f 682 765 644
f 583 690 683
f 682 1281 765
f 681 683 987
f 1621 987 683
f 691 1621 683
f 1477 1478 996
f 1479 996 1478
f 929 1479 954
f 933 929 954
f 931 1143 929
f 1143 990 929
f 956 929 990
f 954 956 990
f 956 954 927
f 927 954 955
f 930 927 955
f 955 1436 930
f 931 930 1436
f 1436 990 931
f 931 990 1066
f 932 931 1066
f 928 932 996
f 996 932 995
f 994 995 932
f 929 956 927
f 1143 931 1064
f 929 928 1479
f 928 996 1479
f 1477 953 1478
f 691 1622 1621
f 954 990 933
f 690 691 683
f 931 933 1064
f 784 785 690
f 990 1143 1064
f 1066 990 1065
f 785 700 688
f 932 1066 1065
f 688 687 689
f 689 1405 1406
f 1408 1406 1000
f 1095 1407 1403
f 1095 1403 1404
f 1618 1620 1619
f 1001 1000 999
f 892 893 999
f 1487 1488 1489
f 1490 1527 1620
f 1220 888 705
f 1499 1495 1498
f 981 982 983
f 982 981 1216
f 1217 1216 708
f 673 1217 708
f 1399 1218 1398
f 1279 1398 1216
f 755 673 672
f 756 755 672
f 732 756 672
f 1279 1400 1398
f 755 756 732
f 1400 1278 1277
f 1282 1277 962
f 961 962 960
f 731 732 672
f 558 961 960
f 669 731 529
f 668 749 669
f 529 668 669
f 555 557 531
f 535 531 530
f 530 529 712

usemtl BaseColor_0
f 982 1218 986
f 986 985 982
f 983 982 985
f 983 985 1219
f 983 1219 984
f 984 1499 1220
f 1220 1498 1531
f 888 1220 1527
f 1490 1620 888
f 888 1620 1487
f 1002 1001 1491
f 1002 1491 1485
f 1490 1519 1485
f 1489 1490 1485
f 1490 1488 1619
f 1527 1519 1520
f 957 1519 1527
f 1499 1219 958
f 1499 958 1495
f 959 1495 958
f 1497 1496 1531
f 1496 959 1531
f 1531 959 957
f 1484 1512 998
f 1514 1484 998
f 994 1514 998
f 1095 1483 1514
f 1483 1481 1484
f 974 971 1518
f 974 1000 973
f 973 972 974
f 972 1512 970
f 1000 1002 973
f 971 974 972
f 1622 991 992
f 989 1622 992
f 987 988 1468
f 1468 1467 987
f 1393 1472 1506
f 1597 1393 1506
f 1506 1593 1597
f 1594 1597 1593
f 1594 1593 1592
f 1594 1592 1595
f 1537 1539 1538
f 1537 1538 1536
f 1537 1536 1540
f 1128 1537 1540
f 1128 1540 534
f 1129 1128 534
f 1541 1129 534
f 553 1541 534
f 536 553 534
f 534 545 536
f 552 536 545
f 551 552 545
f 545 550 551
f 554 551 550
f 555 554 550
f 550 556 555
f 557 555 556
f 556 560 557
f 1547 1552 1550
f 1547 1550 1549
f 962 1548 1282
f 1547 1548 962
f 963 558 966
f 964 963 966
f 964 1552 1553
f 1399 1549 1550
f 1218 1399 1550
f 1547 1553 1552
f 1560 1599 1558
f 1559 1560 1558
f 1557 1559 1558
f 1557 1396 1559
f 1396 1557 1100
f 1610 1383 1571
f 1610 1571 1608
f 1610 1608 1611
f 1370 1610 1611
f 1612 1370 1611
f 1612 1611 1492
f 1612 1492 1494
f 1384 1494 1492
f 1384 1492 1493
f 1384 1493 1377
f 1560 1504 1600
f 1504 1599 1600
f 1504 1598 1599
f 1504 1601 1598
f 1601 1602 1598
f 1602 1604 1598
f 1516 1570 1569
f 1572 1516 1569
f 1507 1572 1569
f 1507 1510 1572
f 949 948 1617
f 1516 1573 1570
f 1515 1570 1573
f 1529 1570 1515
f 1515 1530 1529
f 1528 1529 1530
f 1533 1534 1574
f 1366 1574 1534
f 1366 1575 1574
f 1308 1556 1576
f 1308 1576 1577
f 1308 1577 1562
f 1551 1579 1555
f 1551 1555 1556
f 1580 1555 1579
f 1580 1584 1581
f 1584 1583 1581
f 1104 1581 1583
f 1104 1582 1581
f 1108 1587 1582
f 1108 1586 1587
f 1590 1587 1586
f 1590 1605 1591
f 901 1585 1356
f 1388 1561 1390
f 1564 1588 1390
f 1606 1390 1588
f 1588 1589 1606
f 1606 1589 1607
f 1589 1563 1607
f 1563 1562 1607
f 1562 1576 1607
f 1571 1390 1606
f 1584 1356 1104
f 1107 1104 1356
f 1106 1107 1356
f 1585 1106 1356
f 1590 1591 1587
f 1596 1592 1591
f 1104 1108 1582
f 1104 1583 1584
f 1580 1581 1555
f 924 1578 938
f 1562 1577 1576
f 1308 1551 1556
f 1340 1613 1245
f 1340 1245 1244
f 1341 1242 1614
f 1614 1613 1341
f 1544 1614 1242
f 1240 1338 1543
f 1235 1234 1236
f 1235 1236 1241
f 1235 1241 1240
f 1235 876 1234
f 1229 1230 1231
f 1227 1230 1229
f 1229 1228 1227
f 1225 1227 1228
f 1225 1222 1221
f 1222 1158 1221
f 1163 1221 1158
f 1163 1158 1156
f 1156 1148 1163
f 1147 1146 1148
f 1148 1153 1147
f 1131 1119 1117
f 1124 1131 1117
f 1116 1165 1114
f 1114 1115 1116
f 1165 1116 1170
f 1165 1170 1169
f 1169 1171 1165
f 1134 1135 1136
f 1141 1136 1120
f 1133 1120 1146
f 1372 1287 1284
f 1372 1284 1283
f 1624 1372 1215
f 1624 1215 918
f 1235 1252 1253
f 1235 1249 1252
f 1366 1252 1249
f 1365 1366 1249
f 1249 1235 1243
f 1243 1245 1249
f 1243 1235 1248
f 1243 1248 1247
f 1258 1259 1260
f 1258 1260 1455
f 1455 1260 1452
f 1455 1452 1454
f 1285 1286 1293
f 1298 1285 1293
f 1302 1299 1298
f 1296 1298 1299
f 1304 1300 1303
f 1306 1303 1300
f 1306 1300 1310
f 1306 1310 1328
f 1329 1306 1328
f 1328 1313 1329
f 1318 1329 1313
f 1317 1318 1313
f 1315 1314 1317
f 1314 1315 1316
f 1311 1315 1320
f 1319 1320 1315
f 1320 1319 1322
f 1324 1322 1319
f 1327 1323 1324
f 1321 1324 1323
f 1325 1327 1326
f 1327 1343 1326
f 1343 1342 1345
f 1344 1345 1342
f 1342 1346 1344
f 1346 1349 1348
f 1347 1348 1349
f 1349 574 1347
f 1347 574 1350
f 546 547 548
f 566 548 547
f 547 569 566
f 565 566 569
f 568 565 569
f 569 570 568
f 567 568 570
f 563 567 570
f 570 571 563
f 561 563 571
f 561 571 1188
f 1188 1184 561
f 1192 1195 1183
f 1183 1182 1192
f 1203 1202 1205
f 1205 1207 1203
f 1198 1200 1199
f 1202 1199 1200
f 1200 1198 1197
f 1197 1193 1200
f 1194 1192 1193
f 1193 1196 1194
f 1193 1197 1196
f 1202 1201 1199
f 1175 1178 1211
f 1178 1175 1212
f 1212 1179 1178
f 1179 1212 1185
f 1185 1187 1179
f 1177 1173 1214
f 1181 1214 1173
f 1180 1176 1181
f 1171 1172 1176
f 1174 1177 1186
f 1174 1186 1187
f 1187 1185 1174
f 1175 1209 1210
f 1175 1211 1209
f 1208 1210 1209
f 1210 1208 1206
f 1206 1205 1210
f 1205 1206 1207
f 1202 1203 1201
f 1192 1194 1195
f 1182 1183 1184
f 1184 1188 1182
f 1273 1067 1289
f 1273 1289 1276
f 1078 1103 1040
f 1040 1042 1078
f 1039 1078 1042
f 1039 1042 1077
f 1039 1077 1043
f 1039 1043 1048
f 1039 1048 1081
f 1080 1039 1081
f 1043 1080 1081
f 1043 1081 1037
f 1037 1081 1038
f 1037 1038 1039
f 1044 1039 1038
f 1043 1044 1038
f 1041 1043 1038
f 1038 1042 1041
f 1041 1034 1043
f 1034 1031 1043
f 1031 1033 1043
f 1033 1046 1043
f 1045 1043 1046
f 1046 1013 1045
f 1045 1013 1054
f 1024 1045 1054
f 1045 1024 1023
f 1025 1026 1011
f 1011 1014 1025
f 1014 1015 968
f 1438 1439 1437
f 1438 1437 1442
f 1438 1442 1440
f 1441 1440 1442
f 1428 1429 1423
f 1428 1423 1427
f 1435 969 1441
f 979 978 980
f 979 980 1069
f 979 1069 1387
f 1401 1068 1067
f 1067 1068 1069
f 1068 1387 1069
f 1411 1409 1410
f 1411 1410 1486
f 1411 1413 1409
f 1411 1414 1413
f 1414 1419 1413
f 1420 1413 1419
f 1420 1422 1413
f 1420 1424 1422
f 1422 1424 1423
f 1424 1425 1423
f 1415 1411 1417
f 1411 1415 1414
f 1223 1190 1263
f 1223 1263 1264
f 1109 1111 1215
f 1110 1109 1190
f 1109 1284 1190
f 1189 1110 1190
f 1111 1191 1215
f 918 1191 1109
f 1280 1265 1262
f 1261 1280 1262
f 1261 1262 1260
f 1265 1263 1262
f 1265 1264 1263
f 1223 1189 1190
f 1452 1266 1268
f 1452 1268 1269
f 1452 1269 1271
f 1272 1270 1456
f 1272 1456 1457
f 1458 1272 1457
f 1463 1458 1457
f 1463 1457 1465
f 1464 1463 1465
f 1449 1464 1465
f 1449 1465 1450
f 1250 1449 1450
f 1250 1450 1451
f 1448 1250 1451
f 1448 1451 1447
f 1446 1448 1447
f 1443 1446 1447
f 1473 1443 1474
f 1473 1474 1226
f 1445 1443 1444
f 1476 975 976
f 1475 1476 976
f 1474 1475 976
f 975 1480 1091
f 1094 975 1091
f 1089 1094 1091
f 1087 1089 1091
f 1089 1087 1090
f 1090 1087 1631
f 1103 1090 1631
f 1012 1437 1015
f 1018 1013 1027
f 1018 1027 1028
f 1026 1018 1028
f 1026 1028 1027
f 1018 1024 1013
f 1019 1013 1057
f 1057 1063 1019
f 1063 1034 1019
f 1034 1063 1022
f 1022 1058 1034
f 1062 1034 1058
f 1057 1062 1058
f 1057 1058 1056
f 1062 1057 1056
f 1034 1062 1056
f 1056 1055 1034
f 1055 1032 1034
f 1020 1032 1055
f 1020 1060 1032
f 1060 1033 1032
f 1020 1046 1060
f 1046 1020 1021
f 1020 1013 1021
f 1022 1013 1020
f 1022 1020 1056
f 1061 1013 1022
f 1057 1061 1022
f 1061 1057 1050
f 1050 1057 1034
f 1050 1034 1051
f 1059 1050 1051
f 1057 1059 1051
f 1050 1059 1013
f 1034 1057 1051
f 1013 1061 1050
f 1056 1020 1055
f 1058 1022 1056
f 1063 1057 1022
f 1059 1057 1013
f 1094 1093 975
f 1476 1480 975
f 1474 976 1226
f 1473 1444 1443
f 1446 1443 1445
f 1461 1460 1123
f 1290 1275 1288
f 1290 1288 1292
f 1290 1292 1293
f 1276 1288 1275
f 1463 1461 1123
f 1463 1123 1458
f 1269 1456 1270
f 1456 1269 1267
f 1268 1267 1269
f 1267 1268 1266
f 978 1486 980
f 978 1402 1486
f 978 977 1402
f 1402 1412 1486
f 1411 1486 1412
f 1430 1435 1429
f 1427 1423 1425
f 1428 1430 1429
f 1435 1441 1429
f 1440 1441 969
f 1015 1437 1439
f 1015 1014 1012
f 1014 1011 1012
f 1027 1011 1026
f 1018 1026 1017
f 1024 1054 1013
f 1013 1046 1021
f 1060 1046 1033
f 1031 1032 1033
f 1034 1032 1031
f 1019 1034 1041
f 1080 1043 1037
f 1039 1080 1037
f 1081 1048 1038
f 1047 1038 1048
f 1047 1077 1038
f 1047 1048 1043
f 1043 1077 1047
f 1077 1042 1038
f 1040 1041 1042
f 1103 1631 1040
f 1103 1004 1090
f 1273 1401 1067
f 1288 1276 1289
f 574 544 540
f 544 564 543
f 564 547 549
f 546 549 547
f 549 543 564
f 543 541 544
f 541 540 544
f 540 1350 574
f 1342 1349 1346
f 1327 1342 1343
f 1323 1327 1325
f 1322 1324 1321
f 1316 1315 1311
f 1318 1317 1314
f 1329 1307 1306
f 1313 1328 1310
f 1300 1301 1302
f 1301 1300 1304
f 1305 1302 1301
f 1299 1302 1305
f 1285 1298 1296
f 1290 1293 1286
f 1452 1271 1454
f 1261 1260 1259
f 1162 1166 1626
f 1162 1626 1287
f 1162 1287 1627
f 1625 1162 1627
f 1625 1627 1287
f 1155 1626 1166
f 1155 1493 1626
f 1215 1191 918
f 1624 1625 1372
f 1109 1283 1284
f 1372 1625 1287
f 1177 1174 1173
f 1181 1173 1180
f 1176 1180 1171
f 1171 1169 1172
f 1115 1114 1117
f 1121 1124 1135
f 1124 1121 1137
f 1124 1137 1131
f 1117 1119 1115
f 1135 1145 1121
f 1135 1134 1145
f 1136 1141 1134
f 1120 1142 1141
f 1120 1133 1142
f 1156 1157 1153
f 1146 1147 1133
f 1148 1160 1153
f 1160 1156 1153
f 1157 1156 1158
f 1163 1148 1221
f 1225 1221 1227
f 1232 1230 1615
f 1232 1615 1309
f 1542 1309 1615
f 1544 1542 1615
f 1232 1231 1230
f 1240 1241 1338
f 1235 1240 1239
f 1235 1239 1238
f 1237 1235 1238
f 1544 1615 1614
f 1341 1613 1339
f 1243 1247 1246
f 1243 1246 1244
f 1243 1244 1245
f 1340 1339 1613
f 1366 1365 1575
f 1528 1533 1574
f 1528 1574 1529
f 1516 1515 1573
f 1507 1569 1567
f 1508 1507 1567
f 1567 1568 1508
f 1508 1568 1566
f 1565 1566 1568
f 1565 1568 1604
f 1602 1565 1604
f 1503 1603 1602
f 1601 1503 1602
f 1503 1505 1603
f 1494 1375 1369
f 1494 1376 1375
f 1155 1377 1493
f 1494 1384 1376
f 1571 1606 1608
f 1397 1557 1334
f 1397 1334 1535
f 1536 1397 1535
f 1560 1600 1599
f 1557 1558 1334
f 966 1552 964
f 560 966 558
f 1536 1535 1540
f 1596 1591 1605
f 1596 1595 1592
f 1502 1144 1509
f 1502 1509 1470
f 1029 1502 1469
f 1029 1469 1379
f 1029 1030 1468
f 1029 1468 1144
f 1139 1029 1144
f 1029 1139 1140
f 1139 1502 1140
f 1030 1281 1468
f 1140 1502 1029
f 1471 1470 1509
f 1502 1139 1144
f 1471 1509 1506
f 1471 1506 1472
f 1468 1281 1467
f 1621 988 987
f 1621 989 988
f 951 952 953
f 953 1477 951
f 996 951 1477
f 1479 1478 954
f 996 995 997
f 995 994 997
f 993 990 1436
f 1436 955 952
f 955 954 952
f 953 954 1478
f 997 951 996
f 953 952 954
f 993 1436 952
f 1622 989 1621
f 993 992 991
f 991 990 993
f 970 971 972
f 932 1095 994
f 1483 1484 1514
f 1484 970 1512
f 998 997 994
f 958 957 959
f 1618 1619 1487
f 1488 1487 1619
f 1490 1520 1519
f 1000 1001 1002
f 1491 1489 1485
f 1620 1618 1487
f 1527 1531 957
f 1498 1497 1531
f 1499 984 1219
f 1218 1550 986
f 558 559 560
f 559 557 560

usemtl BaseColor_0
f 1220 1501 984
f 971 970 1404
f 892 888 891
f 1220 1216 1500
f 1500 1216 1501
f 943 941 940
f 940 941 942
f 941 950 942
f 944 941 943
f 945 941 944
f 1511 1572 1510
f 1616 1617 948
f 947 948 949
f 912 915 914
f 912 914 913
f 912 913 910
f 912 910 909
f 909 910 911
f 1578 924 1554
f 924 886 925
f 886 899 898
f 898 884 886
f 884 885 886
f 901 903 904
f 901 904 902
f 900 901 902
f 901 926 903
f 902 904 921
f 886 894 895
f 898 899 885
f 937 924 938
f 878 1234 876
f 876 877 878
f 882 883 880
f 880 881 882
f 881 939 882
f 939 934 882
f 934 935 882
f 936 882 935
f 905 908 906
f 905 906 907
f 907 1255 905
f 905 1255 1256
f 1005 1004 1103
f 1086 1005 1103
f 875 873 872
f 872 873 874
f 1123 1460 1459
f 869 870 871
f 1459 1460 1272
f 1039 1005 1078
f 1078 1005 1086
f 907 1257 1255
f 946 882 936
f 1234 1233 1309
f 876 879 877
f 1309 1337 1234
f 1565 1602 1603
f 1565 1603 1505
f 948 1513 1616
f 1374 1369 1375
f 1128 535 1623
f 535 1130 1623
f 535 1336 1130
f 1469 1381 1379
f 929 933 931
f 931 932 928
f 931 928 930
f 930 928 927
f 927 928 929
f 892 891 893
f 891 888 890
f 890 888 887
f 887 888 889
f 1220 1500 1501
f 981 1501 1216


o Object.6
v 57.619003 -12.707999 19.050001 255 255 255
v 57.263405 -12.707999 19.050001 255 255 255
v 57.263405 -12.707999 0.000000 255 255 255
v 57.669800 -12.707999 19.050001 255 255 255
v 58.025398 -12.707999 19.050001 255 255 255
v 58.076210 -12.707999 19.050001 255 255 255
v 59.346203 -12.707999 19.050001 255 255 255
v 59.397011 -12.707999 19.050001 255 255 255
v 57.822201 -12.707999 19.964399 188 188 188
v 57.263405 -12.707999 19.964399 188 188 188
v 58.381012 -12.707999 19.964399 188 188 188
v 57.263405 -12.707999 20.472401 188 188 188
v 60.463806 -12.707999 19.050001 255 255 255
v 60.463806 -12.707999 19.964399 188 188 188
v 60.463806 -12.707999 20.472401 188 188 188
v 60.463806 -12.707999 0.000000 255 255 255
v 57.263405 10.558402 0.000000 255 255 255
v 60.463806 10.558402 0.000000 255 255 255
v 60.463806 10.558402 20.472401 188 188 188
v 57.263405 10.558402 20.472401 188 188 188
v 60.463806 10.558402 19.964399 188 188 188
v 60.463806 -7.069200 19.050001 255 255 255
v 60.463806 -8.491599 19.964399 188 188 188
v 60.463806 -7.170800 19.050001 255 255 255
v 60.463806 -10.015599 19.050001 255 255 255
v 60.463806 -4.224399 19.964399 188 188 188
v 60.463806 -9.914000 19.050001 255 255 255
v 60.463806 2.582802 19.050001 255 255 255
v 60.463806 2.989201 19.050001 255 255 255
v 60.463806 10.558402 19.050001 255 255 255
v 58.787407 10.558402 19.050001 255 255 255
v 58.736610 10.558402 19.050001 255 255 255
v 57.822201 10.558402 19.964399 188 188 188
v 57.263405 10.558402 19.050001 255 255 255
v 57.263405 10.558402 19.964399 188 188 188
v 57.669800 10.558402 19.050001 255 255 255
v 59.905010 10.558402 19.964399 188 188 188
v 60.108208 10.558402 19.050001 255 255 255
v 60.057411 10.558402 19.050001 255 255 255
v 57.263405 -8.491599 19.964399 188 188 188
v 57.263405 0.246002 19.050001 255 255 255
v 57.263405 0.144401 19.050001 255 255 255
v 57.263405 2.989201 19.050001 255 255 255
v 57.263405 -9.914000 19.050001 255 255 255
v 57.263405 6.392801 19.964399 188 188 188
v 57.263405 -9.507600 19.050001 255 255 255
v 57.263405 -12.606400 19.050001 255 255 255

v 60.463806 10.558402 20.472401 188 188 188
v 60.463806 10.558402 19.964399 188 188 188
v 60.463806 10.558402 20.472401 188 188 188
v 60.463806 -12.707999 20.472401 188 188 188
v 60.463806 -12.707999 20.472401 188 188 188
v 57.263405 -12.707999 20.472401 188 188 188
v 60.463806 -12.707999 19.964399 188 188 188
v 57.263405 -12.707999 20.472401 188 188 188
v 58.381012 -12.707999 19.964399 188 188 188
v 57.263405 -12.707999 20.472401 188 188 188
v 57.822201 -12.707999 19.964399 188 188 188
v 57.263405 -12.707999 20.472401 188 188 188
v 57.263405 -12.707999 19.964399 188 188 188
v 57.263405 -12.707999 20.472401 188 188 188
v 60.463806 10.558402 20.472401 188 188 188
v 57.822201 10.558402 19.964399 188 188 188
v 57.263405 10.558402 20.472401 188 188 188
v 57.263405 10.558402 20.472401 188 188 188
v 57.263405 10.558402 19.964399 188 188 188
v 57.263405 10.558402 20.472401 188 188 188
v 57.263405 6.392801 19.964399 188 188 188
v 57.263405 -8.491599 19.964399 188 188 188
v 57.263405 10.558402 20.472401 188 188 188
v 57.263405 -8.491599 19.964399 188 188 188
v 57.263405 -12.707999 20.472401 188 188 188
v 57.263405 -12.707999 20.472401 188 188 188
v 60.463806 10.558402 20.472401 188 188 188
v 57.263405 10.558402 20.472401 188 188 188
v 57.822201 10.558402 19.964399 188 188 188
v 60.463806 10.558402 20.472401 188 188 188
v 59.905010 10.558402 19.964399 188 188 188
v 60.463806 10.558402 19.964399 188 188 188
v 60.463806 -12.707999 20.472401 188 188 188
v 60.463806 -4.224399 19.964399 188 188 188
v 60.463806 -12.707999 20.472401 188 188 188
v 60.463806 -12.707999 19.964399 188 188 188
v 60.463806 -8.491599 19.964399 188 188 188
v 60.463806 -12.707999 20.472401 188 188 188

f 2327 2309 2311
f 2338 2305 2339
f 2340 2302 2341
f 2342 2343 2304
f 2301 2344 2345
f 2299 2346 2347
f 2300 2348 2349
f 2350 2351 2330
f 2325 2310 2323
f 2352 2353 2354
f 2355 2356 2335
f 2357 2358 2359
f 2360 2361 2362
f 2363 2364 2365
f 2366 2367 2368
f 2369 2370 2316
f 2371 2372 2313
f 2373 2374 2375

usemtl BaseColor_0
f 2291 2292 2293
f 2294 2291 2293
f 2295 2294 2293
f 2296 2295 2293
f 2297 2296 2293
f 2298 2297 2293
f 2293 2306 2298
f 2303 2298 2306
f 2306 2315 2303
f 2306 2312 2314
f 2306 2308 2312
f 2312 2308 2318
f 2320 2308 2328
f 2328 2308 2329
f 2329 2308 2321
f 2293 2337 2334
f 2293 2334 2336
f 2293 2336 2332
f 2293 2332 2331
f 2293 2331 2333
f 2293 2333 2324
f 2324 2307 2293
f 2307 2324 2308
f 2324 2326 2308
f 2322 2308 2326
f 2321 2308 2322
f 2320 2319 2308
f 2318 2308 2319
f 2308 2306 2307
f 2306 2314 2317
f 2306 2317 2315
f 2293 2307 2306
f 2293 2292 2337

usemtl BaseColor_0
f 2303 2315 2304
f 2317 2304 2315
f 2313 2304 2317
f 2317 2314 2313
f 2312 2313 2314
f 2312 2318 2316
f 2319 2316 2318
f 2311 2316 2319
f 2311 2319 2320
f 2328 2311 2320
f 2321 2327 2329
f 2311 2329 2327
f 2292 2300 2330
f 2330 2337 2292
f 2330 2334 2337
f 2326 2323 2322
f 2327 2322 2323
f 2324 2323 2326
f 2323 2324 2325
f 2332 2335 2325
f 2325 2324 2333
f 2325 2333 2331
f 2325 2331 2332
f 2335 2332 2336
f 2335 2336 2334
f 2334 2330 2335
f 2299 2300 2294
f 2301 2299 2296
f 2304 2301 2298
f 2322 2327 2321
f 2329 2311 2328
f 2316 2313 2312
f 2298 2303 2304
f 2297 2298 2301
f 2296 2297 2301
f 2295 2296 2299
f 2294 2295 2299
f 2291 2294 2300
f 2292 2291 2300


o Object.7
v 54.571007 -12.707999 19.050001 255 255 255
v 55.891808 -12.707999 19.050001 255 255 255
v 55.841000 -12.707999 19.964399 188 188 188
v 52.996201 -12.707999 19.050001 255 255 255
v 52.945404 -12.707999 19.050001 255 255 255
v 52.031010 -12.707999 17.322802 255 255 255
v 55.891808 -12.707999 19.964399 188 188 188
v 55.993401 -12.707999 19.964399 188 188 188
v 55.993401 -12.707999 19.050001 255 255 255
v 55.993401 -12.707999 20.828001 188 188 188
v 52.132603 -12.707999 20.828001 188 188 188
v 55.841000 -12.707999 20.472401 188 188 188
v 55.993401 -12.707999 0.000000 255 255 255
v 54.469402 -12.707999 19.050001 255 255 255
v 54.520199 -12.707999 19.050001 255 255 255
v 53.453403 -12.707999 19.964399 188 188 188
v 52.132603 -12.707999 20.472401 188 188 188
v 52.589806 -12.707999 19.050001 255 255 255
v 52.031010 -12.707999 0.000000 255 255 255
v 52.539009 -12.707999 19.050001 255 255 255
v 52.793003 -12.707999 19.964399 188 188 188
v 52.031010 -12.707999 20.472401 188 188 188
v 52.132603 -12.707999 19.964399 188 188 188
v 52.031010 -12.707999 19.050001 255 255 255
v 52.081806 -12.707999 19.050001 255 255 255
v 52.031010 -12.707999 19.964399 188 188 188
v 52.132603 -12.707999 19.050001 255 255 255
v 52.031010 6.291201 0.000000 255 255 255
v 55.993401 6.291201 0.000000 255 255 255
v 52.132603 6.291201 20.472401 188 188 188
v 52.031010 6.291201 20.472401 188 188 188
v 52.132603 6.291201 20.828001 188 188 188
v 55.993401 6.291201 20.828001 188 188 188
v 52.031010 6.291201 19.050001 255 255 255
v 52.031010 6.291201 19.964399 188 188 188
v 52.031010 0.093600 19.050001 255 255 255
v 52.031010 -2.141599 19.050001 255 255 255
v 52.031010 -2.243199 19.050001 255 255 255
v 52.031010 2.887601 19.964399 188 188 188
v 52.031010 -10.066400 19.050001 255 255 255
v 52.031010 -10.422000 19.050001 255 255 255
v 52.031010 -9.253599 19.964399 188 188 188
v 52.031010 -12.657200 19.050001 255 255 255
v 54.621803 6.291201 19.050001 255 255 255
v 55.993401 6.291201 19.964399 188 188 188
v 54.672600 6.291201 19.050001 255 255 255
v 55.993401 6.291201 19.050001 255 255 255
v 52.793003 6.291201 19.964399 188 188 188
v 55.841000 6.291201 20.472401 188 188 188
v 55.180599 6.291201 19.964399 188 188 188
v 52.132603 6.291201 19.050001 255 255 255
v 52.589806 6.291201 19.050001 255 255 255
v 54.571007 6.291201 19.050001 255 255 255
v 55.841000 6.291201 19.964399 188 188 188
v 54.520199 6.291201 19.050001 255 255 255
v 52.132603 6.291201 19.964399 188 188 188
v 52.640602 6.291201 19.050001 255 255 255
v 52.081806 6.291201 19.050001 255 255 255
v 54.113804 6.291201 19.050001 255 255 255
v 55.993401 -8.643999 19.964399 188 188 188
v 55.993401 -10.015599 19.050001 255 255 255
v 55.993401 -10.117200 19.050001 255 255 255
v 55.993401 -3.513199 19.050001 255 255 255
v 55.993401 1.008001 19.964399 188 188 188
v 55.993401 -3.767199 19.050001 255 255 255
v 55.993401 6.189600 19.050001 255 255 255
v 55.993401 2.735201 19.050001 255 255 255

v 55.891808 -12.707999 19.964399 188 188 188
v 55.841000 -12.707999 20.472401 188 188 188
v 55.841000 -12.707999 20.472401 188 188 188
v 55.841000 -12.707999 19.964399 188 188 188
v 52.132603 -12.707999 20.472401 188 188 188
v 55.841000 -12.707999 20.472401 188 188 188
v 52.132603 -12.707999 20.472401 188 188 188
v 52.132603 -12.707999 20.828001 188 188 188
v 52.132603 6.291201 20.472401 188 188 188
v 52.132603 -12.707999 20.472401 188 188 188
v 52.132603 -12.707999 20.472401 188 188 188
v 52.031010 6.291201 20.472401 188 188 188
v 52.031010 6.291201 20.472401 188 188 188
v 52.031010 -12.707999 20.472401 188 188 188
v 52.031010 6.291201 20.472401 188 188 188
v 52.031010 -9.253599 19.964399 188 188 188
v 52.031010 6.291201 20.472401 188 188 188
v 52.031010 2.887601 19.964399 188 188 188
v 52.132603 -12.707999 20.472401 188 188 188
v 52.031010 -12.707999 20.472401 188 188 188
v 52.132603 6.291201 20.472401 188 188 188
v 52.031010 6.291201 19.964399 188 188 188
v 52.031010 6.291201 20.472401 188 188 188
v 52.031010 6.291201 19.964399 188 188 188
v 52.132603 6.291201 20.472401 188 188 188
v 55.180599 6.291201 19.964399 188 188 188
v 55.841000 6.291201 20.472401 188 188 188
v 55.841000 6.291201 19.964399 188 188 188
v 55.993401 6.291201 20.828001 188 188 188
v 55.993401 6.291201 19.964399 188 188 188
v 55.993401 1.008001 19.964399 188 188 188
v 55.993401 -12.707999 19.964399 188 188 188
v 55.993401 -8.643999 19.964399 188 188 188
v 55.993401 -12.707999 20.828001 188 188 188
v 55.993401 6.291201 20.828001 188 188 188
v 55.993401 -12.707999 20.828001 188 188 188
v 55.993401 1.008001 19.964399 188 188 188
v 55.993401 6.291201 20.828001 188 188 188
v 55.993401 -12.707999 20.828001 188 188 188
v 52.132603 -12.707999 20.828001 188 188 188
v 55.993401 -12.707999 20.828001 188 188 188
v 52.132603 6.291201 20.828001 188 188 188
v 55.993401 6.291201 20.828001 188 188 188
v 55.841000 6.291201 20.472401 188 188 188
v 52.132603 6.291201 20.828001 188 188 188
v 52.132603 6.291201 20.472401 188 188 188
v 52.132603 6.291201 20.828001 188 188 188
v 55.841000 6.291201 20.472401 188 188 188
v 55.993401 6.291201 20.828001 188 188 188
v 55.841000 6.291201 19.964399 188 188 188
v 55.841000 6.291201 20.472401 188 188 188
v 55.841000 6.291201 20.472401 188 188 188
v 52.793003 6.291201 19.964399 188 188 188
v 52.132603 6.291201 20.472401 188 188 188
v 52.132603 6.291201 19.964399 188 188 188
v 52.132603 6.291201 20.472401 188 188 188
v 52.793003 6.291201 19.964399 188 188 188
v 52.132603 6.291201 20.828001 188 188 188
v 52.132603 6.291201 20.472401 188 188 188
v 52.132603 -12.707999 20.828001 188 188 188
v 55.993401 -12.707999 20.828001 188 188 188
v 52.132603 -12.707999 20.828001 188 188 188
v 55.841000 -12.707999 20.472401 188 188 188
v 55.993401 -12.707999 20.828001 188 188 188
v 55.841000 -12.707999 20.472401 188 188 188
v 55.993401 -12.707999 19.964399 188 188 188
v 52.031010 -12.707999 20.472401 188 188 188
v 52.031010 -9.253599 19.964399 188 188 188
v 52.031010 -12.707999 19.964399 188 188 188
v 52.132603 -12.707999 19.964399 188 188 188
v 52.031010 -12.707999 20.472401 188 188 188
v 52.132603 -12.707999 19.964399 188 188 188
v 52.132603 -12.707999 20.472401 188 188 188
v 52.793003 -12.707999 19.964399 188 188 188
v 52.132603 -12.707999 20.472401 188 188 188
v 53.453403 -12.707999 19.964399 188 188 188
v 55.841000 -12.707999 19.964399 188 188 188
v 52.132603 -12.707999 20.472401 188 188 188

f 2382 2383 2387
f 2378 2443 2444
f 2445 2392 2446
f 2447 2448 2386
f 2449 2450 2405
f 2451 2406 2452
f 2397 2453 2454
f 2455 2417 2456
f 2457 2414 2458
f 2459 2410 2460
f 2461 2462 2398
f 2463 2464 2465
f 2466 2467 2431
f 2423 2424 2425
f 2468 2469 2429
f 2470 2408 2420
f 2471 2439 2472
f 2473 2385 2435
f 2474 2475 2476
f 2477 2478 2479
f 2480 2407 2481
f 2482 2483 2484
f 2485 2486 2487
f 2488 2489 2490
f 2491 2492 2493
f 2494 2495 2496
f 2497 2498 2499
f 2500 2501 2502
f 2503 2504 2505
f 2506 2507 2508
f 2401 2509 2510
f 2511 2512 2513
f 2514 2396 2515
f 2516 2391 2517
f 2518 2519 2520

usemtl BaseColor_0
f 2376 2377 2378
f 2390 2376 2378
f 2378 2391 2390
f 2389 2390 2391
f 2379 2389 2391
f 2391 2396 2379
f 2380 2379 2396
f 2393 2380 2396
f 2396 2398 2393
f 2395 2393 2398
f 2402 2395 2398
f 2398 2401 2402
f 2400 2402 2401
f 2399 2400 2401
f 2399 2401 2417
f 2417 2418 2399
f 2377 2384 2382
f 2383 2382 2384
f 2416 2417 2414
f 2413 2414 2410
f 2431 2409 2410
f 2409 2431 2433
f 2426 2423 2427
f 2425 2427 2423
f 2429 2434 2425
f 2432 2425 2434
f 2430 2429 2428
f 2420 2428 2429
f 2420 2439 2422
f 2421 2420 2422
f 2441 2439 2442
f 2438 2442 2439
f 2439 2435 2438
f 2435 2383 2436
f 2419 2420 2421
f 2422 2439 2441
f 2428 2420 2419
f 2434 2429 2430
f 2427 2425 2432
f 2423 2426 2431
f 2433 2431 2426
f 2384 2437 2383
f 2436 2383 2437
f 2436 2440 2435
f 2438 2435 2440
f 2410 2409 2411
f 2410 2411 2412
f 2410 2412 2413
f 2414 2413 2415
f 2414 2415 2416
f 2417 2416 2418
f 2382 2378 2377

usemtl BaseColor_0
f 2381 2399 2418
f 2381 2418 2416
f 2381 2416 2415
f 2381 2415 2413
f 2381 2413 2412
f 2381 2412 2411
f 2381 2411 2409
f 2409 2403 2381
f 2394 2381 2403
f 2394 2403 2404
f 2404 2388 2394
f 2388 2404 2438
f 2388 2438 2440
f 2388 2440 2436
f 2388 2436 2437
f 2388 2437 2384
f 2384 2377 2388
f 2433 2404 2409
f 2426 2404 2433
f 2427 2404 2426
f 2434 2404 2432
f 2430 2404 2434
f 2428 2404 2430
f 2422 2404 2421
f 2421 2404 2419
f 2422 2441 2404
f 2442 2404 2441
f 2419 2404 2428
f 2432 2404 2427
f 2438 2404 2442
f 2394 2388 2381
f 2376 2381 2388
f 2403 2409 2404
f 2399 2381 2400
f 2400 2381 2402
f 2402 2381 2395
f 2393 2395 2381
f 2393 2381 2380
f 2379 2380 2381
f 2389 2379 2381
f 2390 2389 2381
f 2376 2390 2381
f 2377 2376 2388


o Object.8
v 61.784607 -12.707999 20.472401 188 188 188
v 63.562611 -12.707999 20.472401 188 188 188
v 61.784607 -12.707999 20.828001 188 188 188
v 61.683002 -12.707999 19.050001 255 255 255
v 61.886211 -12.707999 19.050001 255 255 255
v 61.683002 -12.707999 19.964399 188 188 188
v 62.902210 -12.707999 19.050001 255 255 255
v 62.191002 -12.707999 19.050001 255 255 255
v 61.581409 -12.707999 0.000000 255 255 255
v 63.003803 -12.707999 19.050001 255 255 255
v 62.953007 -12.707999 19.050001 255 255 255
v 61.581409 -12.707999 19.050001 255 255 255
v 61.632206 -12.707999 19.050001 255 255 255
v 63.562611 -12.707999 19.964399 188 188 188
v 61.581409 -12.707999 19.964399 188 188 188
v 63.054611 -12.707999 19.050001 255 255 255
v 63.765808 -12.707999 19.050001 255 255 255
v 63.816605 -12.707999 19.050001 255 255 255
v 63.867401 -12.707999 19.050001 255 255 255
v 61.581409 -12.707999 20.472401 188 188 188
v 63.664204 -12.707999 19.964399 188 188 188
v 61.937008 -12.707999 19.050001 255 255 255
v 62.089409 -12.707999 19.964399 188 188 188
v 62.445007 -12.707999 19.964399 188 188 188
v 63.765808 -12.707999 19.964399 188 188 188
v 63.867401 -12.707999 20.828001 188 188 188
v 63.867401 -12.707999 19.964399 188 188 188
v 63.867401 -12.707999 0.000000 255 255 255
v 62.140205 -12.707999 19.050001 255 255 255
v 61.683002 8.170801 19.050001 255 255 255
v 61.581409 8.170801 0.000000 255 255 255
v 61.581409 8.170801 19.050001 255 255 255
v 62.089409 8.170801 19.964399 188 188 188
v 61.683002 8.170801 19.964399 188 188 188
v 61.784607 8.170801 20.472401 188 188 188
v 61.581409 8.170801 19.964399 188 188 188
v 61.581409 8.170801 20.472401 188 188 188
v 62.699001 8.170801 19.050001 255 255 255
v 63.308605 8.170801 19.964399 188 188 188
v 63.461006 8.170801 19.050001 255 255 255
v 63.765808 8.170801 19.964399 188 188 188
v 63.867401 8.170801 20.828001 188 188 188
v 63.867401 8.170801 19.964399 188 188 188
v 63.562611 8.170801 19.964399 188 188 188
v 63.562611 8.170801 20.472401 188 188 188
v 61.784607 8.170801 20.828001 188 188 188
v 61.937008 8.170801 19.050001 255 255 255
v 63.664204 8.170801 19.050001 255 255 255
v 62.648205 8.170801 19.050001 255 255 255
v 63.867401 8.170801 17.322802 255 255 255
v 63.867401 8.170801 0.000000 255 255 255
v 63.765808 8.170801 19.050001 255 255 255
v 63.867401 8.170801 19.050001 255 255 255
v 63.715012 8.170801 19.050001 255 255 255
v 63.511803 8.170801 19.050001 255 255 255
v 63.867401 2.887601 19.964399 188 188 188
v 63.867401 -2.243199 19.050001 255 255 255
v 63.867401 1.109601 19.050001 255 255 255
v 63.867401 -7.628000 19.964399 188 188 188
v 63.867401 -9.304399 19.050001 255 255 255
v 63.867401 -2.497200 19.050001 255 255 255
v 63.867401 1.262001 19.050001 255 255 255
v 63.867401 -9.406000 19.050001 255 255 255
v 61.581409 -8.948799 19.964399 188 188 188
v 61.581409 5.681601 19.050001 255 255 255
v 61.581409 5.580001 19.050001 255 255 255
v 61.581409 -10.218800 19.050001 255 255 255
v 61.581409 -12.606400 19.050001 255 255 255
v 61.581409 -3.360799 19.050001 255 255 255
v 61.581409 -2.954400 19.050001 255 255 255
v 61.581409 4.411601 19.964399 188 188 188

v 61.784607 -12.707999 20.472401 188 188 188
v 61.784607 -12.707999 20.828001 188 188 188
v 61.784607 8.170801 20.828001 188 188 188
v 61.784607 -12.707999 20.472401 188 188 188
v 61.784607 8.170801 20.472401 188 188 188
v 61.784607 -12.707999 20.472401 188 188 188
v 61.784607 -12.707999 20.472401 188 188 188
v 61.581409 -12.707999 20.472401 188 188 188
v 61.683002 -12.707999 19.964399 188 188 188
v 61.784607 -12.707999 20.472401 188 188 188
v 62.089409 -12.707999 19.964399 188 188 188
v 61.784607 -12.707999 20.472401 188 188 188
v 62.445007 -12.707999 19.964399 188 188 188
v 61.784607 -12.707999 20.472401 188 188 188
v 63.867401 8.170801 20.828001 188 188 188
v 63.867401 8.170801 19.964399 188 188 188
v 63.867401 8.170801 20.828001 188 188 188
v 63.562611 8.170801 19.964399 188 188 188
v 63.562611 8.170801 20.472401 188 188 188
v 63.867401 8.170801 20.828001 188 188 188
v 63.562611 8.170801 20.472401 188 188 188
v 61.784607 8.170801 20.828001 188 188 188
v 63.867401 8.170801 20.828001 188 188 188
v 61.784607 8.170801 20.828001 188 188 188
v 63.562611 8.170801 20.472401 188 188 188
v 63.308605 8.170801 19.964399 188 188 188
v 61.581409 8.170801 20.472401 188 188 188
v 61.581409 4.411601 19.964399 188 188 188
v 61.581409 8.170801 20.472401 188 188 188
v 61.581409 -8.948799 19.964399 188 188 188
v 61.581409 -12.707999 20.472401 188 188 188
v 61.581409 -12.707999 20.472401 188 188 188
v 61.581409 -8.948799 19.964399 188 188 188
v 61.784607 8.170801 20.472401 188 188 188
v 61.581409 8.170801 19.964399 188 188 188
v 61.581409 8.170801 20.472401 188 188 188
v 61.581409 8.170801 19.964399 188 188 188
v 61.784607 8.170801 20.472401 188 188 188
v 61.683002 8.170801 19.964399 188 188 188
v 61.784607 8.170801 20.472401 188 188 188
v 62.089409 8.170801 19.964399 188 188 188
v 63.562611 8.170801 20.472401 188 188 188
v 62.089409 8.170801 19.964399 188 188 188
v 61.784607 8.170801 20.472401 188 188 188
v 63.562611 8.170801 19.964399 188 188 188
v 63.867401 8.170801 20.828001 188 188 188
v 63.765808 8.170801 19.964399 188 188 188
v 63.867401 8.170801 20.828001 188 188 188
v 63.867401 -12.707999 20.828001 188 188 188
v 63.867401 2.887601 19.964399 188 188 188
v 63.867401 2.887601 19.964399 188 188 188
v 63.867401 -12.707999 20.828001 188 188 188
v 63.867401 -7.628000 19.964399 188 188 188
v 63.867401 -12.707999 20.828001 188 188 188
v 63.867401 -12.707999 19.964399 188 188 188
v 63.867401 -12.707999 20.828001 188 188 188
v 63.867401 -12.707999 20.828001 188 188 188
v 63.562611 -12.707999 20.472401 188 188 188
v 63.765808 -12.707999 19.964399 188 188 188
v 63.765808 -12.707999 19.964399 188 188 188
v 63.562611 -12.707999 20.472401 188 188 188
v 63.562611 -12.707999 19.964399 188 188 188
v 63.664204 -12.707999 19.964399 188 188 188
v 63.562611 -12.707999 20.472401 188 188 188
v 61.581409 -12.707999 19.964399 188 188 188
v 61.683002 -12.707999 19.964399 188 188 188
v 61.581409 -12.707999 20.472401 188 188 188
v 61.581409 -12.707999 20.472401 188 188 188
v 61.784607 8.170801 20.472401 188 188 188
v 61.581409 8.170801 20.472401 188 188 188
v 61.784607 8.170801 20.472401 188 188 188
v 61.784607 8.170801 20.828001 188 188 188
v 63.562611 8.170801 20.472401 188 188 188
v 61.784607 -12.707999 20.828001 188 188 188
v 63.867401 -12.707999 20.828001 188 188 188
v 61.784607 8.170801 20.828001 188 188 188
v 63.867401 -12.707999 20.828001 188 188 188
v 61.784607 -12.707999 20.828001 188 188 188
v 63.562611 -12.707999 20.472401 188 188 188
v 63.562611 -12.707999 20.472401 188 188 188
v 61.784607 -12.707999 20.472401 188 188 188
v 63.562611 -12.707999 19.964399 188 188 188

f 2521 2522 2523
f 2592 2593 2566
f 2594 2555 2595
f 2596 2540 2597
f 2598 2599 2526
f 2600 2543 2601
f 2602 2544 2603
f 2604 2534 2605
f 2562 2576 2563
f 2561 2606 2607
f 2559 2565 2564
f 2608 2609 2610
f 2611 2612 2613
f 2614 2615 2546
f 2553 2616 2617
f 2557 2556 2591
f 2618 2619 2584
f 2620 2621 2622
f 2535 2623 2624
f 2625 2626 2627
f 2628 2629 2554
f 2630 2631 2632
f 2633 2634 2635
f 2636 2637 2638
f 2639 2640 2641
f 2642 2643 2579
f 2547 2644 2645
f 2545 2646 2647
f 2648 2649 2650
f 2541 2651 2652
f 2653 2654 2655
f 2656 2657 2658
f 2659 2660 2661
f 2662 2663 2664
f 2665 2666 2667
f 2668 2669 2670
f 2671 2672 2673

usemtl BaseColor_0
f 2534 2544 2531
f 2531 2530 2534
f 2541 2534 2530
f 2530 2536 2541
f 2545 2541 2536
f 2536 2537 2545
f 2537 2538 2545
f 2538 2539 2545
f 2547 2545 2539
f 2539 2583 2547
f 2580 2547 2583
f 2580 2581 2579
f 2577 2579 2581
f 2576 2579 2577
f 2576 2577 2578
f 2576 2578 2582
f 2582 2563 2576
f 2563 2572 2561
f 2574 2561 2572
f 2575 2564 2568
f 2561 2568 2564
f 2560 2564 2575
f 2564 2560 2559
f 2559 2569 2553
f 2567 2553 2569
f 2556 2552 2585
f 2556 2585 2586
f 2556 2586 2591
f 2532 2535 2584
f 2584 2588 2532
f 2591 2590 2589
f 2587 2584 2589
f 2533 2524 2535
f 2526 2535 2524
f 2524 2525 2526
f 2525 2542 2526
f 2542 2549 2543
f 2549 2528 2543
f 2528 2527 2544
f 2584 2587 2588
f 2532 2533 2535
f 2591 2589 2584
f 2553 2550 2554
f 2552 2554 2550
f 2590 2591 2586
f 2554 2552 2556
f 2550 2553 2567
f 2569 2559 2558
f 2558 2559 2560
f 2568 2561 2574
f 2572 2563 2573
f 2563 2582 2573
f 2579 2547 2580
f 2527 2531 2544
f 2544 2543 2528
f 2543 2526 2542

usemtl BaseColor_0
f 2548 2580 2583
f 2548 2581 2580
f 2572 2570 2574
f 2574 2570 2568
f 2568 2570 2575
f 2569 2570 2567
f 2551 2567 2570
f 2551 2570 2571
f 2571 2548 2551
f 2529 2551 2548
f 2529 2548 2539
f 2529 2585 2551
f 2552 2551 2585
f 2529 2532 2588
f 2529 2588 2587
f 2529 2587 2589
f 2529 2589 2590
f 2529 2590 2586
f 2532 2529 2533
f 2533 2529 2524
f 2525 2529 2542
f 2542 2529 2549
f 2549 2529 2528
f 2527 2528 2529
f 2527 2529 2531
f 2524 2529 2525
f 2550 2551 2552
f 2529 2586 2585
f 2570 2548 2571
f 2548 2570 2582
f 2573 2582 2570
f 2567 2551 2550
f 2558 2570 2569
f 2560 2570 2558
f 2575 2570 2560
f 2573 2570 2572
f 2548 2582 2578
f 2548 2578 2577
f 2548 2577 2581
f 2548 2583 2539
f 2539 2538 2529
f 2538 2537 2529
f 2537 2536 2529
f 2536 2530 2529
f 2530 2531 2529


o Object.9
v -63.081795 -12.707999 19.964399 188 188 188
v -62.319798 -12.707999 19.964399 188 188 188
v -63.792999 -12.707999 20.472401 188 188 188
v -63.792999 -12.707999 19.964399 188 188 188
v -63.335800 -12.707999 19.050001 255 255 255
v -59.576595 -12.707999 19.050001 255 255 255
v -59.474995 -12.707999 19.050001 255 255 255
v -63.386597 -12.707999 19.050001 255 255 255
v -61.354599 -12.707999 19.050001 255 255 255
v -61.913395 -12.707999 19.050001 255 255 255
v -59.474995 -12.707999 0.000000 255 255 255
v -63.792999 -12.707999 19.050001 255 255 255
v -59.474995 -12.707999 19.964399 188 188 188
v -59.474995 -12.707999 20.472401 188 188 188
v -63.792999 -12.707999 0.000000 255 255 255
v -63.792999 10.914001 0.000000 255 255 255
v -59.474995 10.914001 0.000000 255 255 255
v -59.474995 10.914001 20.472401 188 188 188
v -63.792999 10.914001 20.472401 188 188 188
v -59.474995 -0.160399 19.050001 255 255 255
v -59.474995 -9.914000 19.050001 255 255 255
v -59.474995 8.018401 19.050001 255 255 255
v -59.474995 10.761600 19.050001 255 255 255
v -59.474995 10.914001 19.050001 255 255 255
v -59.474995 6.596002 19.964399 188 188 188
v -59.474995 -8.491599 19.964399 188 188 188
v -59.474995 10.914001 19.964399 188 188 188
v -59.474995 -10.015599 19.050001 255 255 255
v -59.474995 0.246002 19.050001 255 255 255
v -60.338600 10.914001 19.964399 188 188 188
v -62.014999 10.914001 19.050001 255 255 255
v -61.049797 10.914001 19.964399 188 188 188
v -61.456200 10.914001 19.050001 255 255 255
v -61.507000 10.914001 19.050001 255 255 255
v -60.948200 10.914001 19.050001 255 255 255
v -63.792999 10.914001 19.050001 255 255 255
v -63.742195 10.914001 19.050001 255 255 255
v -63.792999 10.914001 19.964399 188 188 188
v -63.792999 6.596002 19.964399 188 188 188
v -63.792999 -1.684399 19.050001 255 255 255
v -63.792999 -2.090799 19.050001 255 255 255
v -63.792999 -5.037199 19.050001 255 255 255
v -63.792999 8.069201 19.050001 255 255 255
v -63.792999 8.170801 19.050001 255 255 255
v -63.792999 -8.389999 19.964399 188 188 188
v -63.792999 -4.884799 19.050001 255 255 255

v -63.081795 -12.707999 19.964399 188 188 188
v -63.792999 -12.707999 20.472401 188 188 188
v -63.792999 -12.707999 19.964399 188 188 188
v -63.792999 -12.707999 20.472401 188 188 188
v -59.474995 -12.707999 20.472401 188 188 188
v -63.792999 -12.707999 20.472401 188 188 188
v -59.474995 -12.707999 19.964399 188 188 188
v -63.792999 -12.707999 20.472401 188 188 188
v -59.474995 -12.707999 20.472401 188 188 188
v -59.474995 10.914001 20.472401 188 188 188
v -59.474995 -12.707999 20.472401 188 188 188
v -59.474995 10.914001 20.472401 188 188 188
v -59.474995 6.596002 19.964399 188 188 188
v -59.474995 10.914001 20.472401 188 188 188
v -59.474995 10.914001 19.964399 188 188 188
v -59.474995 10.914001 20.472401 188 188 188
v -59.474995 10.914001 20.472401 188 188 188
v -63.792999 10.914001 19.964399 188 188 188
v -63.792999 10.914001 20.472401 188 188 188
v -63.792999 10.914001 19.964399 188 188 188
v -63.792999 10.914001 20.472401 188 188 188
v -63.792999 6.596002 19.964399 188 188 188
v -63.792999 -8.389999 19.964399 188 188 188
v -61.049797 10.914001 19.964399 188 188 188
v -59.474995 10.914001 20.472401 188 188 188
v -60.338600 10.914001 19.964399 188 188 188
v -63.792999 -12.707999 20.472401 188 188 188
v -59.474995 10.914001 20.472401 188 188 188
v -63.792999 10.914001 20.472401 188 188 188
v -59.474995 6.596002 19.964399 188 188 188
v -59.474995 -12.707999 20.472401 188 188 188
v -59.474995 -8.491599 19.964399 188 188 188
v -63.792999 10.914001 20.472401 188 188 188
v -63.792999 -8.389999 19.964399 188 188 188
v -63.792999 -12.707999 20.472401 188 188 188
v -62.319798 -12.707999 19.964399 188 188 188
v -59.474995 -12.707999 19.964399 188 188 188
v -63.792999 -12.707999 20.472401 188 188 188

f 2674 2675 2676
f 2677 2720 2721
f 2722 2723 2718
f 2686 2699 2687
f 2724 2725 2726
f 2691 2727 2728
f 2729 2730 2698
f 2731 2732 2700
f 2703 2733 2734
f 2711 2735 2705
f 2736 2737 2692
f 2738 2739 2712
f 2740 2741 2742
f 2743 2744 2745
f 2746 2747 2748
f 2749 2750 2751
f 2752 2753 2754
f 2755 2756 2757

usemtl BaseColor_0
f 2677 2718 2715
f 2685 2677 2715
f 2696 2698 2695
f 2702 2695 2698
f 2698 2699 2702
f 2702 2699 2693
f 2681 2678 2677
f 2678 2683 2674
f 2683 2682 2674
f 2682 2679 2675
f 2679 2680 2675
f 2686 2675 2680
f 2680 2701 2686
f 2694 2686 2701
f 2699 2686 2694
f 2700 2707 2703
f 2704 2703 2707
f 2710 2705 2704
f 2709 2705 2710
f 2705 2709 2711
f 2712 2714 2718
f 2714 2719 2718
f 2711 2717 2716
f 2713 2712 2716
f 2712 2713 2714
f 2711 2716 2712
f 2711 2709 2717
f 2706 2700 2708
f 2708 2700 2697
f 2703 2704 2705
f 2707 2700 2706
f 2700 2698 2697
f 2694 2693 2699
f 2697 2698 2696
f 2685 2681 2677
f 2719 2715 2718
f 2674 2677 2678
f 2675 2674 2682

usemtl BaseColor_0
f 2685 2715 2689
f 2688 2685 2689
f 2688 2689 2684
f 2690 2684 2689
f 2689 2697 2690
f 2697 2696 2690
f 2695 2690 2696
f 2684 2702 2693
f 2684 2693 2694
f 2684 2694 2701
f 2684 2701 2680
f 2680 2679 2684
f 2679 2682 2684
f 2682 2683 2684
f 2683 2678 2684
f 2678 2681 2684
f 2681 2685 2684
f 2707 2689 2704
f 2704 2689 2710
f 2719 2714 2689
f 2714 2713 2689
f 2713 2716 2689
f 2716 2717 2689
f 2709 2689 2717
f 2710 2689 2709
f 2706 2689 2707
f 2708 2689 2706
f 2684 2695 2702
f 2697 2689 2708
f 2684 2690 2695
f 2688 2684 2685
f 2715 2719 2689


o Object.10
v -31.280996 -12.707999 19.050001 255 255 255
v -29.502998 -12.707999 19.050001 255 255 255
v -30.976198 -12.707999 19.964399 188 188 188
v -31.941397 -12.707999 19.964399 188 188 188
v -31.941397 -12.707999 20.472401 188 188 188
v -26.556597 -12.707999 19.050001 255 255 255
v -26.505798 -12.707999 19.050001 255 255 255
v -30.010998 -12.707999 19.964399 188 188 188
v -26.505798 -12.707999 20.472401 188 188 188
v -26.505798 -12.707999 19.964399 188 188 188
v -31.331797 -12.707999 19.050001 255 255 255
v -28.791798 -12.707999 19.050001 255 255 255
v -26.505798 -12.707999 0.000000 255 255 255
v -28.842598 -12.707999 19.050001 255 255 255
v -31.941397 -12.707999 19.050001 255 255 255
v -31.941397 -12.707999 0.000000 255 255 255
v -31.941397 11.422001 0.000000 255 255 255
v -26.505798 11.422001 0.000000 255 255 255
v -26.505798 11.422001 20.472401 188 188 188
v -31.941397 11.422001 20.472401 188 188 188
v -31.941397 7.053202 19.964399 188 188 188
v -31.941397 -1.481199 19.050001 255 255 255
v -31.941397 -1.887599 19.050001 255 255 255
v -31.941397 11.422001 19.964399 188 188 188
v -31.941397 -4.732399 19.050001 255 255 255
v -31.941397 -8.288399 19.964399 188 188 188
v -31.941397 8.475601 19.050001 255 255 255
v -31.941397 11.422001 17.322802 255 255 255
v -31.941397 11.422001 19.050001 255 255 255
v -31.941397 8.577202 19.050001 255 255 255
v -31.941397 -4.834000 19.050001 255 255 255
v -29.401396 11.422001 19.050001 255 255 255
v -26.505798 11.422001 17.322802 255 255 255
v -29.502998 11.422001 19.050001 255 255 255
v -27.166199 11.422001 19.050001 255 255 255
v -27.115396 11.422001 19.050001 255 255 255
v -26.505798 11.422001 19.050001 255 255 255
v -30.976198 11.422001 19.964399 188 188 188
v -27.470997 11.422001 19.964399 188 188 188
v -30.163395 11.422001 19.050001 255 255 255
v -30.214199 11.422001 19.050001 255 255 255
v -26.505798 11.422001 19.964399 188 188 188
v -26.505798 -9.914000 19.050001 255 255 255
v -26.505798 1.058802 19.050001 255 255 255
v -26.505798 -8.288399 19.964399 188 188 188
v -26.505798 0.906401 19.050001 255 255 255
v -26.505798 -3.919599 19.964399 188 188 188
v -26.505798 -9.812399 19.050001 255 255 255
v -26.505798 -1.887599 19.050001 255 255 255
v -26.505798 10.964801 19.050001 255 255 255

v -27.470997 11.422001 19.964399 188 188 188
v -26.505798 11.422001 20.472401 188 188 188
v -30.010998 -12.707999 19.964399 188 188 188
v -31.941397 -12.707999 20.472401 188 188 188
v -31.941397 -12.707999 20.472401 188 188 188
v -26.505798 -12.707999 19.964399 188 188 188
v -31.941397 -12.707999 20.472401 188 188 188
v -26.505798 -12.707999 20.472401 188 188 188
v -31.941397 11.422001 20.472401 188 188 188
v -31.941397 -12.707999 20.472401 188 188 188
v -31.941397 -12.707999 20.472401 188 188 188
v -31.941397 -8.288399 19.964399 188 188 188
v -31.941397 11.422001 20.472401 188 188 188
v -31.941397 -8.288399 19.964399 188 188 188
v -31.941397 11.422001 20.472401 188 188 188
v -30.976198 11.422001 19.964399 188 188 188
v -31.941397 11.422001 20.472401 188 188 188
v -31.941397 11.422001 19.964399 188 188 188
v -31.941397 7.053202 19.964399 188 188 188
v -26.505798 11.422001 20.472401 188 188 188
v -31.941397 11.422001 20.472401 188 188 188
v -26.505798 -12.707999 20.472401 188 188 188
v -26.505798 -12.707999 19.964399 188 188 188
v -26.505798 -12.707999 20.472401 188 188 188
v -26.505798 -12.707999 20.472401 188 188 188
v -26.505798 -8.288399 19.964399 188 188 188
v -26.505798 11.422001 19.964399 188 188 188
v -26.505798 -12.707999 20.472401 188 188 188
v -26.505798 -3.919599 19.964399 188 188 188
v -26.505798 11.422001 20.472401 188 188 188
v -26.505798 -12.707999 20.472401 188 188 188
v -26.505798 11.422001 19.964399 188 188 188
v -26.505798 11.422001 20.472401 188 188 188
v -30.976198 11.422001 19.964399 188 188 188
v -31.941397 11.422001 20.472401 188 188 188
v -31.941397 -12.707999 19.964399 188 188 188
v -30.976198 -12.707999 19.964399 188 188 188
v -31.941397 -12.707999 20.472401 188 188 188

f 2795 2776 2796
f 2808 2809 2799
f 2760 2765 2762
f 2810 2767 2811
f 2766 2812 2813
f 2814 2815 2777
f 2816 2783 2817
f 2761 2818 2819
f 2820 2778 2821
f 2781 2822 2823
f 2824 2825 2826
f 2827 2828 2829
f 2830 2802 2831
f 2804 2832 2833
f 2834 2835 2836
f 2837 2838 2839
f 2840 2841 2842
f 2843 2844 2845

usemtl BaseColor_0
f 2758 2759 2760
f 2760 2761 2758
f 2768 2758 2761
f 2772 2768 2761
f 2772 2761 2788
f 2797 2795 2791
f 2796 2791 2795
f 2799 2792 2796
f 2789 2796 2792
f 2793 2799 2794
f 2799 2804 2794
f 2794 2804 2807
f 2807 2804 2801
f 2801 2802 2803
f 2803 2802 2806
f 2805 2806 2802
f 2802 2767 2805
f 2805 2767 2800
f 2764 2800 2767
f 2767 2765 2764
f 2763 2764 2765
f 2769 2763 2765
f 2765 2760 2769
f 2771 2769 2760
f 2778 2780 2783
f 2780 2782 2783
f 2782 2788 2783
f 2781 2786 2787
f 2786 2781 2798
f 2795 2798 2781
f 2781 2787 2784
f 2781 2784 2778
f 2779 2778 2784
f 2778 2779 2780
f 2802 2801 2804
f 2792 2799 2793
f 2791 2796 2789
f 2798 2795 2797
f 2761 2783 2788
f 2759 2771 2760

usemtl BaseColor_0
f 2772 2788 2785
f 2785 2774 2772
f 2773 2772 2774
f 2773 2774 2770
f 2775 2770 2774
f 2790 2770 2775
f 2790 2775 2785
f 2785 2797 2790
f 2791 2790 2797
f 2792 2790 2789
f 2793 2790 2792
f 2794 2790 2793
f 2801 2790 2807
f 2803 2790 2801
f 2800 2790 2805
f 2769 2771 2770
f 2771 2759 2770
f 2763 2769 2770
f 2764 2763 2770
f 2782 2780 2785
f 2780 2779 2785
f 2779 2784 2785
f 2784 2787 2785
f 2786 2785 2787
f 2798 2785 2786
f 2770 2800 2764
f 2805 2790 2806
f 2806 2790 2803
f 2794 2807 2790
f 2789 2790 2791
f 2797 2785 2798
f 2770 2790 2800
f 2773 2770 2772
f 2774 2785 2775
f 2788 2782 2785
f 2768 2772 2770
f 2758 2768 2770
f 2759 2758 2770


o Object.11
v -36.259396 -12.707999 19.964399 188 188 188
v -36.157799 -12.707999 19.964399 188 188 188
v -36.360996 -12.707999 20.828001 188 188 188
v -36.462597 -12.707999 19.964399 188 188 188
v -36.360996 -12.707999 19.964399 188 188 188
v -36.564198 -12.707999 20.472401 188 188 188
v -36.259396 -12.707999 19.050001 255 255 255
v -36.767399 -12.707999 20.472401 188 188 188
v -36.767399 -12.707999 20.828001 188 188 188
v -36.665798 -12.707999 19.050001 255 255 255
v -36.767399 -12.707999 19.050001 255 255 255
v -36.360996 -12.707999 0.000000 255 255 255
v -36.919796 -12.707999 0.000000 255 255 255
v -36.919796 -12.707999 19.050001 255 255 255
v -36.767399 -12.707999 19.964399 188 188 188
v -36.665798 -12.707999 19.964399 188 188 188
v -36.818199 -12.707999 19.050001 255 255 255
v -36.360996 -12.707999 19.050001 255 255 255
v -36.411797 -12.707999 19.050001 255 255 255
v -36.259396 -12.707999 0.000000 255 255 255
v -36.513397 -12.707999 19.050001 255 255 255
v -36.462597 -12.707999 19.050001 255 255 255
v -36.564198 -12.707999 19.964399 188 188 188
v -36.868996 -12.707999 19.050001 255 255 255
v -36.818199 -12.707999 19.964399 188 188 188
v -36.919796 -12.707999 20.472401 188 188 188
v -36.310200 -12.707999 19.050001 255 255 255
v -36.919796 -12.707999 19.964399 188 188 188
v -37.122997 4.767201 0.000000 255 255 255
v -37.173798 4.818002 0.000000 255 255 255
v -37.173798 4.919600 0.000000 255 255 255
v -42.710999 8.831202 0.000000 255 255 255
v -42.710999 8.882001 0.000000 255 255 255
v -42.660198 8.882001 0.000000 255 255 255
v -42.355396 5.834001 0.000000 255 255 255
v -36.106998 1.363601 0.000000 255 255 255
v -36.106998 1.312801 0.000000 255 255 255
v -35.548195 -0.719199 0.000000 255 255 255
v -34.278198 -4.986399 0.000000 255 255 255
v -41.491798 3.243201 0.000000 255 255 255
v -32.855797 -9.609200 0.000000 255 255 255
v -39.612198 -3.513199 0.000000 255 255 255
v -39.764595 -3.005199 0.000000 255 255 255
v -39.764595 -2.954400 0.000000 255 255 255
v -36.462597 2.328800 0.000000 255 255 255
v -36.360996 2.125602 0.000000 255 255 255
v -42.914200 8.831202 0.000000 255 255 255
v -36.767399 3.548001 0.000000 255 255 255
v -36.665798 3.192401 0.000000 255 255 255
v -36.462597 2.430401 0.000000 255 255 255
v -43.168198 8.678802 0.000000 255 255 255
v -36.665798 3.141601 0.000000 255 255 255
v -37.072197 4.614801 0.000000 255 255 255
v -37.122997 4.665601 0.000000 255 255 255
v -37.783398 6.850001 0.000000 255 255 255
v -37.732597 6.850001 0.000000 255 255 255
v -37.630997 6.443600 0.000000 255 255 255
v -43.168198 8.475601 0.000000 255 255 255
v -42.710999 7.256401 0.000000 255 255 255
v -42.507797 6.443600 0.000000 255 255 255
v -41.948997 4.665601 0.000000 255 255 255
v -42.050598 4.970401 0.000000 255 255 255
v -42.101395 5.021201 0.000000 255 255 255
v -41.999798 4.665601 0.000000 255 255 255
v -42.202999 8.983601 0.000000 255 255 255
v -42.253796 8.932801 0.000000 255 255 255
v -42.406197 8.932801 0.000000 255 255 255
v -37.275398 5.326001 0.000000 255 255 255
v -37.326199 5.326001 0.000000 255 255 255
v -37.427795 5.732400 0.000000 255 255 255
v -42.406197 8.983601 0.000000 255 255 255
v -43.015797 8.729601 0.000000 255 255 255
v -43.015797 8.678802 0.000000 255 255 255
v -43.066601 8.678802 0.000000 255 255 255
v -37.376995 5.732400 0.000000 255 255 255
v -37.376995 5.681601 0.000000 255 255 255
v -37.122997 4.818002 0.000000 255 255 255
v -36.919796 3.903601 0.000000 255 255 255
v -39.408997 9.898002 0.000000 255 255 255
v -37.681797 6.494401 0.000000 255 255 255
v -37.834198 7.154802 0.000000 255 255 255
v -37.884995 7.154802 0.000000 255 255 255
v -37.986599 7.815201 0.000000 255 255 255
v -37.783398 6.900801 0.000000 255 255 255
v -34.938599 -2.801999 0.000000 255 255 255
v -37.173798 4.970401 0.000000 255 255 255
v -42.152199 9.034402 0.000000 255 255 255
v -42.101395 9.034402 0.000000 255 255 255
v -41.948997 9.136001 0.000000 255 255 255
v -41.390198 9.237600 0.000000 255 255 255
v -40.424995 9.593201 0.000000 255 255 255
v -40.475800 9.491600 0.000000 255 255 255
v -40.628197 9.491600 0.000000 255 255 255
v -40.831398 9.390001 0.000000 255 255 255
v -40.831398 9.390001 17.322802 255 255 255
v -40.170998 9.644002 0.000000 255 255 255
v -40.170998 9.593201 0.000000 255 255 255
v -40.374199 9.593201 0.000000 255 255 255
v -39.612198 9.796401 0.000000 255 255 255
v -39.866199 9.694800 0.000000 255 255 255
v -40.831398 9.440801 0.000000 255 255 255
v -40.678997 9.440801 0.000000 255 255 255
v -38.850197 9.999601 0.000000 255 255 255
v -39.154999 9.898002 0.000000 255 255 255
v -38.951797 9.948801 0.000000 255 255 255
v -39.104195 9.898002 0.000000 255 255 255
v -38.748596 9.999601 0.000000 255 255 255
v -38.646999 9.999601 0.000000 255 255 255
v -38.545399 9.593201 0.000000 255 255 255
v -38.139000 8.170801 0.000000 255 255 255
v -39.459797 9.796401 0.000000 255 255 255
v -39.713799 9.745602 0.000000 255 255 255
v -39.764595 9.745602 0.000000 255 255 255
v -40.069397 9.593201 0.000000 255 255 255
v -40.069397 9.644002 0.000000 255 255 255
v -39.967800 9.694800 0.000000 255 255 255
v -40.120197 9.644002 0.000000 255 255 255
v -40.729797 9.390001 0.000000 255 255 255
v -33.668594 -11.945999 0.000000 255 255 255
v -33.719398 -11.996799 0.000000 255 255 255
v -33.820995 -11.996799 0.000000 255 255 255
v -33.566998 -11.945999 0.000000 255 255 255
v -33.363796 -11.895200 0.000000 255 255 255
v -36.868996 3.852800 0.000000 255 255 255
v -41.491798 2.989201 0.000000 255 255 255
v -41.390198 2.684400 0.000000 255 255 255
v -32.500195 -11.336400 0.000000 255 255 255
v -32.500195 -11.285600 0.000000 255 255 255
v -40.374199 -0.820799 0.000000 255 255 255
v -40.069397 -2.141599 0.000000 255 255 255
v -40.374199 -0.922399 0.000000 255 255 255
v -40.831398 0.703200 0.000000 255 255 255
v -40.424995 -0.820799 0.000000 255 255 255
v -40.374199 -0.973199 0.000000 255 255 255
v -32.754200 -11.691999 0.000000 255 255 255
v -32.804996 -11.691999 0.000000 255 255 255
v -32.906597 -11.742800 0.000000 255 255 255
v -33.211395 -8.593200 0.000000 255 255 255
v -33.262199 -8.542399 0.000000 255 255 255
v -33.516197 -7.628000 0.000000 255 255 255
v -33.211395 -8.643999 0.000000 255 255 255
v -33.160595 -8.643999 0.000000 255 255 255
v -40.424995 -0.719199 0.000000 255 255 255
v -40.628197 0.195201 0.000000 255 255 255
v -40.678997 0.246002 0.000000 255 255 255
v -40.475800 -0.719199 -0.050800 255 255 255
v -40.424995 -0.668399 0.000000 255 255 255
v -39.307400 -4.681599 0.000000 255 255 255
v -39.662998 -3.462399 0.000000 255 255 255
v -39.307400 -4.630799 0.000000 255 255 255
v -33.262199 -8.593200 0.000000 255 255 255
v -39.307400 -4.732399 0.000000 255 255 255
v -32.500195 -11.590400 0.000000 255 255 255
v -33.109798 -11.793599 0.000000 255 255 255
v -38.850197 -6.103999 0.000000 255 255 255
v -33.058998 -11.793599 0.000000 255 255 255
v -32.957397 -11.793599 0.000000 255 255 255
v -32.601799 -11.691999 0.000000 255 255 255
v -33.516197 -11.895200 0.000000 255 255 255
v -32.500195 -11.387200 0.000000 255 255 255
v -39.612198 -3.563999 0.000000 255 255 255
v -39.307400 -4.579999 0.000000 255 255 255
v -33.160595 -11.844399 0.000000 255 255 255
v -37.275398 -11.488799 0.000000 255 255 255
v -37.275398 -11.539599 0.000000 255 255 255
v -37.072197 -12.301600 0.000000 255 255 255
v -33.922600 -11.996799 0.000000 255 255 255
v -34.176598 -12.149199 0.000000 255 255 255
v -33.871796 -11.996799 0.000000 255 255 255
v -34.786198 -12.301600 0.000000 255 255 255
v -34.938599 -12.352400 0.000000 255 255 255
v -37.681797 -10.066400 0.000000 255 255 255
v -34.735397 -12.250799 0.000000 255 255 255
v -34.633801 -12.250799 0.000000 255 255 255
v -34.684597 -12.250799 0.000000 255 255 255
v -34.582996 -12.250799 0.000000 255 255 255
v -35.243397 -12.454000 0.000000 255 255 255
v -35.344997 -12.454000 0.000000 255 255 255
v -35.700596 -12.555599 0.000000 255 255 255
v -35.497398 -12.454000 0.000000 255 255 255
v -35.446598 -12.454000 0.000000 255 255 255
v -37.326199 -11.488799 0.000000 255 255 255
v -37.427795 -11.082399 0.000000 255 255 255
v -37.529396 -10.726799 0.000000 255 255 255
v -37.580196 -10.472799 0.000000 255 255 255
v -37.580196 -10.371200 0.000000 255 255 255
v -37.326199 -11.387200 0.000000 255 255 255
v -37.021397 -12.555599 0.000000 255 255 255
v -37.021397 -12.352400 0.000000 255 255 255
v -39.764595 -2.903600 0.000000 255 255 255
v -39.916996 -2.446399 0.000000 255 255 255
v -39.713799 -3.259199 0.000000 255 255 255
v -33.058998 -9.202800 0.000000 255 255 255
v -33.109798 -8.898000 0.000000 255 255 255
v -39.967800 -2.395599 0.000000 255 255 255
v -39.815399 -2.852799 0.000000 255 255 255
v -35.040195 -12.352400 0.000000 255 255 255
v -35.395798 -12.454000 0.000000 255 255 255
v -38.291397 -8.034399 0.000000 255 255 255
v -38.342197 -7.729599 0.000000 255 255 255
v -37.326199 -11.336400 0.000000 255 255 255
v -37.376995 -11.183999 0.000000 255 255 255
v -36.157799 -12.707999 0.000000 255 255 255
v -36.106998 -12.657200 0.000000 255 255 255
v -36.005398 -12.657200 0.000000 255 255 255
v -34.735397 -12.301600 0.000000 255 255 255
v -37.630997 -10.320399 0.000000 255 255 255
v -37.630997 -10.422000 0.000000 255 255 255
v -37.986599 -9.050400 0.000000 255 255 255
v -38.088196 -8.643999 0.000000 255 255 255
v -39.002598 -5.646799 0.000000 255 255 255
v -39.002598 -5.849999 -0.050800 255 255 255
v -38.900997 -5.951600 0.000000 255 255 255
v -38.900997 -6.002400 0.000000 255 255 255
v -39.307400 -4.783199 0.000000 255 255 255
v -32.500195 -11.691999 0.000000 255 255 255
v -40.424995 -0.769999 -0.050800 255 255 255
v -40.374199 -0.769999 0.000000 255 255 255
v -41.085396 1.566801 0.000000 255 255 255
v -40.323399 -0.973199 0.000000 255 255 255
v -40.069397 -2.090799 0.000000 255 255 255
v -40.729797 0.601601 0.000000 255 255 255
v -42.914200 8.729601 0.000000 255 255 255
v -42.406197 6.189600 0.000000 255 255 255
v -33.617798 -7.323199 0.000000 255 255 255
v -37.783398 6.951602 0.000000 255 255 255
v -40.983799 9.339201 0.000000 255 255 255
v -41.136200 9.339201 0.000000 255 255 255
v -32.398598 -11.488799 0.000000 255 255 255
v -32.398598 -11.590400 0.000000 255 255 255
v -32.449398 -11.336400 0.000000 255 255 255
v -32.500195 -11.133200 0.000000 255 255 255
v -32.500195 -11.234799 0.000000 255 255 255
v -32.449398 -11.285600 0.000000 255 255 255
v -32.398598 -11.336400 0.000000 255 255 255
v -38.494598 -7.424799 0.000000 255 255 255
v -38.799400 -6.307199 0.000000 255 255 255
v -33.262199 -11.895200 0.000000 255 255 255
v -36.056198 -12.707999 0.000000 255 255 255
v -32.550999 -11.285600 -0.050800 255 255 255
v -36.056198 -12.707999 16.408400 255 255 255
v -34.582996 -12.250799 16.865601 255 255 255
v -40.983799 1.922401 20.472401 188 188 188
v -41.694996 4.310000 20.472401 188 188 188
v -41.491798 3.243201 20.472401 188 188 188
v -39.307400 -4.783199 20.472401 188 188 188
v -38.646999 -6.408799 20.472401 188 188 188
v -39.205799 -4.224399 20.472401 188 188 188
v -40.069397 -2.141599 20.472401 188 188 188
v -40.729797 0.601601 20.472401 188 188 188
v -39.866199 9.694800 20.472401 188 188 188
v -40.424995 9.593201 20.472401 188 188 188
v -39.967800 9.593201 20.472401 188 188 188
v -43.168198 8.577202 20.472401 188 188 188
v -42.914200 8.577202 20.472401 188 188 188
v -43.168198 8.678802 20.472401 188 188 188
v -42.914200 8.678802 20.472401 188 188 188
v -42.812599 8.678802 20.472401 188 188 188
v -42.914200 8.729601 20.472401 188 188 188
v -43.015797 8.729601 20.472401 188 188 188
v -42.812599 8.729601 20.472401 188 188 188
v -42.914200 8.831202 20.472401 188 188 188
v -43.066601 8.678802 20.472401 188 188 188
v -42.812599 8.831202 20.472401 188 188 188
v -42.406197 8.932801 20.472401 188 188 188
v -42.355396 8.932801 20.472401 188 188 188
v -41.390198 9.237600 20.472401 188 188 188
v -41.948997 9.136001 20.472401 188 188 188
v -41.491798 9.136001 20.472401 188 188 188
v -41.085396 9.237600 20.472401 188 188 188
v -40.831398 9.390001 20.472401 188 188 188
v -40.729797 9.390001 20.472401 188 188 188
v -40.526596 0.042801 20.472401 188 188 188
v -39.510597 9.796401 20.472401 188 188 188
v -38.850197 9.999601 20.472401 188 188 188
v -39.408997 9.898002 20.472401 188 188 188
v -39.104195 9.898002 20.472401 188 188 188
v -39.866199 -2.141599 20.472401 188 188 188
v -42.355396 6.392801 20.472401 188 188 188
v -42.355396 5.834001 20.472401 188 188 188
v -38.443798 -7.424799 20.472401 188 188 188
v -37.986599 -8.491599 20.472401 188 188 188
v -37.681797 -10.066400 20.472401 188 188 188
v -37.224598 -10.929999 20.472401 188 188 188
v -33.617798 -7.170800 20.828001 188 188 188
v -38.646999 -6.408799 20.828001 188 188 188
v -37.986599 -8.491599 20.828001 188 188 188
v -39.866199 -2.141599 20.828001 188 188 188
v -34.278198 -4.986399 20.828001 188 188 188
v -36.106998 1.363601 20.828001 188 188 188
v -39.205799 -4.224399 20.828001 188 188 188
v -33.058998 -9.304399 20.828001 188 188 188
v -34.176598 -12.149199 20.828001 188 188 188
v -33.820995 -11.996799 20.828001 188 188 188
v -40.526596 0.042801 20.828001 188 188 188
v -41.085396 9.237600 20.828001 188 188 188
v -37.427795 5.732400 20.828001 188 188 188
v -37.986599 7.815201 20.828001 188 188 188
v -39.510597 9.796401 20.828001 188 188 188
v -39.104195 9.898002 20.828001 188 188 188
v -38.646999 9.999601 20.828001 188 188 188
v -39.967800 9.593201 20.828001 188 188 188
v -41.694996 4.310000 20.828001 188 188 188
v -36.767399 3.548001 20.828001 188 188 188
v -42.812599 8.678802 20.828001 188 188 188
v -42.355396 8.932801 20.828001 188 188 188
v -42.812599 8.729601 20.828001 188 188 188
v -41.085396 2.125602 20.828001 188 188 188
v -42.355396 6.392801 20.828001 188 188 188
v -41.491798 9.136001 20.828001 188 188 188
v -40.729797 9.390001 20.828001 188 188 188
v -42.914200 8.577202 20.828001 188 188 188
v -42.914200 8.678802 20.828001 188 188 188
v -42.812599 8.831202 20.828001 188 188 188
v -33.363796 -11.895200 20.828001 188 188 188
v -32.957397 -11.793599 20.828001 188 188 188
v -32.500195 -11.590400 20.828001 188 188 188
v -32.601799 -11.691999 20.828001 188 188 188
v -32.500195 -11.691999 20.828001 188 188 188
v -32.398598 -11.488799 20.828001 188 188 188
v -32.398598 -11.590400 20.828001 188 188 188
v -37.326199 -10.676000 20.828001 188 188 188
v -34.582996 -12.250799 20.828001 188 188 188
v -36.005398 -12.657200 20.828001 188 188 188
v -35.700596 -12.555599 20.828001 188 188 188
v -35.344997 -12.454000 20.828001 188 188 188
v -34.938599 -12.352400 20.828001 188 188 188
v -32.398598 -11.590400 19.050001 255 255 255
v -32.449398 -11.590400 19.050001 255 255 255
v -32.398598 -11.590400 19.964399 188 188 188
v -32.500195 -11.590400 19.964399 188 188 188
v -33.516197 -7.628000 0.050800 255 255 255
v -33.516197 -7.628000 5.791200 255 255 255
v -34.278198 -4.986399 17.322802 255 255 255
v -33.516197 -7.628000 17.322802 255 255 255
v -33.516197 -7.628000 17.576801 255 255 255
v -38.900997 -5.849999 17.322802 255 255 255
v -38.900997 -6.002400 17.322802 255 255 255
v -38.951797 -5.646799 17.322802 255 255 255
v -38.850197 -6.002400 17.322802 255 255 255
v -38.850197 -6.103999 17.322802 255 255 255
v -39.002598 -5.646799 17.322802 255 255 255
v -33.262199 -11.895200 17.322802 255 255 255
v -33.312996 -11.895200 17.271999 255 255 255
v -33.160595 -11.793599 17.322802 255 255 255
v -36.462597 2.430401 17.322802 255 255 255
v -36.767399 3.548001 17.322802 255 255 255
v -36.513397 2.532001 17.322802 255 255 255
v -36.360996 2.125602 17.322802 255 255 255
v -38.494598 -7.323199 17.322802 255 255 255
v -38.494598 -7.424799 17.322802 255 255 255
v -38.443798 -7.424799 17.322802 255 255 255
v -36.665798 3.090801 17.322802 255 255 255
v -36.767399 3.497200 17.322802 255 255 255
v -36.665798 3.141601 17.322802 255 255 255
v -43.168198 8.475601 17.322802 255 255 255
v -42.710999 7.154802 17.322802 255 255 255
v -42.812599 7.612000 17.322802 255 255 255
v -42.507797 6.443600 17.322802 255 255 255
v -37.122997 4.818002 17.322802 255 255 255
v -37.376995 5.681601 17.322802 255 255 255
v -37.173798 4.970401 17.322802 255 255 255
v -37.275398 5.275200 17.322802 255 255 255
v -37.275398 5.326001 17.322802 255 255 255
v -39.307400 -4.783199 17.322802 255 255 255
v -38.951797 -5.697599 17.322802 255 255 255
v -37.376995 5.732400 17.322802 255 255 255
v -37.072197 4.614801 17.322802 255 255 255
v -36.919796 3.903601 17.322802 255 255 255
v -37.072197 4.564000 17.322802 255 255 255
v -36.868996 3.903601 17.322802 255 255 255
v -36.868996 3.852800 17.322802 255 255 255
v -39.612198 -3.513199 17.322802 255 255 255
v -39.662998 -3.411599 17.322802 255 255 255
v -39.662998 -3.462399 17.322802 255 255 255
v -39.713799 -3.259199 17.322802 255 255 255
v -39.408997 -4.224399 17.322802 255 255 255
v -39.307400 -4.681599 17.322802 255 255 255
v -38.900997 -5.951600 17.322802 255 255 255
v -32.855797 -9.609200 17.322802 255 255 255
v -33.058998 -9.202800 17.322802 255 255 255
v -33.058998 -9.253599 17.322802 255 255 255
v -33.160595 -8.643999 17.322802 255 255 255
v -33.109798 -8.898000 17.322802 255 255 255
v -33.160595 -8.847199 17.322802 255 255 255
v -33.160595 -11.844399 17.322802 255 255 255
v -32.957397 -11.793599 17.322802 255 255 255
v -33.262199 -11.844399 17.322802 255 255 255
v -33.566998 -11.945999 17.322802 255 255 255
v -33.363796 -11.895200 17.322802 255 255 255
v -33.516197 -11.895200 17.322802 255 255 255
v -33.668594 -11.945999 17.322802 255 255 255
v -38.342197 -7.729599 17.322802 255 255 255
v -38.392998 -7.729599 17.322802 255 255 255
v -33.922600 -11.996799 17.322802 255 255 255
v -33.820995 -11.996799 16.865601 255 255 255
v -33.871796 -11.996799 17.322802 255 255 255
v -38.342197 -7.780399 17.322802 255 255 255
v -38.291397 -7.983600 17.322802 255 255 255
v -33.516197 -11.895200 19.050001 255 255 255
v -33.363796 -11.895200 19.050001 255 255 255
v -33.516197 -11.895200 19.964399 188 188 188
v -33.363796 -11.895200 19.964399 188 188 188
v -33.262199 -11.895200 19.964399 188 188 188
v -33.262199 -11.895200 18.186399 255 255 255
v -33.262199 -11.895200 19.050001 255 255 255
v -33.312996 -11.895200 19.050001 255 255 255
v -33.363796 -11.895200 17.526001 255 255 255
v -40.983799 9.339201 18.999201 255 255 255
v -40.983799 9.339201 19.050001 255 255 255
v -40.932995 9.339201 19.050001 255 255 255
v -40.932995 9.339201 19.964399 188 188 188
v -40.983799 9.339201 19.964399 188 188 188
v -38.748596 9.999601 0.457200 255 255 255
v -38.850197 9.999601 17.322802 255 255 255
v -38.850197 9.999601 19.050001 255 255 255
v -38.850197 9.999601 19.964399 188 188 188
v -38.748596 9.999601 19.050001 255 255 255
v -42.914200 8.729601 19.964399 188 188 188
v -43.015797 8.729601 19.050001 255 255 255
v -43.015797 8.729601 19.964399 188 188 188
v -42.914200 8.729601 19.050001 255 255 255
v -42.964996 8.729601 19.050001 255 255 255
v -35.700596 -12.555599 19.964399 188 188 188
v -35.802200 -12.555599 19.964399 188 188 188
v -35.700596 -12.555599 19.050001 255 255 255
v -35.751396 -12.555599 19.050001 255 255 255
v -39.408997 9.898002 19.964399 188 188 188
v -39.307400 9.898002 19.964399 188 188 188
v -39.154999 9.898002 19.050001 255 255 255
v -39.307400 9.898002 19.050001 255 255 255
v -39.408997 9.898002 17.322802 255 255 255
v -39.408997 9.898002 19.050001 255 255 255
v -36.157799 -12.707999 19.050001 255 255 255
v -36.157799 -12.707999 18.999201 255 255 255
v -36.056198 -12.707999 17.475201 255 255 255
v -36.056198 -12.707999 19.050001 255 255 255
v -36.005398 -12.657200 19.050001 255 255 255
v -36.056198 -12.707999 17.424400 255 255 255
v -32.398598 -11.387200 17.322802 255 255 255
v -34.938599 -12.352400 19.964399 188 188 188
v -34.836998 -12.352400 19.964399 188 188 188
v -35.802200 -12.657200 19.050001 255 255 255
v -36.005398 -12.657200 17.322802 255 255 255
v -35.040195 -12.352400 19.050001 255 255 255
v -34.938599 -12.352400 19.050001 255 255 255
v -35.141800 -12.352400 19.964399 188 188 188
v -33.363796 -11.895200 17.373600 255 255 255
v -32.601799 -11.691999 19.964399 188 188 188
v -32.500195 -11.691999 19.964399 188 188 188
v -32.601799 -11.691999 19.050001 255 255 255
v -32.550999 -11.691999 19.050001 255 255 255
v -32.500195 -11.691999 19.050001 255 255 255
v -32.601799 -11.691999 17.322802 255 255 255
v -33.617798 -11.996799 19.964399 188 188 188
v -33.820995 -11.996799 19.964399 188 188 188
v -33.668594 -11.996799 19.050001 255 255 255
v -33.820995 -11.996799 17.322802 255 255 255
v -33.719398 -11.996799 17.322802 255 255 255
v -33.668594 -11.996799 0.000000 255 255 255
v -33.719398 -11.996799 19.050001 255 255 255
v -33.820995 -11.996799 18.186399 255 255 255
v -33.820995 -11.996799 19.050001 255 255 255
v -34.633801 -12.250799 19.050001 255 255 255
v -34.582996 -12.250799 19.050001 255 255 255
v -34.684597 -12.250799 19.964399 188 188 188
v -43.168198 8.678802 19.050001 255 255 255
v -43.066601 8.678802 19.964399 188 188 188
v -43.066601 8.678802 19.050001 255 255 255
v -43.168198 8.678802 19.964399 188 188 188
v -43.066601 8.678802 17.475201 255 255 255
v -34.176598 -5.545199 19.964399 188 188 188
v -33.820995 -6.662799 19.964399 188 188 188
v -36.106998 1.363601 19.964399 188 188 188
v -34.176598 -5.392799 19.050001 255 255 255
v -34.176598 -5.341999 19.050001 255 255 255
v -36.259396 1.770002 19.050001 255 255 255
v -34.278198 -4.986399 19.050001 255 255 255
v -34.887798 -2.903600 19.050001 255 255 255
v -34.278198 -4.986399 19.964399 188 188 188
v -34.938599 -2.801999 19.050001 255 255 255
v -34.836998 -3.157599 19.964399 188 188 188
v -35.243397 -1.836799 19.964399 188 188 188
v -36.106998 1.363601 17.322802 255 255 255
v -36.106998 1.363601 19.050001 255 255 255
v -36.106998 1.363601 18.186399 255 255 255
v -36.106998 1.312801 19.050001 255 255 255
v -35.548195 -0.719199 19.050001 255 255 255
v -35.598999 -0.719199 19.050001 255 255 255
v -36.767399 3.548001 19.050001 255 255 255
v -36.665798 3.141601 19.050001 255 255 255
v -36.208595 1.719201 19.050001 255 255 255
v -36.360996 2.125602 19.050001 255 255 255
v -36.259396 1.922401 19.964399 188 188 188
v -36.564198 2.989201 19.964399 188 188 188
v -41.491798 3.243201 19.964399 188 188 188
v -36.462597 2.430401 19.050001 255 255 255
v -36.462597 2.430401 18.999201 255 255 255
v -42.812599 7.612000 19.050001 255 255 255
v -43.168198 8.475601 19.050001 255 255 255
v -42.050598 4.970401 9.550401 255 255 255
v -42.050598 4.970401 19.050001 255 255 255
v -42.863396 7.612000 19.050001 255 255 255
v -43.168198 8.475601 19.964399 188 188 188
v -43.168198 8.577202 19.050001 255 255 255
v -43.168198 8.577202 19.964399 188 188 188
v -42.914200 7.916801 19.964399 188 188 188
v -42.406197 6.291201 19.964399 188 188 188
v -42.406197 6.189600 19.050001 255 255 255
v -42.456997 6.189600 19.050001 255 255 255
v -42.710999 7.256401 19.050001 255 255 255
v -41.948997 4.665601 19.050001 255 255 255
v -42.355396 5.834001 17.322802 255 255 255
v -42.355396 5.834001 19.050001 255 255 255
v -42.101395 5.021201 19.050001 255 255 255
v -42.355396 5.834001 19.964399 188 188 188
v -42.355396 5.884801 19.050001 255 255 255
v -42.152199 5.427601 19.964399 188 188 188
v -42.050598 4.970401 19.964399 188 188 188
v -41.491798 3.243201 19.050001 255 255 255
v -41.542599 3.243201 19.050001 255 255 255
v -41.847397 4.310000 19.050001 255 255 255
v -34.735397 -12.301600 19.050001 255 255 255
v -34.735397 -12.301600 18.186399 255 255 255
v -34.684597 -12.250799 19.050001 255 255 255
v -41.491798 3.243201 17.322802 255 255 255
v -41.491798 2.989201 19.050001 255 255 255
v -41.491798 3.040000 19.050001 255 255 255
v -41.999798 4.665601 19.050001 255 255 255
v -40.729797 0.601601 17.322802 255 255 255
v -40.831398 0.703200 19.050001 255 255 255
v -40.729797 0.601601 19.050001 255 255 255
v -40.780598 0.601601 19.050001 255 255 255
v -40.831398 0.703200 19.964399 188 188 188
v -34.735397 -12.301600 8.534401 255 255 255
v -34.735397 -12.301600 10.414001 255 255 255
v -34.786198 -12.301600 19.050001 255 255 255
v -34.735397 -12.301600 17.322802 255 255 255
v -40.729797 0.601601 19.964399 188 188 188
v -41.288597 2.430401 19.964399 188 188 188
v -41.085396 1.566801 19.050001 255 255 255
v -41.390198 2.684400 19.050001 255 255 255
v -34.938599 -12.352400 17.322802 255 255 255
v -35.243397 -12.454000 19.050001 255 255 255
v -41.440994 2.735201 19.050001 255 255 255
v -41.491798 2.887601 19.964399 188 188 188
v -40.628197 0.042801 19.964399 188 188 188
v -40.526596 -0.414399 19.964399 188 188 188
v -40.069397 -2.141599 19.964399 188 188 188
v -40.069397 -2.141599 19.050001 255 255 255
v -40.069397 -2.090799 19.050001 255 255 255
v -40.374199 -0.973199 19.050001 255 255 255
v -40.069397 -2.141599 17.322802 255 255 255
v -40.323399 -0.973199 19.050001 255 255 255
v -42.710999 8.882001 18.288000 255 255 255
v -42.914200 8.831202 19.050001 255 255 255
v -42.710999 8.882001 18.338800 255 255 255
v -42.710999 8.882001 18.389601 255 255 255
v -42.710999 8.882001 19.050001 255 255 255
v -42.660198 8.882001 19.050001 255 255 255
v -39.764595 -2.903600 18.186399 255 255 255
v -39.764595 -2.903600 18.999201 255 255 255
v -39.815399 -2.852799 19.050001 255 255 255
v -39.916996 -2.446399 19.050001 255 255 255
v -39.866199 -2.598799 19.964399 188 188 188
v -41.390198 9.237600 17.322802 255 255 255
v -39.967800 -2.395599 19.050001 255 255 255
v -39.764595 -3.157599 19.964399 188 188 188
v -39.307400 -4.783199 19.964399 188 188 188
v -39.307400 -4.783199 19.050001 255 255 255
v -39.307400 -4.732399 19.050001 255 255 255
v -39.154999 -5.189600 19.050001 255 255 255
v -39.002598 -5.646799 19.050001 255 255 255
v -39.002598 -5.646799 18.694401 255 255 255
v -38.900997 -6.002400 19.050001 255 255 255
v -39.002598 -5.646799 18.034000 255 255 255
v -38.850197 -6.002400 19.050001 255 255 255
v -35.344997 -12.454000 19.050001 255 255 255
v -35.344997 -12.454000 19.964399 188 188 188
v -35.243397 -12.454000 19.964399 188 188 188
v -35.344997 -12.454000 18.186399 255 255 255
v -35.344997 -12.454000 17.322802 255 255 255
v -35.344997 -12.454000 16.865601 255 255 255
v -32.398598 -11.336400 18.999201 255 255 255
v -32.500195 -11.183999 18.846802 255 255 255
v -32.500195 -11.133200 18.846802 255 255 255
v -32.500195 -11.183999 18.897600 255 255 255
v -32.500195 -11.234799 18.897600 255 255 255
v -32.449398 -11.285600 18.999201 255 255 255
v -32.500195 -11.234799 18.999201 255 255 255
v -32.500195 -11.234799 18.948400 255 255 255
v -37.275398 5.326001 19.050001 255 255 255
v -37.072197 4.614801 19.050001 255 255 255
v -32.500195 -11.234799 19.050001 255 255 255
v -32.500195 -11.183999 19.050001 255 255 255
v -32.957397 -9.406000 19.964399 188 188 188
v -32.550999 -11.285600 18.999201 255 255 255
v -32.601799 -10.574400 19.964399 188 188 188
v -32.500195 -11.031600 19.964399 188 188 188
v -32.398598 -11.387200 19.964399 188 188 188
v -32.398598 -11.488799 19.050001 255 255 255
v -32.398598 -11.539599 19.050001 255 255 255
v -32.398598 -11.387200 19.050001 255 255 255
v -32.398598 -11.336400 19.050001 255 255 255
v -32.398598 -11.488799 19.964399 188 188 188
v -38.291397 -7.983600 6.654800 255 255 255
v -38.291397 -7.983600 5.130800 255 255 255
v -38.139000 -8.643999 19.050001 255 255 255
v -38.189796 -8.288399 13.614400 255 255 255
v -38.342197 -7.780399 19.050001 255 255 255
v -35.446598 -12.454000 18.084801 255 255 255
v -35.700596 -12.555599 17.322802 255 255 255
v -37.326199 -11.336400 17.678400 255 255 255
v -37.326199 -11.488799 17.881601 255 255 255
v -37.072197 -12.301600 19.050001 255 255 255
v -37.326199 -11.336400 18.389601 255 255 255
v -35.852997 -12.657200 19.050001 255 255 255
v -32.500195 -11.590400 19.050001 255 255 255
v -37.376995 -11.285600 17.627600 255 255 255
v -37.376995 -11.183999 15.392400 255 255 255
v -37.376995 -11.183999 17.526001 255 255 255
v -37.376995 -11.183999 9.702801 255 255 255
v -37.580196 -10.472799 18.084801 255 255 255
v -37.580196 -10.472799 19.050001 255 255 255
v -32.500195 -11.641200 19.050001 255 255 255
v -32.754200 -11.691999 19.964399 188 188 188
v -32.804996 -11.691999 19.050001 255 255 255
v -32.754200 -11.691999 19.050001 255 255 255
v -32.855797 -11.691999 19.964399 188 188 188
v -37.326199 -11.488799 17.729200 255 255 255
v -37.427795 5.732400 17.322802 255 255 255
v -37.427795 5.732400 19.050001 255 255 255
v -32.855797 -11.691999 19.050001 255 255 255
v -32.957397 -11.793599 19.964399 188 188 188
v -32.906597 -11.742800 19.050001 255 255 255
v -32.957397 -11.793599 19.050001 255 255 255
v -32.906597 -11.742800 18.999201 255 255 255
v -32.957397 -11.793599 17.526001 255 255 255
v -33.160595 -11.793599 19.964399 188 188 188
v -32.957397 -11.793599 17.373600 255 255 255
v -33.160595 -11.793599 19.050001 255 255 255
v -33.160595 -11.793599 18.186399 255 255 255
v -33.109798 -11.793599 19.050001 255 255 255
v -37.783398 6.900801 0.304800 255 255 255
v -37.986599 7.815201 16.611601 255 255 255
v -37.986599 7.815201 17.322802 255 255 255
v -37.783398 6.900801 18.999201 255 255 255
v -37.783398 6.900801 2.184400 255 255 255
v -33.160595 -11.844399 19.050001 255 255 255
v -33.516197 -11.895200 18.186399 255 255 255
v -33.566998 -11.945999 19.050001 255 255 255
v -33.922600 -11.996799 19.964399 188 188 188
v -34.024197 -12.047600 19.964399 188 188 188
v -33.871796 -11.996799 19.050001 255 255 255
v -37.021397 -12.352400 0.152400 255 255 255
v -37.021397 -12.555599 19.050001 255 255 255
v -37.021397 -12.352400 17.780001 255 255 255
v -37.021397 -12.352400 19.050001 255 255 255
v -37.732597 6.850001 19.050001 255 255 255
v -37.834198 7.154802 18.999201 255 255 255
v -37.834198 7.154802 19.050001 255 255 255
v -38.494598 -7.323199 17.475201 255 255 255
v -38.799400 -6.307199 18.999201 255 255 255
v -38.748596 -6.307199 19.050001 255 255 255
v -38.443798 -7.424799 19.050001 255 255 255
v -38.392998 -7.729599 19.050001 255 255 255
v -38.443798 -7.424799 19.964399 188 188 188
v -37.986599 7.815201 17.373600 255 255 255
v -37.986599 7.815201 19.050001 255 255 255
v -37.986599 7.764401 17.526001 255 255 255
v -38.646999 9.999601 17.322802 255 255 255
v -38.342197 -7.983600 19.964399 188 188 188
v -38.189796 -8.389999 19.964399 188 188 188
v -37.681797 -10.066400 19.964399 188 188 188
v -37.681797 -10.066400 19.050001 255 255 255
v -38.037395 -8.999599 19.050001 255 255 255
v -37.986599 -9.050400 19.050001 255 255 255
v -37.681797 -10.066400 17.322802 255 255 255
v -38.088196 8.120002 19.050001 255 255 255
v -34.176598 -12.149199 17.322802 255 255 255
v -33.922600 -11.996799 17.830801 255 255 255
v -33.922600 -11.996799 18.186399 255 255 255
v -34.024197 -12.047600 19.050001 255 255 255
v -33.973396 -12.047600 19.050001 255 255 255
v -34.176598 -12.149199 19.964399 188 188 188
v -34.176598 -12.149199 19.050001 255 255 255
v -34.227398 -12.149199 19.050001 255 255 255
v -34.278198 -12.149199 19.964399 188 188 188
v -34.481400 -12.149199 19.050001 255 255 255
v -34.481400 -12.149199 19.964399 188 188 188
v -34.582996 -12.250799 19.964399 188 188 188
v -34.481400 -12.199999 19.050001 255 255 255
v -34.582996 -12.250799 17.526001 255 255 255
v -38.139000 8.170801 19.050001 255 255 255
v -38.139000 8.170801 18.999201 255 255 255
v -34.582996 -12.250799 17.322802 255 255 255
v -34.582996 -12.250799 17.373600 255 255 255
v -38.697800 9.999601 0.000000 255 255 255
v -34.938599 -12.352400 17.373600 255 255 255
v -34.938599 -12.352400 17.526001 255 255 255
v -37.630997 -10.320399 19.050001 255 255 255
v -37.630997 -10.422000 19.050001 255 255 255
v -37.580196 -10.422000 19.050001 255 255 255
v -37.580196 -10.269599 19.964399 188 188 188
v -37.427795 -10.828400 19.964399 188 188 188
v -37.021397 -12.555599 19.964399 188 188 188
v -37.326199 -11.234799 19.050001 255 255 255
v -37.173798 -11.742800 19.050001 255 255 255
v -36.005398 -12.657200 19.964399 188 188 188
v -37.021397 -12.301600 19.050001 255 255 255
v -42.406197 8.983601 17.526001 255 255 255
v -42.406197 8.983601 19.050001 255 255 255
v -42.202999 8.983601 19.050001 255 255 255
v -42.406197 8.983601 17.373600 255 255 255
v -42.406197 8.932801 19.050001 255 255 255
v -42.406197 8.932801 17.322802 255 255 255
v -33.262199 -8.542399 18.999201 255 255 255
v -33.211395 -8.593200 19.050001 255 255 255
v -33.211395 -8.593200 18.999201 255 255 255
v -33.262199 -8.542399 19.050001 255 255 255
v -42.152199 9.034402 19.050001 255 255 255
v -42.101395 9.034402 19.050001 255 255 255
v -42.152199 9.034402 18.745201 255 255 255
v -36.208595 -12.707999 19.050001 255 255 255
v -36.106998 -12.657200 19.050001 255 255 255
v -40.120197 9.644002 0.203200 255 255 255
v -40.120197 9.644002 9.753600 255 255 255
v -40.170998 9.644002 19.050001 255 255 255
v -40.120197 9.644002 18.288000 255 255 255
v -40.069397 9.644002 19.050001 255 255 255
v -39.612198 9.796401 18.034000 255 255 255
v -39.612198 9.796401 19.050001 255 255 255
v -39.459797 9.796401 19.050001 255 255 255
v -39.612198 9.796401 17.983200 255 255 255
v -39.866199 9.694800 17.322802 255 255 255
v -33.160595 -8.847199 18.999201 255 255 255
v -33.109798 -8.898000 19.050001 255 255 255
v -39.408997 9.847202 19.050001 255 255 255
v -39.408997 9.847202 18.999201 255 255 255
v -36.970600 -12.707999 19.050001 255 255 255
v -33.058998 -9.253599 19.050001 255 255 255
v -33.160595 -8.847199 19.050001 255 255 255
v -35.446598 -12.454000 19.964399 188 188 188
v -35.598999 -12.555599 19.964399 188 188 188
v -35.395798 -12.454000 19.050001 255 255 255
v -35.497398 -12.504800 19.050001 255 255 255
v -35.497398 -12.454000 19.050001 255 255 255
v -35.395798 -12.454000 18.999201 255 255 255
v -35.395798 -12.454000 8.737600 255 255 255
v -35.395798 -12.454000 17.322802 255 255 255
v -39.104195 9.898002 17.322802 255 255 255
v -35.091000 -12.403200 19.050001 255 255 255
v -33.058998 -9.202800 19.050001 255 255 255
v -35.598999 -12.555599 19.050001 255 255 255
v -35.649799 -12.555599 19.050001 255 255 255
v -33.516197 -7.526400 19.964399 188 188 188
v -33.262199 -8.491599 19.964399 188 188 188
v -33.465397 -7.678799 17.322802 255 255 255
v -33.516197 -7.628000 17.627600 255 255 255
v -33.516197 -7.628000 19.050001 255 255 255
v -33.617798 -7.323199 19.050001 255 255 255
v -33.617798 -7.170800 19.964399 188 188 188
v -39.104195 9.898002 18.999201 255 255 255
v -33.617798 -7.323199 18.999201 255 255 255
v -33.058998 -9.304399 19.964399 188 188 188
v -32.500195 -11.133200 19.050001 255 255 255
v -33.058998 -8.948799 19.964399 188 188 188
v -39.154999 9.847202 18.999201 255 255 255
v -40.424995 9.593201 17.322802 255 255 255
v -40.424995 9.593201 19.050001 255 255 255
v -40.170998 9.593201 19.050001 255 255 255
v -40.831398 9.390001 19.964399 188 188 188
v -37.630997 -10.422000 18.186399 255 255 255
v -37.630997 -10.422000 18.135601 255 255 255
v -37.580196 -10.422000 18.084801 255 255 255
v -39.967800 9.694800 19.050001 255 255 255
v -39.967800 9.644002 19.050001 255 255 255
v -34.074997 -12.098400 19.050001 255 255 255
v -33.922600 -11.996799 19.050001 255 255 255
v -33.871796 -11.996799 18.999201 255 255 255
v -33.871796 -11.996799 18.897600 255 255 255
v -39.916996 9.694800 19.050001 255 255 255
v -39.967800 9.644002 18.999201 255 255 255
v -39.916996 9.694800 18.999201 255 255 255
v -38.291397 -8.034399 5.486400 255 255 255
v -38.291397 -8.034399 8.229600 255 255 255
v -38.291397 -7.983600 8.178801 255 255 255
v -38.291397 -8.034399 17.322802 255 255 255
v -39.002598 -5.748399 19.964399 188 188 188
v -39.104195 -5.240400 19.964399 188 188 188
v -38.799400 -6.307199 19.050001 255 255 255
v -40.374199 9.593201 19.050001 255 255 255
v -38.494598 -7.424799 19.050001 255 255 255
v -32.754200 -11.691999 18.186399 255 255 255
v -32.855797 -11.691999 18.999201 255 255 255
v -32.754200 -11.691999 18.338800 255 255 255
v -32.703396 -11.691999 17.830801 255 255 255
v -32.754200 -11.691999 17.881601 255 255 255
v -40.424995 9.542401 19.050001 255 255 255
v -40.424995 9.542401 18.999201 255 255 255
v -40.475800 9.491600 19.050001 255 255 255
v -40.628197 9.491600 17.983200 255 255 255
v -40.628197 9.491600 19.050001 255 255 255
v -40.628197 9.491600 17.932400 255 255 255
v -32.449398 -11.285600 19.050001 255 255 255
v -40.831398 9.440801 17.526001 255 255 255
v -40.831398 9.440801 19.050001 255 255 255
v -40.678997 9.440801 19.050001 255 255 255
v -40.831398 9.440801 17.373600 255 255 255
v -40.831398 9.390001 19.050001 255 255 255
v -40.831398 9.440801 17.322802 255 255 255
v -39.307400 -4.630799 18.745201 255 255 255
v -39.307400 -4.630799 18.643600 255 255 255
v -39.307400 -4.579999 18.542000 255 255 255
v -39.307400 -4.630799 19.050001 255 255 255
v -39.307400 -4.681599 19.050001 255 255 255
v -41.136200 9.339201 19.050001 255 255 255
v -39.307400 -4.579999 18.999201 255 255 255
v -40.678997 0.246002 18.999201 255 255 255
v -40.628197 0.246002 19.050001 255 255 255
v -40.424995 -0.719199 17.322802 255 255 255
v -40.628197 0.144401 18.897600 255 255 255
v -40.628197 0.195201 18.745201 255 255 255
v -40.424995 -0.719199 17.627600 255 255 255
v -40.628197 0.144401 18.948400 255 255 255
v -40.424995 -0.719199 18.084801 255 255 255
v -40.424995 -0.668399 18.338800 255 255 255
v -40.424995 -0.617599 18.338800 255 255 255
v -38.646999 9.999601 19.050001 255 255 255
v -38.697800 9.999601 19.050001 255 255 255
v -38.748596 9.999601 19.964399 188 188 188
v -38.646999 9.999601 19.964399 188 188 188
v -40.628197 0.195201 19.050001 255 255 255
v -40.424995 -0.668399 19.050001 255 255 255
v -40.374199 -0.922399 18.542000 255 255 255
v -40.374199 -0.922399 18.440399 255 255 255
v -40.374199 -0.973199 18.745201 255 255 255
v -40.424995 -0.820799 17.322802 255 255 255
v -40.374199 -0.973199 3.048000 255 255 255
v -40.374199 -0.973199 18.643600 255 255 255
v -39.967800 -2.395599 18.542000 255 255 255
v -39.967800 -2.395599 18.999201 255 255 255
v -38.392998 9.034402 11.785601 255 255 255
v -38.443798 9.339201 15.443201 255 255 255
v -38.291397 8.678802 19.050001 255 255 255
v -40.678997 0.246002 19.050001 255 255 255
v -38.545399 9.593201 19.050001 255 255 255
v -38.342197 8.882001 19.050001 255 255 255
v -37.630997 6.443600 19.050001 255 255 255
v -43.066601 8.678802 17.322802 255 255 255
v -42.914200 8.831202 19.964399 188 188 188
v -42.914200 8.831202 17.322802 255 255 255
v -42.710999 8.831202 18.288000 255 255 255
v -42.710999 8.831202 17.830801 255 255 255
v -42.812599 8.831202 17.830801 255 255 255
v -42.609394 8.932801 19.964399 188 188 188
v -37.376995 5.732400 16.916401 255 255 255
v -37.376995 5.732400 19.050001 255 255 255
v -42.507797 8.932801 19.964399 188 188 188
v -42.507797 8.932801 19.050001 255 255 255
v -42.406197 8.932801 19.964399 188 188 188
v -42.710999 8.882001 17.830801 255 255 255
v -42.761795 8.831202 17.830801 255 255 255
v -42.914200 8.831202 17.373600 255 255 255
v -37.427795 5.732400 19.964399 188 188 188
v -37.224598 5.173602 19.964399 188 188 188
v -36.868996 3.852800 19.050001 255 255 255
v -36.868996 3.903601 18.186399 255 255 255
v -36.919796 3.903601 19.050001 255 255 255
v -36.919796 4.106802 19.964399 188 188 188
v -36.767399 3.548001 19.964399 188 188 188
v -41.948997 9.136001 17.322802 255 255 255
v -37.986599 7.815201 19.964399 188 188 188
v -37.681797 6.748401 19.964399 188 188 188
v -37.580196 6.291201 19.964399 188 188 188
v -41.948997 9.136001 19.050001 255 255 255
v -38.189796 8.374002 19.964399 188 188 188
v -38.545399 9.390001 19.964399 188 188 188
v -38.392998 9.136001 19.050001 255 255 255
v -42.710999 8.831202 18.338800 255 255 255
v -41.847397 9.136001 19.964399 188 188 188
v -41.491798 9.237600 19.964399 188 188 188
v -41.847397 9.136001 19.050001 255 255 255
v -41.644199 9.186801 19.050001 255 255 255
v -41.898197 9.136001 19.050001 255 255 255
v -41.948997 9.136001 19.964399 188 188 188
v -41.491798 9.237600 19.050001 255 255 255
v -41.390198 9.237600 19.964399 188 188 188
v -41.440994 9.237600 19.050001 255 255 255
v -41.390198 9.237600 19.050001 255 255 255
v -41.186996 9.339201 19.050001 255 255 255
v -41.186996 9.288402 19.050001 255 255 255
v -41.288597 9.237600 19.964399 188 188 188
v -40.882198 9.390001 19.050001 255 255 255
v -40.628197 9.491600 19.964399 188 188 188
v -40.526596 9.491600 19.964399 188 188 188
v -40.424995 9.593201 19.964399 188 188 188
v -40.069397 9.694800 19.964399 188 188 188
v -39.967800 9.694800 19.964399 188 188 188
v -39.866199 9.694800 19.964399 188 188 188
v -39.510597 9.796401 19.964399 188 188 188
v -39.764595 9.694800 19.964399 188 188 188
v -39.764595 9.694800 19.050001 255 255 255
v -39.764595 9.745602 19.050001 255 255 255
v -39.866199 9.694800 19.050001 255 255 255
v -39.002598 9.999601 19.964399 188 188 188
v -39.104195 9.898002 19.050001 255 255 255
v -39.053398 9.948801 19.050001 255 255 255
v -39.967800 9.644002 19.100801 255 255 255
v -41.948997 9.034402 19.964399 188 188 188
v -42.050598 9.034402 19.964399 188 188 188
v -39.713799 -3.259199 11.125200 255 255 255
v -39.713799 -3.259199 3.657600 255 255 255
v -37.072197 -12.301600 18.897600 255 255 255
v -37.072197 -12.301600 14.020801 255 255 255
v -39.307400 -4.681599 16.510000 255 255 255
v -42.710999 7.154802 18.592800 255 255 255
v -32.449398 -11.336400 8.686800 255 255 255
v -35.192596 -1.938399 19.507200 255 255 255
v -36.056198 1.160400 17.526001 255 255 255
v -36.106998 1.312801 17.373600 255 255 255
v -42.507797 6.443600 13.360400 255 255 255
v -42.507797 6.443600 14.376401 255 255 255
v -39.916996 -2.395599 9.550401 255 255 255
v -39.967800 -2.395599 0.304800 255 255 255
v -33.262199 -11.844399 18.186399 255 255 255
v -33.668594 -11.945999 1.879600 255 255 255
v -33.668594 -11.945999 0.812800 255 255 255
v -33.668594 -11.945999 0.762000 255 255 255
v -38.189796 -8.339200 18.186399 255 255 255

v -36.259396 -12.707999 19.964399 188 188 188
v -36.360996 -12.707999 20.828001 188 188 188
v -36.360996 -12.707999 20.828001 188 188 188
v -36.360996 -12.707999 19.964399 188 188 188
v -36.360996 -12.707999 19.964399 188 188 188
v -36.564198 -12.707999 20.472401 188 188 188
v -36.462597 -12.707999 19.964399 188 188 188
v -36.564198 -12.707999 20.472401 188 188 188
v -36.564198 -12.707999 20.472401 188 188 188
v -36.564198 -12.707999 19.964399 188 188 188
v -36.564198 -12.707999 19.964399 188 188 188
v -36.767399 -12.707999 20.472401 188 188 188
v -36.665798 -12.707999 19.964399 188 188 188
v -36.767399 -12.707999 20.472401 188 188 188
v -36.767399 -12.707999 20.472401 188 188 188
v -36.767399 -12.707999 19.964399 188 188 188
v -36.767399 -12.707999 19.964399 188 188 188
v -36.919796 -12.707999 20.472401 188 188 188
v -36.818199 -12.707999 19.964399 188 188 188
v -36.919796 -12.707999 20.472401 188 188 188
v -36.919796 -12.707999 19.964399 188 188 188
v -36.919796 -12.707999 20.472401 188 188 188
v -37.021397 -12.555599 19.964399 188 188 188
v -36.919796 -12.707999 20.472401 188 188 188
v -37.021397 -12.555599 19.964399 188 188 188
v -37.681797 -10.066400 20.472401 188 188 188
v -35.598999 -12.555599 19.964399 188 188 188
v -35.700596 -12.555599 20.828001 188 188 188
v -35.446598 -12.454000 19.964399 188 188 188
v -35.700596 -12.555599 20.828001 188 188 188
v -35.344997 -12.454000 20.828001 188 188 188
v -35.700596 -12.555599 20.828001 188 188 188
v -35.700596 -12.555599 20.828001 188 188 188
v -37.326199 -10.676000 20.828001 188 188 188
v -35.700596 -12.555599 20.828001 188 188 188
v -36.005398 -12.657200 20.828001 188 188 188
v -35.802200 -12.555599 19.964399 188 188 188
v -36.005398 -12.657200 20.828001 188 188 188
v -36.005398 -12.657200 20.828001 188 188 188
v -36.360996 -12.707999 20.828001 188 188 188
v -36.005398 -12.657200 19.964399 188 188 188
v -36.005398 -12.657200 20.828001 188 188 188
v -37.326199 -10.676000 20.828001 188 188 188
v -36.360996 -12.707999 20.828001 188 188 188
v -36.360996 -12.707999 20.828001 188 188 188
v -37.326199 -10.676000 20.828001 188 188 188
v -37.326199 -10.676000 20.828001 188 188 188
v -36.767399 -12.707999 20.472401 188 188 188
v -36.767399 -12.707999 20.828001 188 188 188
v -37.326199 -10.676000 20.828001 188 188 188
v -36.767399 -12.707999 20.472401 188 188 188
v -37.224598 -10.929999 20.472401 188 188 188
v -37.326199 -10.676000 20.828001 188 188 188
v -37.986599 -8.491599 20.828001 188 188 188
v -37.326199 -10.676000 20.828001 188 188 188
v -33.058998 -9.304399 20.828001 188 188 188
v -37.326199 -10.676000 20.828001 188 188 188
v -33.058998 -9.304399 20.828001 188 188 188
v -34.582996 -12.250799 20.828001 188 188 188
v -33.058998 -9.304399 20.828001 188 188 188
v -34.176598 -12.149199 20.828001 188 188 188
v -33.058998 -9.304399 20.828001 188 188 188
v -33.820995 -11.996799 20.828001 188 188 188
v -33.363796 -11.895200 20.828001 188 188 188
v -33.058998 -9.304399 20.828001 188 188 188
v -33.058998 -9.304399 20.828001 188 188 188
v -32.957397 -11.793599 20.828001 188 188 188
v -32.398598 -11.488799 20.828001 188 188 188
v -32.957397 -11.793599 20.828001 188 188 188
v -32.398598 -11.488799 20.828001 188 188 188
v -32.500195 -11.590400 20.828001 188 188 188
v -32.398598 -11.488799 20.828001 188 188 188
v -32.398598 -11.590400 20.828001 188 188 188
v -32.398598 -11.488799 19.964399 188 188 188
v -32.398598 -11.488799 20.828001 188 188 188
v -32.398598 -11.387200 19.964399 188 188 188
v -32.398598 -11.488799 20.828001 188 188 188
v -32.500195 -11.031600 19.964399 188 188 188
v -32.398598 -11.488799 20.828001 188 188 188
v -32.398598 -11.488799 20.828001 188 188 188
v -32.601799 -10.574400 19.964399 188 188 188
v -33.058998 -9.304399 20.828001 188 188 188
v -33.058998 -8.948799 19.964399 188 188 188
v -33.058998 -9.304399 20.828001 188 188 188
v -32.957397 -9.406000 19.964399 188 188 188
v -33.058998 -9.304399 19.964399 188 188 188
v -33.058998 -9.304399 20.828001 188 188 188
v -33.058998 -9.304399 20.828001 188 188 188
v -33.262199 -8.491599 19.964399 188 188 188
v -33.516197 -7.526400 19.964399 188 188 188
v -33.058998 -9.304399 20.828001 188 188 188
v -33.516197 -7.526400 19.964399 188 188 188
v -33.617798 -7.170800 20.828001 188 188 188
v -33.617798 -7.170800 19.964399 188 188 188
v -33.617798 -7.170800 20.828001 188 188 188
v -33.617798 -7.170800 20.828001 188 188 188
v -33.820995 -6.662799 19.964399 188 188 188
v -34.176598 -5.545199 19.964399 188 188 188
v -34.278198 -4.986399 19.964399 188 188 188
v -34.278198 -4.986399 20.828001 188 188 188
v -34.836998 -3.157599 19.964399 188 188 188
v -34.278198 -4.986399 20.828001 188 188 188
v -34.278198 -4.986399 20.828001 188 188 188
v -35.243397 -1.836799 19.964399 188 188 188
v -36.106998 1.363601 19.964399 188 188 188
v -36.106998 1.363601 20.828001 188 188 188
v -36.259396 1.922401 19.964399 188 188 188
v -36.564198 2.989201 19.964399 188 188 188
v -36.767399 3.548001 19.964399 188 188 188
v -36.767399 3.548001 20.828001 188 188 188
v -36.767399 3.548001 20.828001 188 188 188
v -36.919796 4.106802 19.964399 188 188 188
v -37.580196 6.291201 19.964399 188 188 188
v -37.427795 5.732400 20.828001 188 188 188
v -37.427795 5.732400 20.828001 188 188 188
v -37.681797 6.748401 19.964399 188 188 188
v -43.066601 8.678802 19.964399 188 188 188
v -43.066601 8.678802 20.472401 188 188 188
v -43.015797 8.729601 20.472401 188 188 188
v -43.066601 8.678802 19.964399 188 188 188
v -43.015797 8.729601 19.964399 188 188 188
v -42.914200 8.729601 19.964399 188 188 188
v -42.914200 8.729601 20.472401 188 188 188
v -42.914200 8.831202 20.472401 188 188 188
v -42.914200 8.729601 19.964399 188 188 188
v -42.406197 8.932801 19.964399 188 188 188
v -42.406197 8.932801 20.472401 188 188 188
v -41.948997 9.136001 20.472401 188 188 188
v -42.406197 8.932801 20.472401 188 188 188
v -42.355396 8.932801 20.472401 188 188 188
v -41.948997 9.136001 20.472401 188 188 188
v -41.948997 9.136001 20.472401 188 188 188
v -41.491798 9.136001 20.472401 188 188 188
v -41.491798 9.136001 20.472401 188 188 188
v -41.390198 9.237600 20.472401 188 188 188
v -41.390198 9.237600 20.472401 188 188 188
v -41.085396 9.237600 20.472401 188 188 188
v -41.085396 9.237600 20.472401 188 188 188
v -40.831398 9.390001 20.472401 188 188 188
v -40.831398 9.390001 20.472401 188 188 188
v -40.729797 9.390001 20.472401 188 188 188
v -40.729797 9.390001 20.472401 188 188 188
v -40.424995 9.593201 20.472401 188 188 188
v -40.424995 9.593201 20.472401 188 188 188
v -39.967800 9.593201 20.472401 188 188 188
v -39.967800 9.593201 20.472401 188 188 188
v -39.866199 9.694800 20.472401 188 188 188
v -39.866199 9.694800 20.472401 188 188 188
v -39.510597 9.796401 20.472401 188 188 188
v -39.510597 9.796401 20.472401 188 188 188
v -39.408997 9.898002 20.472401 188 188 188
v -39.408997 9.898002 20.472401 188 188 188
v -39.104195 9.898002 20.472401 188 188 188
v -39.104195 9.898002 20.472401 188 188 188
v -38.850197 9.999601 20.472401 188 188 188
v -39.104195 9.898002 20.828001 188 188 188
v -38.850197 9.999601 20.472401 188 188 188
v -38.646999 9.999601 20.828001 188 188 188
v -38.850197 9.999601 20.472401 188 188 188
v -38.850197 9.999601 19.964399 188 188 188
v -38.850197 9.999601 20.472401 188 188 188
v -38.850197 9.999601 20.472401 188 188 188
v -39.002598 9.999601 19.964399 188 188 188
v -39.408997 9.898002 20.472401 188 188 188
v -39.307400 9.898002 19.964399 188 188 188
v -39.408997 9.898002 20.472401 188 188 188
v -39.408997 9.898002 19.964399 188 188 188
v -39.866199 9.694800 20.472401 188 188 188
v -39.866199 9.694800 20.472401 188 188 188
v -39.866199 9.694800 19.964399 188 188 188
v -39.866199 9.694800 20.472401 188 188 188
v -40.424995 9.593201 20.472401 188 188 188
v -40.526596 9.491600 19.964399 188 188 188
v -40.424995 9.593201 20.472401 188 188 188
v -40.424995 9.593201 19.964399 188 188 188
v -40.424995 9.593201 20.472401 188 188 188
v -40.628197 9.491600 19.964399 188 188 188
v -40.831398 9.390001 20.472401 188 188 188
v -40.831398 9.390001 19.964399 188 188 188
v -40.932995 9.339201 19.964399 188 188 188
v -40.831398 9.390001 20.472401 188 188 188
v -40.831398 9.390001 20.472401 188 188 188
v -40.983799 9.339201 19.964399 188 188 188
v -41.390198 9.237600 20.472401 188 188 188
v -41.288597 9.237600 19.964399 188 188 188
v -41.390198 9.237600 20.472401 188 188 188
v -41.390198 9.237600 19.964399 188 188 188
v -41.948997 9.136001 20.472401 188 188 188
v -41.948997 9.136001 19.964399 188 188 188
v -41.948997 9.136001 20.472401 188 188 188
v -41.948997 9.034402 19.964399 188 188 188
v -41.948997 9.136001 20.472401 188 188 188
v -41.847397 9.136001 19.964399 188 188 188
v -41.390198 9.237600 20.472401 188 188 188
v -41.491798 9.237600 19.964399 188 188 188
v -38.646999 9.999601 20.828001 188 188 188
v -38.646999 9.999601 20.828001 188 188 188
v -38.646999 9.999601 19.964399 188 188 188
v -37.986599 7.815201 19.964399 188 188 188
v -38.545399 9.390001 19.964399 188 188 188
v -37.986599 7.815201 20.828001 188 188 188
v -38.189796 8.374002 19.964399 188 188 188
v -38.545399 9.390001 19.964399 188 188 188
v -38.646999 9.999601 20.828001 188 188 188
v -37.986599 7.815201 20.828001 188 188 188
v -39.967800 9.694800 19.964399 188 188 188
v -40.069397 9.694800 19.964399 188 188 188
v -39.866199 9.694800 20.472401 188 188 188
v -39.764595 9.694800 19.964399 188 188 188
v -39.408997 9.898002 20.472401 188 188 188
v -39.510597 9.796401 19.964399 188 188 188
v -38.850197 9.999601 19.964399 188 188 188
v -38.646999 9.999601 20.828001 188 188 188
v -38.748596 9.999601 19.964399 188 188 188
v -39.104195 9.898002 20.828001 188 188 188
v -37.986599 7.815201 20.828001 188 188 188
v -38.646999 9.999601 20.828001 188 188 188
v -37.986599 7.815201 20.828001 188 188 188
v -39.104195 9.898002 20.828001 188 188 188
v -37.986599 7.815201 20.828001 188 188 188
v -39.510597 9.796401 20.828001 188 188 188
v -39.510597 9.796401 20.828001 188 188 188
v -39.510597 9.796401 20.472401 188 188 188
v -39.967800 9.593201 20.828001 188 188 188
v -37.986599 7.815201 20.828001 188 188 188
v -39.967800 9.593201 20.828001 188 188 188
v -39.967800 9.593201 20.828001 188 188 188
v -40.729797 9.390001 20.472401 188 188 188
v -40.729797 9.390001 20.828001 188 188 188
v -37.986599 7.815201 20.828001 188 188 188
v -40.729797 9.390001 20.828001 188 188 188
v -40.729797 9.390001 20.828001 188 188 188
v -41.085396 9.237600 20.472401 188 188 188
v -41.085396 9.237600 20.828001 188 188 188
v -41.085396 9.237600 20.828001 188 188 188
v -41.085396 9.237600 20.472401 188 188 188
v -41.491798 9.136001 20.828001 188 188 188
v -37.427795 5.732400 20.828001 188 188 188
v -41.085396 9.237600 20.828001 188 188 188
v -37.427795 5.732400 20.828001 188 188 188
v -41.491798 9.136001 20.828001 188 188 188
v -42.355396 6.392801 20.828001 188 188 188
v -41.491798 9.136001 20.828001 188 188 188
v -42.355396 8.932801 20.828001 188 188 188
v -42.355396 6.392801 20.828001 188 188 188
v -42.914200 8.577202 20.828001 188 188 188
v -42.355396 6.392801 20.828001 188 188 188
v -42.355396 6.392801 20.828001 188 188 188
v -42.914200 8.577202 20.472401 188 188 188
v -42.355396 6.392801 20.472401 188 188 188
v -42.914200 8.577202 20.472401 188 188 188
v -43.168198 8.577202 20.472401 188 188 188
v -42.914200 8.577202 20.472401 188 188 188
v -43.168198 8.577202 20.472401 188 188 188
v -43.168198 8.678802 20.472401 188 188 188
v -43.168198 8.678802 20.472401 188 188 188
v -42.914200 8.577202 20.472401 188 188 188
v -43.066601 8.678802 20.472401 188 188 188
v -43.066601 8.678802 20.472401 188 188 188
v -42.914200 8.577202 20.472401 188 188 188
v -42.355396 6.392801 20.472401 188 188 188
v -43.168198 8.577202 20.472401 188 188 188
v -42.355396 5.834001 20.472401 188 188 188
v -42.355396 6.392801 20.472401 188 188 188
v -42.355396 5.834001 20.472401 188 188 188
v -41.694996 4.310000 20.472401 188 188 188
v -41.694996 4.310000 20.472401 188 188 188
v -41.491798 3.243201 20.472401 188 188 188
v -41.491798 3.243201 20.472401 188 188 188
v -40.983799 1.922401 20.472401 188 188 188
v -40.983799 1.922401 20.472401 188 188 188
v -40.729797 0.601601 20.472401 188 188 188
v -40.729797 0.601601 20.472401 188 188 188
v -40.526596 0.042801 20.472401 188 188 188
v -40.526596 0.042801 20.472401 188 188 188
v -40.069397 -2.141599 20.472401 188 188 188
v -40.069397 -2.141599 20.472401 188 188 188
v -39.866199 -2.141599 20.472401 188 188 188
v -39.205799 -4.224399 20.472401 188 188 188
v -39.866199 -2.141599 20.472401 188 188 188
v -39.866199 -2.141599 20.472401 188 188 188
v -39.205799 -4.224399 20.828001 188 188 188
v -34.278198 -4.986399 20.828001 188 188 188
v -39.866199 -2.141599 20.828001 188 188 188
v -39.205799 -4.224399 20.828001 188 188 188
v -34.278198 -4.986399 20.828001 188 188 188
v -39.205799 -4.224399 20.828001 188 188 188
v -38.646999 -6.408799 20.828001 188 188 188
v -33.617798 -7.170800 20.828001 188 188 188
v -34.278198 -4.986399 20.828001 188 188 188
v -33.617798 -7.170800 20.828001 188 188 188
v -38.646999 -6.408799 20.828001 188 188 188
v -37.986599 -8.491599 20.828001 188 188 188
v -37.986599 -8.491599 20.828001 188 188 188
v -38.646999 -6.408799 20.828001 188 188 188
v -38.646999 -6.408799 20.828001 188 188 188
v -37.986599 -8.491599 20.472401 188 188 188
v -37.986599 -8.491599 20.472401 188 188 188
v -38.646999 -6.408799 20.472401 188 188 188
v -38.443798 -7.424799 20.472401 188 188 188
v -37.681797 -10.066400 20.472401 188 188 188
v -37.986599 -8.491599 20.472401 188 188 188
v -37.224598 -10.929999 20.472401 188 188 188
v -37.986599 -8.491599 20.472401 188 188 188
v -37.681797 -10.066400 20.472401 188 188 188
v -37.681797 -10.066400 20.472401 188 188 188
v -38.443798 -7.424799 20.472401 188 188 188
v -37.681797 -10.066400 19.964399 188 188 188
v -38.443798 -7.424799 20.472401 188 188 188
v -35.344997 -12.454000 20.828001 188 188 188
v -35.141800 -12.352400 19.964399 188 188 188
v -35.344997 -12.454000 20.828001 188 188 188
v -35.344997 -12.454000 20.828001 188 188 188
v -34.938599 -12.352400 19.964399 188 188 188
v -34.938599 -12.352400 19.964399 188 188 188
v -34.938599 -12.352400 20.828001 188 188 188
v -34.836998 -12.352400 19.964399 188 188 188
v -34.938599 -12.352400 20.828001 188 188 188
v -34.938599 -12.352400 20.828001 188 188 188
v -34.684597 -12.250799 19.964399 188 188 188
v -34.582996 -12.250799 20.828001 188 188 188
v -34.176598 -12.149199 20.828001 188 188 188
v -33.820995 -11.996799 20.828001 188 188 188
v -33.516197 -11.895200 19.964399 188 188 188
v -33.820995 -11.996799 20.828001 188 188 188
v -33.363796 -11.895200 19.964399 188 188 188
v -33.363796 -11.895200 20.828001 188 188 188
v -33.262199 -11.895200 19.964399 188 188 188
v -33.363796 -11.895200 20.828001 188 188 188
v -33.160595 -11.793599 19.964399 188 188 188
v -33.363796 -11.895200 20.828001 188 188 188
v -33.617798 -11.996799 19.964399 188 188 188
v -33.820995 -11.996799 20.828001 188 188 188
v -33.922600 -11.996799 19.964399 188 188 188
v -33.820995 -11.996799 19.964399 188 188 188
v -33.820995 -11.996799 20.828001 188 188 188
v -34.024197 -12.047600 19.964399 188 188 188
v -34.176598 -12.149199 20.828001 188 188 188
v -34.278198 -12.149199 19.964399 188 188 188
v -34.176598 -12.149199 19.964399 188 188 188
v -34.176598 -12.149199 20.828001 188 188 188
v -34.582996 -12.250799 19.964399 188 188 188
v -34.481400 -12.149199 19.964399 188 188 188
v -34.582996 -12.250799 20.828001 188 188 188
v -34.582996 -12.250799 20.828001 188 188 188
v -34.938599 -12.352400 20.828001 188 188 188
v -34.582996 -12.250799 19.964399 188 188 188
v -35.243397 -12.454000 19.964399 188 188 188
v -35.344997 -12.454000 20.828001 188 188 188
v -32.957397 -11.793599 19.964399 188 188 188
v -32.957397 -11.793599 20.828001 188 188 188
v -32.855797 -11.691999 19.964399 188 188 188
v -32.957397 -11.793599 20.828001 188 188 188
v -32.957397 -11.793599 20.828001 188 188 188
v -32.754200 -11.691999 19.964399 188 188 188
v -32.957397 -11.793599 20.828001 188 188 188
v -32.601799 -11.691999 19.964399 188 188 188
v -32.601799 -11.691999 19.964399 188 188 188
v -32.601799 -11.691999 20.828001 188 188 188
v -32.601799 -11.691999 20.828001 188 188 188
v -32.500195 -11.691999 19.964399 188 188 188
v -32.500195 -11.590400 20.828001 188 188 188
v -32.601799 -11.691999 20.828001 188 188 188
v -32.500195 -11.691999 20.828001 188 188 188
v -32.500195 -11.590400 20.828001 188 188 188
v -32.500195 -11.691999 20.828001 188 188 188
v -32.500195 -11.590400 19.964399 188 188 188
v -32.500195 -11.590400 20.828001 188 188 188
v -32.500195 -11.691999 19.964399 188 188 188
v -32.500195 -11.590400 19.964399 188 188 188
v -32.500195 -11.691999 20.828001 188 188 188
v -43.168198 8.577202 20.472401 188 188 188
v -42.914200 7.916801 19.964399 188 188 188
v -43.168198 8.577202 20.472401 188 188 188
v -42.355396 5.834001 20.472401 188 188 188
v -42.406197 6.291201 19.964399 188 188 188
v -42.355396 5.834001 19.964399 188 188 188
v -42.355396 5.834001 20.472401 188 188 188
v -42.152199 5.427601 19.964399 188 188 188
v -42.355396 5.834001 20.472401 188 188 188
v -42.355396 5.834001 20.472401 188 188 188
v -42.050598 4.970401 19.964399 188 188 188
v -41.491798 3.243201 20.472401 188 188 188
v -41.491798 3.243201 19.964399 188 188 188
v -41.491798 2.887601 19.964399 188 188 188
v -41.491798 3.243201 20.472401 188 188 188
v -41.491798 3.243201 20.472401 188 188 188
v -41.288597 2.430401 19.964399 188 188 188
v -40.729797 0.601601 20.472401 188 188 188
v -40.831398 0.703200 19.964399 188 188 188
v -40.729797 0.601601 20.472401 188 188 188
v -40.729797 0.601601 19.964399 188 188 188
v -40.628197 0.042801 19.964399 188 188 188
v -40.729797 0.601601 20.472401 188 188 188
v -40.729797 0.601601 20.472401 188 188 188
v -40.526596 -0.414399 19.964399 188 188 188
v -40.069397 -2.141599 20.472401 188 188 188
v -40.069397 -2.141599 19.964399 188 188 188
v -40.069397 -2.141599 20.472401 188 188 188
v -39.866199 -2.598799 19.964399 188 188 188
v -40.069397 -2.141599 20.472401 188 188 188
v -39.764595 -3.157599 19.964399 188 188 188
v -39.307400 -4.783199 19.964399 188 188 188
v -40.069397 -2.141599 20.472401 188 188 188
v -39.307400 -4.783199 19.964399 188 188 188
v -39.307400 -4.783199 20.472401 188 188 188
v -39.104195 -5.240400 19.964399 188 188 188
v -39.307400 -4.783199 20.472401 188 188 188
v -39.307400 -4.783199 20.472401 188 188 188
v -39.002598 -5.748399 19.964399 188 188 188
v -38.443798 -7.424799 19.964399 188 188 188
v -38.443798 -7.424799 20.472401 188 188 188
v -39.307400 -4.783199 20.472401 188 188 188
v -38.443798 -7.424799 20.472401 188 188 188
v -38.443798 -7.424799 19.964399 188 188 188
v -38.342197 -7.983600 19.964399 188 188 188
v -38.189796 -8.389999 19.964399 188 188 188
v -38.443798 -7.424799 20.472401 188 188 188
v -37.681797 -10.066400 19.964399 188 188 188
v -37.681797 -10.066400 20.472401 188 188 188
v -39.307400 -4.783199 20.472401 188 188 188
v -38.443798 -7.424799 20.472401 188 188 188
v -38.646999 -6.408799 20.472401 188 188 188
v -39.307400 -4.783199 20.472401 188 188 188
v -38.646999 -6.408799 20.472401 188 188 188
v -39.205799 -4.224399 20.472401 188 188 188
v -38.646999 -6.408799 20.472401 188 188 188
v -38.646999 -6.408799 20.828001 188 188 188
v -39.205799 -4.224399 20.828001 188 188 188
v -39.866199 -2.141599 20.828001 188 188 188
v -34.278198 -4.986399 20.828001 188 188 188
v -36.106998 1.363601 20.828001 188 188 188
v -36.106998 1.363601 20.828001 188 188 188
v -39.866199 -2.141599 20.828001 188 188 188
v -40.526596 0.042801 20.828001 188 188 188
v -40.526596 0.042801 20.472401 188 188 188
v -39.866199 -2.141599 20.828001 188 188 188
v -36.106998 1.363601 20.828001 188 188 188
v -40.526596 0.042801 20.828001 188 188 188
v -41.085396 2.125602 20.828001 188 188 188
v -40.983799 1.922401 20.472401 188 188 188
v -40.526596 0.042801 20.828001 188 188 188
v -40.983799 1.922401 20.472401 188 188 188
v -41.085396 2.125602 20.828001 188 188 188
v -36.767399 3.548001 20.828001 188 188 188
v -41.694996 4.310000 20.828001 188 188 188
v -41.085396 2.125602 20.828001 188 188 188
v -41.694996 4.310000 20.828001 188 188 188
v -36.767399 3.548001 20.828001 188 188 188
v -37.427795 5.732400 20.828001 188 188 188
v -41.085396 2.125602 20.828001 188 188 188
v -36.106998 1.363601 20.828001 188 188 188
v -36.767399 3.548001 20.828001 188 188 188
v -39.205799 -4.224399 20.828001 188 188 188
v -39.205799 -4.224399 20.472401 188 188 188
v -38.646999 -6.408799 20.472401 188 188 188
v -39.205799 -4.224399 20.472401 188 188 188
v -40.069397 -2.141599 20.472401 188 188 188
v -39.307400 -4.783199 20.472401 188 188 188
v -39.866199 -2.141599 20.472401 188 188 188
v -39.866199 -2.141599 20.828001 188 188 188
v -40.526596 0.042801 20.472401 188 188 188
v -40.069397 -2.141599 19.964399 188 188 188
v -40.069397 -2.141599 20.472401 188 188 188
v -40.729797 0.601601 20.472401 188 188 188
v -40.983799 1.922401 20.472401 188 188 188
v -40.526596 0.042801 20.472401 188 188 188
v -40.526596 0.042801 20.828001 188 188 188
v -40.831398 0.703200 19.964399 188 188 188
v -40.729797 0.601601 20.472401 188 188 188
v -41.491798 3.243201 20.472401 188 188 188
v -41.694996 4.310000 20.828001 188 188 188
v -41.694996 4.310000 20.472401 188 188 188
v -40.983799 1.922401 20.472401 188 188 188
v -41.694996 4.310000 20.472401 188 188 188
v -41.694996 4.310000 20.828001 188 188 188
v -42.355396 6.392801 20.828001 188 188 188
v -41.491798 3.243201 19.964399 188 188 188
v -41.491798 3.243201 20.472401 188 188 188
v -42.355396 5.834001 20.472401 188 188 188
v -42.406197 6.291201 19.964399 188 188 188
v -42.355396 5.834001 20.472401 188 188 188
v -43.168198 8.577202 20.472401 188 188 188
v -42.355396 6.392801 20.828001 188 188 188
v -42.355396 6.392801 20.472401 188 188 188
v -41.694996 4.310000 20.472401 188 188 188
v -42.914200 8.577202 20.472401 188 188 188
v -42.914200 8.577202 20.828001 188 188 188
v -42.914200 8.678802 20.472401 188 188 188
v -42.914200 8.678802 20.472401 188 188 188
v -42.914200 8.577202 20.828001 188 188 188
v -42.914200 8.678802 20.472401 188 188 188
v -42.914200 8.678802 20.828001 188 188 188
v -42.914200 8.678802 20.472401 188 188 188
v -42.812599 8.678802 20.472401 188 188 188
v -42.914200 8.729601 20.472401 188 188 188
v -43.015797 8.729601 20.472401 188 188 188
v -42.914200 8.678802 20.472401 188 188 188
v -42.914200 8.729601 20.472401 188 188 188
v -42.812599 8.678802 20.472401 188 188 188
v -42.914200 8.678802 20.828001 188 188 188
v -42.914200 8.678802 20.828001 188 188 188
v -42.355396 8.932801 20.828001 188 188 188
v -42.812599 8.678802 20.828001 188 188 188
v -42.812599 8.678802 20.828001 188 188 188
v -42.355396 8.932801 20.828001 188 188 188
v -42.812599 8.729601 20.828001 188 188 188
v -42.812599 8.678802 20.828001 188 188 188
v -42.812599 8.729601 20.472401 188 188 188
v -42.812599 8.729601 20.828001 188 188 188
v -42.812599 8.831202 20.472401 188 188 188
v -42.914200 8.831202 20.472401 188 188 188
v -42.812599 8.729601 20.472401 188 188 188
v -42.812599 8.729601 20.472401 188 188 188
v -42.914200 8.831202 20.472401 188 188 188
v -42.812599 8.678802 20.472401 188 188 188
v -42.406197 8.932801 20.472401 188 188 188
v -42.914200 8.831202 20.472401 188 188 188
v -42.812599 8.831202 20.472401 188 188 188
v -42.812599 8.831202 20.472401 188 188 188
v -42.812599 8.729601 20.828001 188 188 188
v -42.812599 8.831202 20.472401 188 188 188
v -42.812599 8.831202 20.828001 188 188 188
v -42.355396 8.932801 20.472401 188 188 188
v -42.355396 8.932801 20.828001 188 188 188
v -42.355396 8.932801 20.472401 188 188 188
v -42.812599 8.831202 20.828001 188 188 188
v -42.812599 8.729601 20.828001 188 188 188
v -42.355396 8.932801 20.828001 188 188 188
v -42.812599 8.831202 20.828001 188 188 188
v -42.812599 8.678802 20.472401 188 188 188
v -42.812599 8.678802 20.828001 188 188 188
v -42.812599 8.729601 20.472401 188 188 188
v -42.914200 8.577202 20.828001 188 188 188
v -42.355396 8.932801 20.828001 188 188 188
v -42.914200 8.678802 20.828001 188 188 188
v -41.491798 9.136001 20.828001 188 188 188
v -42.355396 8.932801 20.472401 188 188 188
v -42.355396 8.932801 20.828001 188 188 188
v -37.427795 5.732400 20.828001 188 188 188
v -42.355396 6.392801 20.828001 188 188 188
v -41.694996 4.310000 20.828001 188 188 188
v -41.085396 9.237600 20.828001 188 188 188
v -37.427795 5.732400 20.828001 188 188 188
v -37.986599 7.815201 20.828001 188 188 188
v -39.104195 9.898002 20.828001 188 188 188
v -39.104195 9.898002 20.472401 188 188 188
v -39.510597 9.796401 20.828001 188 188 188
v -38.850197 9.999601 20.472401 188 188 188
v -39.307400 9.898002 19.964399 188 188 188
v -39.408997 9.898002 20.472401 188 188 188
v -39.510597 9.796401 20.472401 188 188 188
v -39.510597 9.796401 20.828001 188 188 188
v -39.104195 9.898002 20.472401 188 188 188
v -39.408997 9.898002 20.472401 188 188 188
v -39.764595 9.694800 19.964399 188 188 188
v -39.866199 9.694800 20.472401 188 188 188
v -39.967800 9.593201 20.472401 188 188 188
v -39.967800 9.593201 20.828001 188 188 188
v -39.510597 9.796401 20.472401 188 188 188
v -39.866199 9.694800 20.472401 188 188 188
v -40.424995 9.593201 19.964399 188 188 188
v -40.424995 9.593201 20.472401 188 188 188
v -40.729797 9.390001 20.472401 188 188 188
v -39.967800 9.593201 20.828001 188 188 188
v -39.967800 9.593201 20.472401 188 188 188
v -40.424995 9.593201 20.472401 188 188 188
v -40.831398 9.390001 19.964399 188 188 188
v -40.831398 9.390001 20.472401 188 188 188
v -41.085396 9.237600 20.472401 188 188 188
v -40.729797 9.390001 20.828001 188 188 188
v -40.729797 9.390001 20.472401 188 188 188
v -41.288597 9.237600 19.964399 188 188 188
v -41.390198 9.237600 20.472401 188 188 188
v -40.831398 9.390001 20.472401 188 188 188
v -41.491798 9.136001 20.472401 188 188 188
v -41.491798 9.136001 20.828001 188 188 188
v -41.085396 9.237600 20.472401 188 188 188
v -41.847397 9.136001 19.964399 188 188 188
v -41.948997 9.136001 20.472401 188 188 188
v -41.390198 9.237600 20.472401 188 188 188
v -42.355396 8.932801 20.472401 188 188 188
v -41.491798 9.136001 20.828001 188 188 188
v -41.491798 9.136001 20.472401 188 188 188
v -42.812599 8.831202 20.472401 188 188 188
v -42.355396 8.932801 20.472401 188 188 188
v -42.406197 8.932801 20.472401 188 188 188
v -42.406197 8.932801 19.964399 188 188 188
v -41.948997 9.136001 20.472401 188 188 188
v -42.050598 9.034402 19.964399 188 188 188
v -42.507797 8.932801 19.964399 188 188 188
v -42.406197 8.932801 20.472401 188 188 188
v -42.914200 8.831202 19.964399 188 188 188
v -42.406197 8.932801 20.472401 188 188 188
v -42.609394 8.932801 19.964399 188 188 188
v -42.406197 8.932801 20.472401 188 188 188
v -42.914200 8.831202 19.964399 188 188 188
v -42.914200 8.831202 20.472401 188 188 188
v -42.914200 8.831202 20.472401 188 188 188
v -42.914200 8.729601 20.472401 188 188 188
v -42.812599 8.678802 20.472401 188 188 188
v -42.914200 8.729601 20.472401 188 188 188
v -43.015797 8.729601 19.964399 188 188 188
v -43.015797 8.729601 20.472401 188 188 188
v -43.066601 8.678802 20.472401 188 188 188
v -42.914200 8.678802 20.472401 188 188 188
v -43.015797 8.729601 20.472401 188 188 188
v -43.066601 8.678802 20.472401 188 188 188
v -43.168198 8.678802 19.964399 188 188 188
v -43.168198 8.678802 20.472401 188 188 188
v -43.168198 8.678802 20.472401 188 188 188
v -43.168198 8.678802 19.964399 188 188 188
v -43.168198 8.577202 19.964399 188 188 188
v -43.168198 8.577202 20.472401 188 188 188
v -43.168198 8.577202 19.964399 188 188 188
v -43.168198 8.475601 19.964399 188 188 188
v -37.986599 7.815201 20.828001 188 188 188
v -37.427795 5.732400 20.828001 188 188 188
v -37.986599 7.815201 19.964399 188 188 188
v -37.427795 5.732400 20.828001 188 188 188
v -37.224598 5.173602 19.964399 188 188 188
v -37.427795 5.732400 19.964399 188 188 188
v -37.427795 5.732400 20.828001 188 188 188
v -36.767399 3.548001 20.828001 188 188 188
v -37.224598 5.173602 19.964399 188 188 188
v -36.564198 2.989201 19.964399 188 188 188
v -36.767399 3.548001 20.828001 188 188 188
v -36.106998 1.363601 20.828001 188 188 188
v -36.106998 1.363601 20.828001 188 188 188
v -34.278198 -4.986399 20.828001 188 188 188
v -36.106998 1.363601 19.964399 188 188 188
v -34.176598 -5.545199 19.964399 188 188 188
v -34.278198 -4.986399 20.828001 188 188 188
v -33.617798 -7.170800 20.828001 188 188 188
v -32.398598 -11.590400 19.964399 188 188 188
v -32.398598 -11.488799 19.964399 188 188 188
v -32.398598 -11.590400 20.828001 188 188 188
v -32.398598 -11.590400 20.828001 188 188 188
v -32.500195 -11.590400 20.828001 188 188 188
v -32.398598 -11.590400 19.964399 188 188 188
v -32.500195 -11.590400 20.828001 188 188 188
v -32.957397 -11.793599 20.828001 188 188 188
v -32.601799 -11.691999 20.828001 188 188 188
v -32.957397 -9.406000 19.964399 188 188 188
v -33.058998 -9.304399 20.828001 188 188 188
v -32.398598 -11.488799 20.828001 188 188 188
v -32.957397 -11.793599 20.828001 188 188 188
v -33.363796 -11.895200 20.828001 188 188 188
v -32.957397 -11.793599 19.964399 188 188 188
v -33.363796 -11.895200 20.828001 188 188 188
v -33.820995 -11.996799 20.828001 188 188 188
v -33.363796 -11.895200 19.964399 188 188 188
v -33.922600 -11.996799 19.964399 188 188 188
v -33.820995 -11.996799 20.828001 188 188 188
v -34.176598 -12.149199 20.828001 188 188 188
v -34.176598 -12.149199 20.828001 188 188 188
v -34.582996 -12.250799 20.828001 188 188 188
v -34.278198 -12.149199 19.964399 188 188 188
v -34.582996 -12.250799 20.828001 188 188 188
v -37.326199 -10.676000 20.828001 188 188 188
v -34.938599 -12.352400 20.828001 188 188 188
v -37.986599 -8.491599 20.828001 188 188 188
v -33.058998 -9.304399 20.828001 188 188 188
v -33.617798 -7.170800 20.828001 188 188 188
v -37.986599 -8.491599 20.828001 188 188 188
v -37.986599 -8.491599 20.472401 188 188 188
v -37.224598 -10.929999 20.472401 188 188 188
v -34.938599 -12.352400 20.828001 188 188 188
v -37.326199 -10.676000 20.828001 188 188 188
v -35.344997 -12.454000 20.828001 188 188 188
v -35.446598 -12.454000 19.964399 188 188 188
v -35.344997 -12.454000 19.964399 188 188 188
v -35.344997 -12.454000 20.828001 188 188 188
v -35.802200 -12.555599 19.964399 188 188 188
v -35.700596 -12.555599 19.964399 188 188 188
v -35.700596 -12.555599 20.828001 188 188 188
v -37.580196 -10.269599 19.964399 188 188 188
v -37.427795 -10.828400 19.964399 188 188 188
v -37.681797 -10.066400 20.472401 188 188 188
v -37.681797 -10.066400 20.472401 188 188 188
v -36.919796 -12.707999 20.472401 188 188 188
v -37.224598 -10.929999 20.472401 188 188 188
v -36.767399 -12.707999 20.472401 188 188 188
v -37.224598 -10.929999 20.472401 188 188 188
v -36.919796 -12.707999 20.472401 188 188 188
v -36.767399 -12.707999 20.472401 188 188 188
v -36.564198 -12.707999 20.472401 188 188 188
v -36.767399 -12.707999 20.828001 188 188 188
v -36.360996 -12.707999 20.828001 188 188 188
v -36.767399 -12.707999 20.828001 188 188 188
v -36.564198 -12.707999 20.472401 188 188 188
v -36.005398 -12.657200 19.964399 188 188 188
v -36.360996 -12.707999 20.828001 188 188 188
v -36.157799 -12.707999 19.964399 188 188 188

f 2846 2847 2848
f 2850 3776 3777
f 3778 2851 3779
f 2849 3780 3781
f 2868 3782 3783
f 3784 2853 3785
f 2861 3786 3787
f 2860 3788 3789
f 3790 2871 3791
f 2870 3792 3793
f 2873 3794 3795
f 3551 3796 3797
f 3798 3799 3128
f 3800 3801 3550
f 3588 3170 3589
f 3269 3802 3803
f 3804 3171 3805
f 3806 3167 3807
f 3808 3809 3169
f 3270 3810 3811
f 3812 3813 3554
f 3814 3815 3816
f 3817 3818 3819
f 3820 3821 2854
f 3822 3823 3824
f 3825 3129 3826
f 3132 3827 3828
f 3137 3829 3830
f 3831 3832 3168
f 3833 3834 3138
f 3835 3836 3139
f 3837 3838 3160
f 3839 3161 3840
f 3165 3841 3842
f 3843 3844 3162
f 3845 3846 3166
f 3847 3848 3450
f 3849 3445 3850
f 3851 3444 3852
f 3853 3443 3854
f 3441 3855 3856
f 3612 3602 3857
f 3610 3858 3859
f 3860 3861 3862
f 3601 3863 3864
f 3865 3130 3866
f 3867 3607 3868
f 3869 3318 3870
f 3317 3871 3872
f 3134 3873 3325
f 3874 3327 3875
f 3876 3328 3877
f 3319 3878 3879
f 3880 3339 3135
f 3340 3881 3882
f 3149 3883 3716
f 3884 3715 3885
f 3711 3886 3887
f 3710 3720 3142
f 3888 3719 3889
f 3718 3890 3891
f 3315 3108 3313
f 3892 3893 3105
f 3894 3266 3895
f 3896 3104 3264
f 3897 3898 3107
f 3899 3696 3900
f 3704 3110 3706
f 3113 3901 3902
f 3903 3904 3111
f 3905 3114 3906
f 3112 3907 3908
f 3909 3115 3910
f 3116 3911 3912
f 3913 3117 3914
f 3097 3915 3916
f 3917 3098 3918
f 3096 3919 3920
f 3921 3119 3922
f 3121 3923 3924
f 3925 3122 3926
f 3120 3927 3928
f 3929 3145 3930
f 3931 3146 3932
f 3933 3262 3934
f 3935 3751 3936
f 3274 3937 3938
f 3273 3939 3940
f 3746 3941 3942
f 3745 3943 3747
f 3744 3944 3945
f 3742 3946 3743
f 3740 3947 3741
f 3948 3949 3950
f 3617 3951 3952
f 3953 3954 3257
f 3955 3258 3956
f 3738 3957 3958
f 3733 3959 3960
f 3727 3961 3962
f 3731 3963 3726
f 3964 3755 3965
f 3966 3756 3967
f 3968 3969 3970
f 3676 3971 3677
f 3972 3723 3973
f 3974 3722 3143
f 3975 3976 3977
f 3978 3979 3980
f 3981 3982 3983
f 3984 3985 3986
f 3987 3988 3989
f 3990 3991 3992
f 3144 3993 3994
f 3147 3995 3996
f 3997 3998 3999
f 3156 4000 4001
f 4002 4003 4004
f 3141 4005 4006
f 4007 4008 4009
f 4010 4011 3155
f 4012 4013 4014
f 3154 4015 4016
f 4017 4018 3151
f 4019 3157 4020
f 4021 3100 4022
f 3124 4023 4024
f 3099 4025 4026
f 4027 4028 3101
f 3351 4029 4030
f 4031 4032 4033
f 3102 4034 4035
f 4036 4037 3125
f 4038 3089 4039
f 4040 3090 4041
f 3088 4042 4043
f 4044 3095 4045
f 3118 4046 4047
f 4048 3094 4049
f 3123 4050 4051
f 4052 3093 4053
f 4054 3136 4055
f 3133 4056 4057
f 4058 4059 4060
f 4061 4062 3131
f 4063 4064 4065
f 4066 4067 4068
f 3127 4069 4070
f 4071 3092 4072
f 4073 4074 3126
f 4075 4076 4077
f 4078 4079 4080
f 3519 4081 4082
f 4083 4084 3518
f 3425 3292 4085
f 4086 3286 4087
f 3172 4088 4089
f 4090 3287 4091
f 4092 3311 4093
f 3536 4094 4095
f 3535 3533 4096
f 3497 4097 3498
f 3248 4098 3247
f 3300 4099 4100
f 4101 3249 4102
f 4103 3484 4104
f 4105 3479 4106
f 3301 4107 4108
f 4109 4110 4111
f 3530 4112 4113
f 4114 4115 4116
f 4117 4118 4119
f 4120 4121 4122
f 3424 4123 4124
f 4125 3474 4126
f 4127 3471 4128
f 3294 4129 4130
f 3163 4131 4132
f 4133 3295 4134
f 3164 4135 4136
f 4137 4138 4139
f 4140 4141 3176
f 4142 3175 4143
f 4144 4145 4146
f 3353 4147 3352
f 3349 4148 4149
f 3361 4150 4151
f 4152 3363 4153
f 4154 3364 4155
f 3341 4156 4157
f 4158 4159 3391
f 4160 3385 4161
f 3379 4162 4163
f 3384 4164 4165
f 4166 4167 3392
f 4168 3393 4169
f 3394 4170 4171
f 4172 4173 3410
f 4174 4175 3413
f 3414 4176 4177
f 4178 3091 4179
f 4180 3635 4181
f 4182 3634 4183
f 3512 4184 4185
f 4186 4187 4188
f 4189 4190 3517
f 4191 4192 4193
f 4194 3549 4195
f 4196 4197 4198
f 4199 4200 4201
f 4202 4203 4204
f 4205 4206 4207
f 4208 3140 4209
f 4210 4211 4212
f 4213 3153 4214
f 4215 4216 4217
f 3148 4218 4219
f 4220 4221 4222
f 4223 4224 4225
f 4226 4227 4228
f 4229 4230 4231
f 4232 4233 4234
f 4235 4236 4237
f 4238 4239 4240
f 4241 4242 4243
f 4244 4245 4246
f 4247 4248 4249
f 4250 4251 4252
f 4253 4254 4255
f 4256 4257 4258
f 4259 4260 4261
f 4262 4263 4264
f 3158 4265 4266
f 4267 4268 3103
f 4269 4270 4271
f 4272 4273 4274
f 3150 4275 4276
f 4277 4278 4279
f 4280 4281 3152
f 4282 3106 4283
f 4284 4285 3109
f 4286 4287 4288
f 4289 4290 4291
f 4292 4293 4294
f 3159 4295 4296
f 4297 4298 4299
f 4300 4301 4302
f 4303 4304 4305
f 4306 4307 4308
f 4309 4310 4311
f 4312 4313 4314
f 4315 4316 4317
f 4318 4319 4320
f 4321 4322 4323
f 4324 4325 4326
f 4327 4328 4329
f 4330 4331 4332
f 4333 4334 4335
f 4336 4337 4338
f 4339 4340 4341
f 4342 4343 4344
f 4345 4346 4347
f 4348 4349 4350
f 4351 4352 4353
f 4354 4355 4356
f 4357 4358 4359
f 4360 4361 4362
f 4363 4364 4365
f 4366 3701 4367
f 4368 4369 4370
f 4371 4372 4373
f 4374 4375 4376
f 4377 4378 4379
f 4380 4381 4382
f 4383 4384 4385
f 4386 4387 4388
f 4389 4390 4391
f 4392 4393 4394
f 4395 4396 4397
f 4398 4399 4400
f 4401 4402 4403
f 4404 4405 4406
f 4407 4408 4409
f 4410 4411 4412
f 4413 4414 4415
f 4416 4417 4418
f 4419 4420 4421
f 4422 4423 4424
f 4425 4426 4427
f 4428 4429 4430
f 4431 4432 4433
f 4434 4435 4436
f 4437 4438 4439
f 4440 4441 4442
f 4443 4444 4445
f 4446 4447 4448
f 4449 4450 4451
f 4452 4453 4454
f 4455 4456 4457
f 4458 4459 4460
f 4461 4462 4463
f 4464 4465 4466
f 4467 4468 4469

usemtl BaseColor_0
f 3503 3551 3550
f 3503 3550 3460
f 2863 2872 2850
f 2867 2864 2849
f 2866 2867 2868
f 2855 2866 2868
f 2859 2869 2873
f 3501 2859 3585
f 3501 3585 3551
f 2859 3551 3585
f 2869 2862 2870
f 2862 2856 2860
f 2856 2855 2861
f 2864 2863 2849
f 2872 2852 2850
f 3284 3281 2852
f 3281 3280 2852
f 3279 2852 3280
f 3279 3570 2852
f 3569 2852 3570
f 2852 3569 2846
f 3569 3279 2846
f 3279 3569 3570
f 3283 2847 3282
f 3283 3554 2847
f 3283 3462 3554
f 3272 3554 3462
f 3272 3462 3271
f 3272 3271 3270
f 3269 3270 3271
f 3271 3600 3269
f 3599 3269 3600
f 3457 3456 3599
f 3592 3599 3456
f 3592 3590 3591
f 3591 3590 3589
f 3599 3591 3589
f 3590 3588 3589
f 3439 3441 3443
f 3439 3440 3441
f 3611 3441 3440
f 3611 3435 3225
f 3611 3225 3610
f 3610 3225 3586
f 3598 3610 3586
f 3228 3565 3562
f 3565 3228 3601
f 3565 3601 3602
f 3565 3602 3612
f 3320 3317 3318
f 3320 3318 3321
f 3323 3324 3325
f 3325 3317 3323
f 3330 3319 3328
f 3330 3328 3332
f 3337 3322 3338
f 3337 3338 3339
f 3337 3339 3319
f 3336 3340 3339
f 3342 3336 3339
f 3335 3712 3716
f 3716 3340 3335
f 3437 3711 3715
f 3438 3437 3715
f 3714 3438 3715
f 3477 3711 3703
f 3710 3711 3477
f 3477 3694 3710
f 3694 3504 3710
f 3504 3720 3710
f 3514 3718 3719
f 3506 3514 3719
f 3345 3348 3349
f 3345 3349 3351
f 3345 3351 3350
f 3350 3351 3315
f 3315 3312 3350
f 3313 3312 3315
f 3314 3313 3266
f 3265 3314 3266
f 3264 3265 3266
f 3267 3264 3696
f 3696 3401 3267
f 3709 3561 3697
f 3697 3699 3708
f 3705 3561 3400
f 3705 3402 3403
f 3705 3403 3405
f 3705 3405 3704
f 3706 3705 3704
f 3751 3275 3274
f 3274 3275 3273
f 3578 3746 3273
f 3578 3273 3583
f 3576 3578 3584
f 3584 3277 3576
f 3576 3277 3579
f 3577 3580 3748
f 3577 3748 3749
f 3577 3749 3746
f 3748 3746 3749
f 3746 3748 3747
f 3750 3747 3748
f 3747 3750 3745
f 3621 3744 3745
f 3621 3745 3627
f 3574 3621 3629
f 3629 3580 3574
f 3615 3644 3742
f 3615 3742 3743
f 3646 3742 3644
f 3647 3646 3645
f 3645 3614 3647
f 3647 3614 3649
f 3648 2940 3656
f 3648 3656 3654
f 3648 3654 3651
f 3648 3651 3653
f 3648 3653 3741
f 3646 3648 3741
f 3653 3740 3741
f 3655 3617 3740
f 3655 3740 3652
f 3655 3739 3617
f 3739 3257 3617
f 3737 3738 3258
f 3737 3258 3662
f 3737 3736 3735
f 3735 3734 3733
f 3738 3735 3733
f 3733 3732 3727
f 3732 3729 3727
f 3729 3728 3727
f 3728 3726 3727
f 3730 3726 3728
f 3567 3731 3721
f 3726 3721 3731
f 3558 3756 3755
f 3558 3755 3566
f 3566 3556 3558
f 3560 3756 3557
f 3560 3706 3756
f 3566 3561 3559
f 3566 3559 3556
f 3567 3566 3755
f 3558 3557 3756
f 3567 3755 3731
f 3721 3726 3730
f 3729 3717 3728
f 3732 3411 3717
f 3732 3733 3734
f 3411 3736 2940
f 3255 3257 3256
f 3255 3662 3258
f 3737 3735 3738
f 3257 3255 3258
f 3739 3256 3257
f 3653 3652 3740
f 2940 3649 3614
f 3646 3741 3742
f 3615 3743 3637
f 3573 3637 3743
f 3744 3573 3743
f 3573 3744 3575
f 3574 3575 3622
f 3261 3262 3263
f 3263 3262 3676
f 3675 3263 3676
f 3677 3675 3676
f 3677 3723 3674
f 3674 3723 3692
f 3539 3516 3692
f 3692 3724 3539
f 3724 3690 3539
f 3693 3692 3722
f 3539 3693 3722
f 3539 3722 3718
f 3539 3718 3524
f 3491 3539 3540
f 3491 3516 3539
f 3692 3723 3722
f 3675 3677 3674
f 3261 3753 3262
f 3753 3752 3751
f 3278 3273 3276
f 3629 3754 3580
f 3754 3621 3580
f 3574 3622 3621
f 3621 3575 3744
f 3750 3627 3745
f 3580 3579 3277
f 3278 3583 3273
f 3578 3577 3746
f 3276 3273 3275
f 3275 3751 3752
f 3753 3751 3262
f 3520 3519 3518
f 3521 3520 3518
f 3521 3518 3517
f 3453 3521 3517
f 3455 3453 3517
f 3455 3517 3512
f 3455 3512 3511
f 3509 3196 3197
f 3418 3420 3414
f 3417 3418 3414
f 3415 3417 3414
f 3415 3414 3413
f 3415 3413 3416
f 3174 3176 3463
f 3176 3295 3463
f 3463 3295 3470
f 3298 3470 3295
f 3295 3294 3298
f 3297 3298 3294
f 3296 3297 3294
f 3296 3294 3471
f 3473 3296 3471
f 3471 3474 3473
f 3472 3473 3474
f 3478 3472 3474
f 3478 3474 3479
f 3478 3479 3480
f 3478 3640 3639
f 3232 3299 3642
f 3232 3642 3643
f 3232 3639 3482
f 3485 3483 3486
f 3483 3488 3486
f 3486 3488 3494
f 3546 3547 3519
f 3548 3519 3547
f 3548 3547 3469
f 3548 3469 3461
f 3548 3461 3549
f 3461 3552 3549
f 3552 3550 3549
f 3552 3553 3550
f 3553 3552 3503
f 3503 3555 3553
f 3555 3460 3553
f 3475 3464 3466
f 3475 3458 3464
f 3423 3389 3424
f 3424 3588 3423
f 3425 3424 3389
f 3389 3597 3425
f 3597 3290 3425
f 3290 3292 3425
f 3536 3311 3310
f 3310 3537 3536
f 3534 3536 3537
f 3535 3536 3534
f 3534 3532 3535
f 3532 3533 3535
f 3532 3531 3533
f 3530 3533 3531
f 3531 3623 3530
f 3528 3530 3623
f 3498 3530 3528
f 3528 3529 3498
f 3529 3499 3498
f 3499 3497 3498
f 3499 3308 3497
f 3301 3497 3308
f 3308 3306 3301
f 3306 3302 3301
f 3300 3301 3302
f 3302 3496 3300
f 3245 3300 3496
f 3253 3245 3293
f 3246 3252 3248
f 3248 3247 3246
f 3245 3246 3247
f 3252 3251 3248
f 3249 3248 3251
f 3479 3484 3481
f 3488 3481 3484
f 3488 3484 3249
f 3525 3527 3528
f 3624 3528 3527
f 3300 3245 3247
f 3531 3532 3525
f 3534 3525 3532
f 3541 3525 3534
f 3542 3538 3370
f 3309 3370 3538
f 3290 3388 3544
f 3545 3290 3544
f 3291 3382 3286
f 3382 3368 3286
f 3368 3309 3287
f 3309 3310 3311
f 3311 3287 3309
f 3287 3286 3368
f 3291 3286 3292
f 3290 3291 3292
f 3271 3288 3457
f 3475 3459 3458
f 3548 3549 3519
f 3251 3494 3249
f 3494 3488 3249
f 3640 3482 3639
f 3481 3480 3479
f 3641 3472 3478
f 3175 3176 3174
f 3174 3173 3175
f 3173 3447 3175
f 3446 3175 3447
f 3650 3445 3449
f 3650 3439 3444
f 3432 3436 3434
f 3430 3432 3434
f 3434 3225 3430
f 3430 3225 3431
f 3432 3430 3433
f 3433 3430 3436
f 3436 3432 3433
f 3435 3436 3430
f 3442 3435 3440
f 3429 3225 3434
f 3181 3179 3609
f 3605 3606 3607
f 3609 3179 3606
f 3606 3179 3318
f 3327 3326 3329
f 3327 3329 3766
f 3327 3766 3765
f 3764 3327 3765
f 3333 3764 3765
f 3764 3333 3334
f 3333 3327 3334
f 3327 3764 3334
f 3359 3360 3361
f 3359 3361 3353
f 3359 3353 3362
f 3354 3359 3362
f 3354 3362 3353
f 3354 3353 3352
f 3354 3352 3355
f 3356 3355 3352
f 3348 3356 3352
f 3762 3356 3348
f 3365 3341 3364
f 3365 3364 3366
f 3367 3365 3366
f 3387 3386 3385
f 3387 3385 3391
f 3391 3390 3387
f 3390 3391 3372
f 3372 3391 3341
f 3386 3379 3385
f 3386 3376 3379
f 3376 3378 3379
f 3377 3379 3378
f 3377 3384 3379
f 3395 3394 3393
f 3395 3393 3396
f 3678 3384 3691
f 3678 3679 3392
f 3679 3397 3392
f 3666 3667 3668
f 3666 3668 3375
f 3669 3673 3670
f 3669 3672 3673
f 3669 3671 3672
f 3668 3664 3375
f 3375 3664 3665
f 3409 3394 3412
f 3409 3410 3394
f 3409 3408 3410
f 3408 3660 3410
f 3660 3661 3410
f 3416 3410 3661
f 3397 3396 3393
f 3394 3395 3412
f 3397 3393 3392
f 3678 3392 3384
f 3377 3691 3384
f 3376 3377 3378
f 3374 3357 3367
f 3374 3367 3363
f 3372 3341 3373
f 3367 3357 3371
f 3367 3366 3364
f 3341 3365 3373
f 3367 3364 3363
f 3374 3363 3361
f 3360 3374 3361
f 3448 3449 3445
f 3446 3448 3450
f 3450 3175 3446
f 3416 3413 3410
f 3510 3512 3634
f 3510 3634 3638
f 3636 3638 3634
f 3507 3508 3422
f 3420 3636 3635
f 3422 3508 3509
f 3636 3634 3635
f 3420 3635 3414
f 3512 3510 3511
f 3521 3522 3520
f 3520 3546 3519
f 3704 3404 3701
f 3404 3401 3701
f 3560 3705 3706
f 3404 3704 3405
f 3707 3561 3709
f 3401 3696 3701
f 3268 3264 3267
f 3265 3264 3268
f 3312 3313 3314
f 3348 3352 3349
f 3348 3344 3762
f 3492 3515 3505
f 3491 3540 3524
f 3492 3513 3515
f 3505 3515 3506
f 3514 3524 3718
f 3506 3719 3720
f 3504 3506 3720
f 3437 3703 3711
f 3714 3715 3716
f 3714 3716 3712
f 3336 3335 3340
f 3338 3342 3339
f 3333 3332 3328
f 3330 3337 3319
f 3333 3328 3327
f 3327 3325 3324
f 3327 3324 3326
f 3318 3179 3321
f 3320 3323 3317
f 3606 3318 3607
f 3605 3607 3601
f 3601 3228 3605
f 3565 3612 3563
f 3228 3562 3564
f 3582 3563 3612
f 3598 3582 3612
f 3598 3612 3610
f 3225 3435 3431
f 3611 3610 3441
f 3439 3442 3440
f 3439 3443 3444
f 3650 3444 3445
f 3445 3450 3448
f 3590 3423 3588
f 3589 3269 3599
f 3462 3288 3271
f 3272 3270 3554
f 3279 3282 2847
f 3553 3460 3550
f 3503 3501 3551
f 2859 2873 3551
f 2870 2873 2869
f 2860 2870 2862
f 2861 2860 2856
f 2868 2861 2855
f 2849 2868 2867
f 2850 2849 2863
f 2846 2850 2852
f 2847 2846 3279

usemtl BaseColor_0
f 3460 3759 3503
f 3759 3760 3503
f 3502 3503 3760
f 3760 3011 3502
f 3500 3502 3011
f 3034 3500 3011
f 2857 3034 3011
f 2857 3011 3010
f 2857 3010 3029
f 2857 3029 2865
f 2857 2865 2852
f 2852 2872 2857
f 2863 2857 2872
f 2863 2864 2857
f 2867 2857 2864
f 2866 2857 2867
f 2855 2857 2866
f 2855 2856 2857
f 2856 2862 2857
f 2862 2869 2857
f 2859 2857 2869
f 2858 2857 2859
f 2858 2859 3033
f 3501 3033 2859
f 3033 3501 3034
f 2857 2858 3033
f 2865 3284 2852
f 3279 3280 3281
f 3282 3279 3281
f 3282 3281 3283
f 3599 3600 3457
f 3611 3440 3431
f 3611 3431 3435
f 3598 3586 3226
f 3229 3598 3226
f 3229 3230 3582
f 3581 3582 3230
f 3563 3582 3581
f 3562 3563 3564
f 3565 3563 3562
f 3323 3320 3321
f 3323 3321 3179
f 3179 3326 3323
f 3323 3326 3324
f 3330 3332 3329
f 3330 3329 3334
f 3331 3330 3334
f 3330 3331 3322
f 3330 3322 3337
f 3336 3342 3198
f 3336 3198 3200
f 3200 3199 3336
f 3335 3336 3199
f 3335 3199 3192
f 3192 3214 3335
f 3214 3713 3335
f 3713 3712 3335
f 3438 3714 3215
f 3438 3215 3213
f 3213 3205 3438
f 3207 3438 3205
f 3437 3208 3209
f 3209 3206 3437
f 3703 3437 3206
f 3703 3206 3212
f 3703 3212 3477
f 3514 3506 3515
f 3514 3515 3513
f 3514 3513 3524
f 3491 3524 3513
f 3513 3492 3491
f 3490 3491 3492
f 3493 3490 3492
f 3492 3504 3493
f 2901 3493 3504
f 3504 2902 2901
f 2900 2901 2902
f 2902 2925 2900
f 2929 2900 2925
f 2924 2929 2925
f 2924 2925 2915
f 2956 2924 2915
f 2959 2956 2915
f 2942 2959 2915
f 2936 2942 2915
f 2937 2936 2915
f 2963 2937 2915
f 2939 2963 2915
f 3072 2939 2915
f 2935 3072 2915
f 2935 2915 2914
f 2935 2914 2875
f 2935 2875 2923
f 2935 2923 2969
f 2935 2969 2893
f 2934 2935 2893
f 2910 2934 2893
f 2911 2910 2893
f 2877 2911 2893
f 2892 2877 2893
f 2892 2893 2894
f 2892 2894 2895
f 2892 2895 2890
f 3068 2892 2890
f 2917 3068 2890
f 2918 2917 2890
f 2919 2918 2890
f 2896 2919 2890
f 2896 2890 2881
f 2881 2880 2896
f 2880 2905 2896
f 2904 2896 2905
f 2903 2904 2905
f 2905 3767 2903
f 3767 3768 2903
f 3768 3204 2903
f 3201 2903 3204
f 3203 3344 3201
f 3345 3201 3344
f 3345 3344 3348
f 3312 2896 3350
f 3201 3350 2896
f 3401 3697 3267
f 3697 2892 3267
f 2892 3697 2912
f 2912 2878 2892
f 2912 2879 2878
f 2877 2878 2879
f 2879 2912 2911
f 3561 2912 3697
f 3697 3725 3709
f 3401 3709 3725
f 3725 3700 3401
f 3700 3725 3698
f 3697 3700 3698
f 3697 3698 3699
f 3708 3699 3698
f 3708 3698 3725
f 3709 3401 3400
f 3709 3400 3707
f 3400 3561 3707
f 3705 3400 3402
f 3583 3584 3578
f 3579 3580 3576
f 3577 3576 3580
f 3627 3629 3621
f 3572 3574 3580
f 3580 3571 3572
f 2941 3572 3571
f 2941 3571 2962
f 2942 2941 2962
f 2941 2942 2943
f 3637 2941 2943
f 3615 3637 2943
f 3616 3615 2943
f 3614 3615 3616
f 3616 2942 3614
f 3615 3614 3644
f 3644 3645 3646
f 3649 2940 3647
f 3648 3647 2940
f 3652 3651 3655
f 3737 3662 3736
f 3736 3411 3735
f 3735 3411 3734
f 3728 3717 3730
f 3721 3730 3717
f 3561 3721 3717
f 3717 2934 3561
f 3556 3557 3558
f 3557 3556 3560
f 3559 3560 3556
f 3561 3560 3559
f 3566 3567 3568
f 3561 3566 3568
f 3732 3717 3729
f 3411 2935 3717
f 2935 3411 2939
f 2939 3073 2935
f 2940 2939 3411
f 2939 2940 2938
f 2939 2938 2937
f 2937 2946 2939
f 2939 2946 2947
f 2937 2947 2946
f 2936 2938 2940
f 3614 2936 2940
f 3732 3734 3411
f 3254 3255 3256
f 3655 2940 3256
f 3255 3254 3662
f 3655 3256 3739
f 3651 3652 3653
f 3654 3655 3651
f 3656 3655 3654
f 2940 3655 3656
f 3647 3648 3646
f 3645 3644 3614
f 3574 3573 3575
f 3621 3622 3575
f 3637 3573 2941
f 3616 2943 2942
f 2962 3571 2945
f 2962 2945 2958
f 2958 2961 2962
f 2961 2960 2962
f 2960 2959 2962
f 2959 2960 2961
f 2961 2958 2956
f 2958 2944 2956
f 2958 2957 2944
f 2957 2945 2944
f 2924 2944 2945
f 2945 3580 2924
f 3277 2924 3580
f 2924 3277 2951
f 2924 2951 2948
f 2924 2948 2949
f 2924 2949 2928
f 2924 2928 2927
f 2926 2927 2928
f 3071 2926 2928
f 2929 3071 2928
f 2929 2928 3489
f 3489 2901 2929
f 3490 3489 2928
f 2928 3516 3490
f 3516 2928 2953
f 2952 3516 2953
f 2952 2953 2954
f 2952 2954 2955
f 2952 2955 2928
f 2948 2952 2928
f 2950 2948 2928
f 2951 2950 2928
f 2950 2951 2949
f 2948 3259 2952
f 2952 3259 3543
f 3263 3543 3259
f 3263 3259 3261
f 3692 3516 3674
f 3674 3516 3675
f 3543 3675 3516
f 3693 3539 3690
f 3692 3693 3690
f 3692 3690 3688
f 3692 3688 2954
f 3689 3692 2954
f 3688 3689 2954
f 3689 3688 3690
f 3539 3524 3540
f 3690 3724 3689
f 3724 3692 3689
f 3261 3752 3753
f 3261 3260 3608
f 3596 3608 3260
f 3260 2948 3596
f 3276 3277 3278
f 3278 3277 3583
f 3613 3608 3275
f 3752 3613 3275
f 3261 3259 3260
f 3263 3675 3543
f 2948 3260 3259
f 2955 2954 2953
f 3516 2952 3543
f 2928 2955 2953
f 2927 3071 2929
f 2927 2926 3071
f 2949 2951 2928
f 2948 2950 2949
f 2951 3596 2948
f 3596 2951 3277
f 2957 2958 2945
f 2941 3573 3572
f 3580 2945 3571
f 3572 3573 3574
f 3621 3628 3580
f 3628 3627 3580
f 3750 3580 3627
f 3621 3754 3628
f 3754 3629 3628
f 3627 3628 3629
f 3580 3750 3748
f 3576 3577 3578
f 3584 3583 3277
f 3511 3239 3455
f 3243 3455 3239
f 3510 3197 3238
f 3238 3511 3510
f 3510 3509 3197
f 3211 3224 3420
f 3187 3211 3420
f 3419 3187 3420
f 3418 3419 3420
f 3415 3416 2993
f 3210 3415 2993
f 2993 2997 3210
f 2997 3060 3210
f 3210 3060 3186
f 3000 3186 3060
f 3060 3059 3000
f 3003 3000 3059
f 3059 3057 3003
f 3057 3056 3003
f 3003 3056 3060
f 3061 3003 3060
f 2998 3061 3060
f 3463 3061 2998
f 3463 2998 3174
f 3478 3480 3640
f 3639 3641 3478
f 3641 3639 3642
f 3473 3641 3642
f 3473 3642 3299
f 3232 3643 3639
f 3232 3482 3485
f 3190 3232 3485
f 3487 3190 3485
f 3486 3487 3485
f 3231 3486 3494
f 3494 3251 3231
f 3251 3771 3231
f 3771 3233 3231
f 3232 3233 3083
f 3083 3003 3232
f 3083 3002 3003
f 3003 3002 2980
f 2981 2980 3002
f 3002 2982 2981
f 2982 3002 3000
f 2980 2982 3000
f 3002 3001 3000
f 3001 2999 3000
f 2999 2968 3000
f 2968 3004 3000
f 3004 2966 3000
f 2966 3014 3000
f 3014 3013 3000
f 3013 3021 3000
f 3021 3082 3000
f 3000 3082 3081
f 3000 3081 3044
f 3044 3452 3000
f 3452 3451 3000
f 3451 3632 3000
f 3632 3197 3000
f 3632 3244 3197
f 3632 3454 3244
f 3454 3453 3244
f 3243 3244 3453
f 3453 3454 3451
f 3454 3632 3451
f 3451 3452 3453
f 3453 3452 3632
f 3453 3632 3633
f 3238 3453 3633
f 3633 3775 3238
f 3775 3633 3631
f 3453 3775 3631
f 3631 3630 3453
f 3630 3044 3453
f 3055 3453 3044
f 3017 3055 3044
f 3017 3044 3045
f 3017 3045 3082
f 3017 3054 3055
f 3522 3055 3054
f 3522 3054 3523
f 3523 3520 3522
f 3520 3523 3468
f 3546 3618 3547
f 3461 3458 3460
f 3458 3459 3460
f 3475 3027 3460
f 3027 3475 3047
f 3047 3046 3027
f 3009 3027 3046
f 3010 3009 3046
f 3046 3032 3010
f 3032 3027 3010
f 3027 3032 3028
f 3027 3028 3029
f 3030 3029 3028
f 3030 3028 3047
f 3047 3467 3030
f 3467 3465 3030
f 3465 3466 3030
f 3468 3030 3466
f 3468 3466 3461
f 3466 3464 3461
f 3466 3465 3475
f 3465 3467 3475
f 3024 3029 3030
f 3030 3031 3024
f 3024 3031 3052
f 3024 3052 3017
f 3025 3024 3017
f 3025 3017 3026
f 3043 3026 3017
f 3023 3043 3017
f 3042 3023 3017
f 3016 3042 3017
f 3015 3016 3017
f 3018 3015 3017
f 3018 3017 3020
f 3051 3018 3020
f 3051 3020 3370
f 3051 3370 3380
f 3016 3051 3380
f 3016 3380 3381
f 3016 3381 3388
f 3022 3016 3388
f 3022 3388 3389
f 3023 3022 3389
f 3023 3389 3428
f 3428 3594 3023
f 3594 3428 3595
f 3026 3594 3595
f 3026 3595 3456
f 3024 3026 3456
f 3593 3456 3595
f 3593 3595 3427
f 3590 3593 3427
f 3427 3426 3590
f 3426 3423 3590
f 3423 3426 3389
f 3245 3496 3236
f 3304 3245 3236
f 3236 3495 3304
f 3495 3236 3293
f 3245 3495 3293
f 3293 3252 3253
f 3246 3253 3252
f 3251 3252 3235
f 3250 3251 3235
f 3188 3250 3235
f 3188 3235 2968
f 2968 3083 3188
f 3008 3083 2968
f 2968 3001 3008
f 3235 3773 2968
f 2964 2968 3773
f 3305 2964 3773
f 3305 3773 3772
f 3305 3772 3237
f 3305 3237 3302
f 3302 3304 3305
f 3305 3304 3774
f 2965 3774 3304
f 2966 2965 3304
f 2966 3304 3241
f 3012 2966 3241
f 3012 3241 3240
f 3013 3012 3240
f 3240 3525 3013
f 3525 3240 3526
f 3525 3526 3527
f 3525 3528 3531
f 3499 3625 3303
f 3303 3307 3499
f 3307 3303 3304
f 3308 3307 3304
f 3626 3303 3625
f 3526 3626 3625
f 3626 3526 3242
f 3242 3303 3626
f 3303 3242 3241
f 3240 3242 3526
f 3240 3241 3242
f 2966 3012 3013
f 3303 3241 3304
f 2964 2965 2966
f 2967 2964 2966
f 2968 2967 2966
f 2965 2964 3774
f 3237 3234 3302
f 3235 3237 3772
f 3305 3774 2964
f 2964 2967 2968
f 3235 3772 3773
f 3250 3188 3233
f 3235 3252 3293
f 3246 3245 3253
f 3236 3235 3293
f 3495 3245 3304
f 3234 3236 3496
f 3496 3302 3234
f 3302 3306 3304
f 3306 3308 3304
f 3307 3308 3499
f 3624 3499 3529
f 3528 3624 3529
f 3531 3528 3623
f 3541 3534 3542
f 3542 3020 3541
f 3087 3541 3020
f 3020 3019 3087
f 3021 3087 3019
f 3021 3019 3017
f 3021 3525 3087
f 3542 3534 3538
f 3310 3309 3538
f 3370 3309 3368
f 3368 3369 3370
f 3383 3370 3369
f 3388 3383 3369
f 3388 3369 3544
f 3291 3290 3545
f 3291 3545 3369
f 3544 3369 3545
f 3381 3370 3383
f 3368 3382 3369
f 3310 3538 3534
f 3541 3087 3525
f 3310 3534 3537
f 3389 3290 3597
f 3426 3427 3389
f 3427 3595 3428
f 3427 3428 3389
f 3388 3290 3389
f 3016 3022 3023
f 3383 3388 3381
f 3381 3380 3370
f 3020 3542 3370
f 3019 3020 3017
f 3015 3018 3051
f 3016 3015 3051
f 3023 3042 3016
f 3043 3023 3594
f 3026 3043 3594
f 3024 3025 3026
f 3052 3053 3017
f 3017 3053 3030
f 3523 3017 3030
f 3053 3052 3030
f 3031 3030 3052
f 3024 3050 3029
f 3050 3049 3029
f 3049 3048 3029
f 3048 3049 3050
f 3050 3084 3048
f 3084 3086 3048
f 2865 3048 3086
f 3084 3283 3086
f 3284 3086 3283
f 3084 3289 3283
f 3084 3050 3289
f 3050 3288 3289
f 3288 3462 3289
f 3457 3288 3050
f 3457 3050 3024
f 3032 3046 3028
f 3027 3009 3011
f 3046 3047 3028
f 3467 3047 3475
f 3458 3461 3464
f 3469 3468 3461
f 3547 3618 3469
f 3619 3469 3618
f 3619 3620 3469
f 3468 3469 3620
f 3030 3468 3523
f 3017 3523 3054
f 3522 3453 3055
f 3044 3630 3632
f 3630 3631 3632
f 3775 3453 3238
f 3631 3633 3632
f 3044 3632 3452
f 3081 3045 3044
f 3045 3081 3082
f 3021 3017 3082
f 3021 3013 3525
f 3013 3014 2966
f 2966 3004 2968
f 2999 3001 2968
f 3002 3008 3001
f 2980 2981 2982
f 3083 3008 3002
f 3083 3233 3188
f 3233 3771 3250
f 3771 3251 3250
f 3231 3190 3486
f 3486 3190 3251
f 3486 3251 3188
f 3189 3188 3251
f 3233 3189 3251
f 3233 3251 3190
f 3481 3488 3483
f 3481 3483 3482
f 3480 3481 3482
f 3487 3486 3188
f 3190 3487 3188
f 3485 3482 3483
f 3299 3232 3003
f 3298 3299 3003
f 3639 3643 3642
f 3482 3640 3480
f 3473 3472 3641
f 3296 3473 3299
f 3296 3299 3297
f 3298 3297 3299
f 3061 3470 3298
f 3075 3446 3447
f 3446 3075 3074
f 3074 3285 3446
f 3448 3446 3285
f 3285 3429 3448
f 3449 3448 3429
f 3429 3650 3449
f 3650 3429 3434
f 3650 3434 3439
f 3442 3439 3434
f 3435 3442 3434
f 3436 3435 3434
f 3440 3435 3430
f 3080 3225 3429
f 3225 3080 2886
f 2886 3228 3225
f 3228 2886 2987
f 2987 3603 3228
f 3181 3228 3603
f 3181 3603 3180
f 3180 3179 3181
f 3181 3609 3604
f 3605 3604 3609
f 3606 3605 3609
f 3605 3228 3604
f 3180 3178 3179
f 3178 3177 3179
f 3179 3177 2884
f 2985 2884 3177
f 2985 3177 2987
f 2987 2986 2985
f 2986 2983 2985
f 2983 2984 2985
f 2977 2985 2984
f 2977 2984 2996
f 2977 2996 2983
f 2977 3070 2985
f 2977 2884 3070
f 2884 2977 2885
f 2884 2885 2880
f 2880 2883 2884
f 2884 2883 2882
f 2884 2882 2881
f 2881 2930 2884
f 3326 2884 2930
f 2930 3329 3326
f 3332 3333 3765
f 3332 3765 3766
f 3329 2930 2881
f 2881 3322 3329
f 3322 2881 2891
f 3194 3322 2891
f 2891 3192 3194
f 3343 3194 3191
f 3191 3193 3343
f 3343 3193 3342
f 3342 3338 3343
f 3194 3343 3338
f 3192 2891 2893
f 2893 3702 3192
f 3212 3192 3702
f 3216 3214 3712
f 3714 3712 3214
f 3217 3216 3712
f 3702 2893 2920
f 2920 3477 3702
f 3477 2920 3476
f 3476 2925 3477
f 3476 2920 2915
f 2915 2920 2921
f 2915 2921 2913
f 2921 2922 2913
f 2931 2913 2922
f 2922 2876 2931
f 2914 2931 2876
f 2876 2922 2874
f 2874 2875 2876
f 2875 2874 2899
f 2898 2899 2874
f 2899 2898 2923
f 2898 2874 2922
f 2898 2922 2920
f 2914 2913 2931
f 2922 2921 2920
f 2893 2898 2920
f 2891 2890 2893
f 2880 2882 2883
f 2885 2907 2880
f 2907 3347 2880
f 3358 2880 3347
f 3359 3358 3347
f 3359 3347 3360
f 3354 3355 3069
f 3354 3069 3358
f 3069 3355 2905
f 3356 3762 3355
f 3762 3202 3355
f 3365 3367 3371
f 3365 3371 3373
f 3372 3373 3371
f 3371 2885 3372
f 2970 3372 2885
f 2970 2885 2971
f 2971 3387 2970
f 3387 2971 3386
f 3387 3390 3372
f 3395 3396 3066
f 3399 3395 3066
f 3399 3066 3065
f 3399 3065 3398
f 2975 3398 3065
f 2975 3065 2979
f 2979 2976 2975
f 2974 2975 2976
f 2978 2974 2976
f 2978 2988 2974
f 2988 3062 2974
f 3062 3063 2974
f 3063 3062 2992
f 2992 2991 3063
f 2991 2988 3063
f 2986 3063 2988
f 2986 2988 2990
f 2986 2990 3067
f 2986 3067 2977
f 3067 3375 2977
f 3376 2977 3375
f 3375 3377 3376
f 3377 3375 3665
f 3377 3665 3691
f 3691 3665 3664
f 3691 3664 3678
f 3664 3668 3678
f 3678 3668 3670
f 3678 3670 3679
f 3679 3672 3397
f 3672 3671 3397
f 3671 3680 3397
f 3680 3681 3397
f 3681 3682 3397
f 3397 3682 3396
f 3685 3396 3682
f 3685 3682 3683
f 3684 3685 3683
f 3683 2978 3684
f 2979 3684 2978
f 2979 3396 3684
f 3684 3396 3685
f 3666 2988 3683
f 2988 3666 3067
f 3067 2992 2988
f 3067 2989 2992
f 3681 3680 3666
f 3669 3666 3680
f 3666 3669 3667
f 3670 3667 3669
f 3672 3679 3673
f 3670 3673 3679
f 3667 3670 3668
f 2977 3376 3064
f 3375 3067 3666
f 3067 2990 2989
f 2988 2989 2990
f 2986 2975 3063
f 2975 2986 3039
f 2975 3039 3038
f 2975 3038 2886
f 2886 3035 2975
f 3035 3036 2975
f 3036 3040 2975
f 3040 3686 2975
f 3686 3687 2975
f 3687 3686 3409
f 3412 3687 3409
f 3661 3223 3416
f 3761 3416 3223
f 3761 3223 2994
f 2993 3761 2994
f 2993 2994 2995
f 2993 2995 2887
f 2887 3006 2993
f 2998 2993 3006
f 3075 2998 3006
f 2998 3075 3173
f 3005 3006 2887
f 3005 2887 2972
f 3076 3005 2972
f 3076 2972 2973
f 2973 3763 3076
f 3763 3285 3076
f 3285 3763 3085
f 3085 3078 3285
f 3078 2973 3285
f 2973 3080 3285
f 2973 3079 3080
f 2973 3078 3079
f 3079 3078 3077
f 3079 3077 2886
f 3077 3078 2886
f 2887 2886 3078
f 2886 2887 2888
f 2888 2889 2886
f 2889 2888 2887
f 2887 3037 2889
f 3035 2889 3037
f 3037 3758 3035
f 3758 3757 3035
f 3757 3221 3035
f 3406 3035 3221
f 3406 3221 3663
f 3407 3663 3660
f 3663 3659 3660
f 3660 3659 3657
f 3658 3657 3659
f 3219 3218 3663
f 3218 3222 3663
f 3659 3663 3222
f 3221 3219 3663
f 3035 3406 3040
f 3040 3041 3035
f 3769 3040 3406
f 3409 3769 3406
f 3769 3409 3770
f 3040 3770 3409
f 3040 3769 3770
f 3221 3757 3220
f 3757 3758 3220
f 3758 3037 3220
f 2994 3220 3037
f 2887 2994 3037
f 2994 2887 3007
f 3078 3085 2887
f 3085 2973 2887
f 3763 2973 3085
f 3005 3076 3074
f 2972 2887 2973
f 3006 3005 3074
f 3007 2887 2995
f 3007 2995 2994
f 3220 2994 3223
f 3657 3223 3661
f 3660 3657 3661
f 3408 3407 3660
f 3687 3412 3398
f 3395 3398 3412
f 3686 3040 3409
f 3040 3036 3041
f 3035 3041 3036
f 3035 2886 2889
f 3038 3039 2987
f 2988 2991 2989
f 2991 2992 2989
f 3062 2988 2992
f 2978 3683 2988
f 2975 2974 3063
f 2978 2976 2979
f 3398 2975 3687
f 2979 3065 3066
f 3398 3395 3399
f 3396 2979 3066
f 3386 3064 3376
f 3064 3386 2971
f 3064 2971 2885
f 3372 2970 3387
f 2885 3371 2906
f 3357 2906 3371
f 2906 3357 2907
f 3346 2907 3357
f 3347 3346 3357
f 3347 3357 2909
f 3357 3374 2909
f 2909 3374 2908
f 2908 2907 2909
f 3360 2907 2908
f 3360 2908 3374
f 3346 3347 2909
f 2907 3346 2909
f 3358 3359 3354
f 2880 3358 3069
f 2907 3360 3347
f 2885 2906 2907
f 2977 3064 2885
f 2983 2996 2984
f 2977 2983 2986
f 2986 2987 3039
f 2985 3070 2884
f 3177 3178 2987
f 3178 3180 2987
f 3181 3604 3228
f 2987 3180 3603
f 2886 3038 2987
f 3080 3079 2886
f 3429 3285 3080
f 3074 3076 3285
f 3074 3075 3006
f 3075 3447 3173
f 3173 3174 2998
f 3061 3463 3470
f 3003 3061 3298
f 3056 3057 3058
f 3056 3058 3059
f 3057 3059 3058
f 3003 2980 3000
f 3060 3056 3059
f 3060 2997 2998
f 2997 2993 2998
f 3415 3210 3419
f 2993 3416 3761
f 3638 3196 3510
f 3636 3508 3638
f 3508 3507 3638
f 3507 3195 3638
f 3422 3185 3507
f 3185 3422 3187
f 3421 3187 3422
f 3419 3421 3422
f 3419 3422 3211
f 3211 3184 3419
f 3183 3182 3422
f 3420 3183 3422
f 3420 3422 3509
f 3509 3636 3420
f 3182 3211 3422
f 3421 3419 3184
f 3187 3421 3184
f 3636 3509 3508
f 3419 3417 3415
f 3419 3418 3417
f 3187 3419 3210
f 3183 3420 3224
f 3195 3507 3185
f 3196 3638 3195
f 3186 3000 3197
f 3509 3510 3196
f 3511 3238 3239
f 3455 3243 3453
f 3453 3522 3521
f 3404 3403 3401
f 3403 3404 3405
f 3402 3401 3403
f 3560 3561 3705
f 3400 3401 3402
f 3697 3708 3725
f 2912 3561 2934
f 2934 2932 2912
f 2912 2932 2933
f 2933 2916 2912
f 2912 2916 2910
f 2933 2910 2916
f 2934 2933 2932
f 3700 3697 3401
f 3267 3068 3268
f 3265 3268 3068
f 3316 3314 3265
f 3265 2917 3695
f 2919 3695 2917
f 2919 3312 3695
f 3695 3312 3316
f 3314 3316 3312
f 3201 3345 3350
f 3344 3203 3762
f 3202 3762 3203
f 3202 3204 3355
f 2903 3201 2896
f 3204 3768 3355
f 3768 3767 3355
f 3767 2905 3355
f 2903 2896 2904
f 2880 3069 2905
f 2880 2881 2882
f 2890 2891 2881
f 2896 3312 2919
f 2917 2918 2919
f 2917 3265 3068
f 3068 3267 2892
f 2890 2895 2893
f 2895 2897 2893
f 2894 2897 2895
f 2897 2894 2893
f 2878 2877 2892
f 2877 2879 2911
f 2910 2911 2912
f 2910 2933 2934
f 2934 3717 2935
f 2893 2969 2898
f 2969 2923 2898
f 2875 2899 2923
f 2914 2876 2875
f 2913 2914 2915
f 2935 3073 3072
f 2939 3072 3073
f 2947 2963 2939
f 2963 2947 2937
f 2936 2937 2938
f 2936 3614 2942
f 2942 2962 2959
f 2959 2961 2956
f 2924 2956 2944
f 2915 2925 3476
f 2924 2927 2929
f 3694 2925 2902
f 2901 2900 2929
f 3493 2901 3489
f 3505 3504 3492
f 3506 3504 3505
f 3489 3490 3493
f 3491 3490 3516
f 3504 3694 2902
f 3477 2925 3694
f 3212 3702 3477
f 3208 3438 3207
f 3214 3215 3714
f 3437 3438 3208
f 3712 3713 3217
f 3713 3214 3217
f 3198 3342 3193
f 3338 3322 3194
f 3331 3329 3322
f 3329 3331 3334
f 3766 3329 3332
f 2884 3326 3179
f 3230 3228 3581
f 3587 3227 3230
f 3587 3230 3586
f 3227 3587 3586
f 3582 3598 3229
f 3230 3226 3586
f 3586 3225 3227
f 3431 3440 3430
f 3599 3592 3591
f 3456 3457 3024
f 3271 3457 3600
f 3283 3289 3462
f 3284 3283 3281
f 2865 3086 3284
f 3048 2865 3029
f 3010 3027 3029
f 3009 3010 3011
f 2857 3033 3034
f 3500 3034 3501
f 3502 3500 3501
f 3011 3760 3027
f 3503 3502 3501
f 3760 3759 3027
f 3759 3460 3027

usemtl BaseColor_0
f 3456 3590 3592
f 3226 3228 3229
f 3229 3228 3230
f 3563 3581 3228
f 3228 3564 3563
f 3205 3206 3207
f 3207 3206 3208
f 3208 3206 3209
f 3201 3204 3202
f 3201 3202 3203
f 3721 3561 3568
f 3721 3568 3567
f 2940 3736 3662
f 2940 3662 3254
f 3256 2940 3254
f 3613 3752 3261
f 3608 3613 3261
f 3596 3275 3608
f 3596 3276 3275
f 3276 3596 3277
f 3197 3243 3239
f 3238 3197 3239
f 3186 3197 3196
f 3186 3196 3195
f 3186 3195 3185
f 3185 3183 3186
f 3211 3186 3183
f 3211 3183 3224
f 3233 3232 3231
f 3468 3620 3520
f 3620 3619 3520
f 3619 3618 3520
f 3618 3546 3520
f 3460 3555 3552
f 3555 3503 3552
f 3552 3461 3460
f 3459 3475 3460
f 3624 3527 3625
f 3499 3624 3625
f 3526 3625 3527
f 3237 3235 3234
f 3234 3235 3236
f 3382 3291 3369
f 3189 3233 3190
f 3188 3189 3190
f 3231 3232 3190
f 3194 3192 3191
f 3191 3192 3193
f 3193 3192 3198
f 3192 3212 3213
f 3192 3213 3217
f 3216 3217 3213
f 3214 3216 3213
f 3682 3681 3683
f 3666 3683 3681
f 3671 3669 3680
f 3407 3406 3663
f 3223 3658 3659
f 3223 3659 3222
f 3220 3223 3222
f 3220 3222 3218
f 3218 3219 3220
f 3221 3220 3219
f 3223 3657 3658
f 3406 3407 3408
f 3406 3408 3409
f 3211 3182 3184
f 3182 3183 3184
f 3187 3184 3183
f 3210 3211 3187
f 3210 3186 3211
f 3185 3187 3183
f 3197 3244 3243
f 3695 3316 3265
f 3205 3212 3206
f 3213 3212 3205
f 3214 3213 3215
f 3214 3192 3217
f 3198 3192 3199
f 3198 3199 3200
f 3225 3228 3226
f 3225 3226 3227
f 3230 3227 3226
f 3456 3593 3590


o Object.12
v -17.158596 -12.707999 19.050001 255 255 255
v -17.056997 -12.707999 19.050001 255 255 255
v -19.901798 -12.707999 19.964399 188 188 188
v -20.968596 -12.707999 19.050001 255 255 255
v -19.495398 -12.707999 19.050001 255 255 255
v -20.765396 -12.707999 19.964399 188 188 188
v -21.527399 -12.707999 19.964399 188 188 188
v -21.527399 -12.707999 20.472401 188 188 188
v -21.019396 -12.707999 19.050001 255 255 255
v -18.987398 -12.707999 19.050001 255 255 255
v -17.056997 -12.707999 0.000000 255 255 255
v -21.527399 -12.707999 19.050001 255 255 255
v -17.056997 -12.707999 20.472401 188 188 188
v -17.056997 -12.707999 19.964399 188 188 188
v -21.527399 -12.707999 0.000000 255 255 255
v -21.527399 11.117201 0.000000 255 255 255
v -17.056997 11.117201 0.000000 255 255 255
v -21.527399 11.117201 20.472401 188 188 188
v -17.056997 11.117201 20.472401 188 188 188
v -21.527399 6.748401 19.964399 188 188 188
v -21.527399 5.427601 19.050001 255 255 255
v -21.527399 5.326001 19.050001 255 255 255
v -21.527399 2.430401 19.964399 188 188 188
v -21.527399 8.221601 19.050001 255 255 255
v -21.527399 8.323202 19.050001 255 255 255
v -21.527399 11.117201 19.964399 188 188 188
v -21.527399 11.117201 19.050001 255 255 255
v -21.527399 -4.529199 19.050001 255 255 255
v -21.527399 -4.935599 19.050001 255 255 255
v -17.056997 10.710801 19.050001 255 255 255
v -17.056997 -4.021200 19.964399 188 188 188
v -17.056997 0.906401 19.050001 255 255 255
v -17.056997 -9.812399 19.050001 255 255 255
v -17.056997 11.117201 17.322802 255 255 255
v -17.056997 -1.989199 19.050001 255 255 255
v -17.056997 -9.914000 19.050001 255 255 255
v -17.056997 -8.389999 19.964399 188 188 188
v -17.056997 11.117201 19.964399 188 188 188
v -17.056997 11.117201 19.050001 255 255 255
v -17.056997 0.754001 19.050001 255 255 255
v -18.123796 11.117201 19.050001 255 255 255
v -18.174597 11.117201 19.050001 255 255 255
v -17.615797 11.117201 19.050001 255 255 255
v -17.564999 11.117201 19.050001 255 255 255
v -20.003397 11.117201 19.050001 255 255 255
v -20.054195 11.117201 19.050001 255 255 255
v -18.682596 11.117201 19.964399 188 188 188
v -17.818998 11.117201 19.964399 188 188 188

v -17.818998 11.117201 19.964399 188 188 188
v -17.056997 11.117201 20.472401 188 188 188
v -17.056997 -12.707999 20.472401 188 188 188
v -17.056997 -12.707999 19.964399 188 188 188
v -17.056997 -12.707999 19.964399 188 188 188
v -21.527399 -12.707999 20.472401 188 188 188
v -21.527399 -12.707999 20.472401 188 188 188
v -17.056997 -12.707999 20.472401 188 188 188
v -21.527399 -12.707999 20.472401 188 188 188
v -21.527399 11.117201 20.472401 188 188 188
v -21.527399 11.117201 20.472401 188 188 188
v -21.527399 -12.707999 19.964399 188 188 188
v -21.527399 11.117201 20.472401 188 188 188
v -21.527399 2.430401 19.964399 188 188 188
v -21.527399 11.117201 20.472401 188 188 188
v -21.527399 6.748401 19.964399 188 188 188
v -17.056997 11.117201 20.472401 188 188 188
v -21.527399 11.117201 19.964399 188 188 188
v -21.527399 11.117201 20.472401 188 188 188
v -17.056997 11.117201 20.472401 188 188 188
v -21.527399 11.117201 20.472401 188 188 188
v -17.056997 -12.707999 20.472401 188 188 188
v -17.056997 -12.707999 20.472401 188 188 188
v -17.056997 -8.389999 19.964399 188 188 188
v -17.056997 11.117201 19.964399 188 188 188
v -17.056997 -12.707999 20.472401 188 188 188
v -17.056997 -4.021200 19.964399 188 188 188
v -17.056997 11.117201 20.472401 188 188 188
v -17.056997 -12.707999 20.472401 188 188 188
v -17.056997 11.117201 19.964399 188 188 188
v -21.527399 11.117201 19.964399 188 188 188
v -17.056997 11.117201 20.472401 188 188 188
v -18.682596 11.117201 19.964399 188 188 188
v -21.527399 -12.707999 19.964399 188 188 188
v -21.527399 -12.707999 20.472401 188 188 188
v -20.765396 -12.707999 19.964399 188 188 188
v -19.901798 -12.707999 19.964399 188 188 188
v -21.527399 -12.707999 20.472401 188 188 188

f 4516 4488 4517
f 4518 4519 4507
f 4483 4506 4482
f 4520 4477 4521
f 4472 4522 4523
f 4524 4525 4487
f 4476 4526 4527
f 4528 4492 4529
f 4530 4489 4531
f 4532 4495 4533
f 4534 4535 4536
f 4537 4538 4539
f 4500 4540 4541
f 4542 4543 4544
f 4545 4546 4547
f 4548 4549 4550
f 4551 4475 4552
f 4553 4554 4555

usemtl BaseColor_0
f 4470 4471 4472
f 4479 4470 4472
f 4472 4475 4479
f 4474 4479 4475
f 4473 4474 4475
f 4475 4476 4473
f 4478 4473 4476
f 4481 4478 4476
f 4481 4476 4498
f 4514 4516 4511
f 4517 4511 4516
f 4507 4512 4517
f 4510 4517 4512
f 4513 4507 4508
f 4507 4500 4508
f 4508 4500 4499
f 4499 4500 4501
f 4501 4506 4509
f 4509 4506 4504
f 4502 4504 4506
f 4506 4483 4502
f 4502 4483 4505
f 4471 4505 4483
f 4489 4491 4492
f 4497 4492 4491
f 4495 4496 4494
f 4496 4495 4515
f 4516 4515 4495
f 4495 4494 4493
f 4495 4493 4489
f 4490 4489 4493
f 4492 4497 4498
f 4489 4490 4491
f 4506 4501 4500
f 4512 4507 4513
f 4511 4517 4510
f 4515 4516 4514
f 4492 4498 4476
f 4483 4472 4471

usemtl BaseColor_0
f 4481 4498 4485
f 4484 4481 4485
f 4484 4485 4480
f 4486 4480 4485
f 4485 4503 4486
f 4485 4514 4503
f 4511 4503 4514
f 4512 4503 4510
f 4513 4503 4512
f 4508 4503 4513
f 4501 4503 4499
f 4509 4503 4501
f 4505 4503 4502
f 4480 4503 4505
f 4480 4505 4471
f 4497 4491 4485
f 4491 4490 4485
f 4490 4493 4485
f 4493 4494 4485
f 4496 4485 4494
f 4515 4485 4496
f 4502 4503 4504
f 4504 4503 4509
f 4508 4499 4503
f 4510 4503 4511
f 4514 4485 4515
f 4503 4480 4486
f 4484 4480 4481
f 4498 4497 4485
f 4478 4481 4480
f 4473 4478 4480
f 4474 4473 4480
f 4479 4474 4480
f 4470 4479 4480
f 4471 4470 4480


o Object.13
v 41.515411 -12.707999 19.050001 255 255 255
v 42.937805 -12.707999 19.050001 255 255 255
v 40.855011 -12.707999 19.964399 188 188 188
v 39.889805 -12.707999 19.050001 255 255 255
v 39.940601 -12.707999 19.050001 255 255 255
v 39.432602 -12.707999 19.964399 188 188 188
v 39.432602 -12.707999 19.050001 255 255 255
v 43.039410 -12.707999 0.000000 255 255 255
v 41.109001 -12.707999 19.050001 255 255 255
v 43.039410 -12.707999 19.050001 255 255 255
v 40.093002 -12.707999 19.964399 188 188 188
v 43.039410 -12.707999 20.472401 188 188 188
v 39.432602 -12.707999 20.472401 188 188 188
v 43.039410 -12.707999 19.964399 188 188 188
v 39.432602 -12.707999 0.000000 255 255 255
v 39.432602 8.374002 0.000000 255 255 255
v 43.039410 8.374002 0.000000 255 255 255
v 43.039410 8.374002 20.472401 188 188 188
v 39.432602 8.374002 20.472401 188 188 188
v 42.480602 8.374002 19.964399 188 188 188
v 43.039410 8.374002 19.964399 188 188 188
v 41.464600 8.374002 19.050001 255 255 255
v 42.633003 8.374002 19.050001 255 255 255
v 41.007412 8.374002 19.050001 255 255 255
v 39.534206 8.374002 19.050001 255 255 255
v 39.432602 8.374002 19.050001 255 255 255
v 42.683811 8.374002 19.050001 255 255 255
v 43.039410 8.374002 19.050001 255 255 255
v 41.820198 8.374002 19.964399 188 188 188
v 39.432602 8.374002 19.964399 188 188 188
v 43.039410 5.783201 19.050001 255 255 255
v 43.039410 8.272401 19.050001 255 255 255
v 43.039410 5.376801 19.050001 255 255 255
v 43.039410 -3.309999 19.050001 255 255 255
v 43.039410 -8.948799 19.964399 188 188 188
v 43.039410 4.513201 19.964399 188 188 188
v 43.039410 -10.320399 19.050001 255 255 255
v 43.039410 -10.218800 19.050001 255 255 255
v 39.432602 0.703200 19.964399 188 188 188
v 39.432602 -12.352400 19.050001 255 255 255
v 39.432602 -3.716400 19.050001 255 255 255
v 39.432602 -3.614799 19.050001 255 255 255
v 39.432602 -1.125599 19.050001 255 255 255
v 39.432602 4.513201 19.964399 188 188 188
v 39.432602 5.783201 19.050001 255 255 255
v 39.432602 5.884801 19.050001 255 255 255

v 39.432602 -12.707999 20.472401 188 188 188
v 43.039410 -12.707999 19.964399 188 188 188
v 43.039410 -12.707999 19.964399 188 188 188
v 43.039410 -12.707999 20.472401 188 188 188
v 43.039410 -12.707999 20.472401 188 188 188
v 43.039410 -8.948799 19.964399 188 188 188
v 43.039410 4.513201 19.964399 188 188 188
v 43.039410 8.374002 20.472401 188 188 188
v 43.039410 8.374002 19.964399 188 188 188
v 43.039410 8.374002 20.472401 188 188 188
v 43.039410 8.374002 20.472401 188 188 188
v 39.432602 8.374002 19.964399 188 188 188
v 39.432602 -12.707999 20.472401 188 188 188
v 43.039410 8.374002 20.472401 188 188 188
v 39.432602 8.374002 20.472401 188 188 188
v 39.432602 -12.707999 20.472401 188 188 188
v 39.432602 8.374002 20.472401 188 188 188
v 39.432602 8.374002 20.472401 188 188 188
v 39.432602 8.374002 19.964399 188 188 188
v 39.432602 8.374002 20.472401 188 188 188
v 39.432602 4.513201 19.964399 188 188 188
v 41.820198 8.374002 19.964399 188 188 188
v 43.039410 8.374002 20.472401 188 188 188
v 42.480602 8.374002 19.964399 188 188 188
v 43.039410 8.374002 20.472401 188 188 188
v 43.039410 -12.707999 20.472401 188 188 188
v 43.039410 4.513201 19.964399 188 188 188
v 43.039410 8.374002 20.472401 188 188 188
v 39.432602 -12.707999 20.472401 188 188 188
v 43.039410 -12.707999 20.472401 188 188 188
v 39.432602 8.374002 20.472401 188 188 188
v 39.432602 0.703200 19.964399 188 188 188
v 39.432602 -12.707999 19.964399 188 188 188
v 39.432602 -12.707999 19.964399 188 188 188
v 39.432602 -12.707999 20.472401 188 188 188
v 40.093002 -12.707999 19.964399 188 188 188
v 40.855011 -12.707999 19.964399 188 188 188
v 39.432602 -12.707999 20.472401 188 188 188

f 4558 4569 4568
f 4567 4602 4603
f 4604 4590 4605
f 4591 4606 4607
f 4573 4608 4576
f 4575 4609 4610
f 4585 4611 4584
f 4612 4613 4574
f 4614 4615 4616
f 4561 4617 4618
f 4619 4620 4599
f 4621 4622 4594
f 4623 4624 4625
f 4626 4627 4628
f 4629 4630 4631
f 4632 4633 4634
f 4635 4566 4636
f 4637 4638 4639

usemtl BaseColor_0
f 4556 4557 4558
f 4558 4566 4556
f 4564 4556 4566
f 4560 4564 4566
f 4566 4561 4560
f 4559 4560 4561
f 4562 4559 4561
f 4562 4561 4594
f 4594 4595 4562
f 4565 4592 4569
f 4569 4558 4565
f 4590 4586 4591
f 4587 4591 4586
f 4582 4576 4583
f 4576 4591 4583
f 4576 4578 4575
f 4577 4575 4578
f 4580 4584 4579
f 4575 4579 4584
f 4581 4584 4580
f 4584 4581 4585
f 4596 4594 4599
f 4585 4600 4599
f 4579 4575 4577
f 4578 4576 4582
f 4588 4590 4589
f 4593 4589 4590
f 4583 4591 4587
f 4586 4590 4588
f 4590 4569 4593
f 4593 4569 4592
f 4585 4581 4601
f 4585 4601 4600
f 4598 4599 4600
f 4599 4598 4597
f 4599 4597 4596
f 4594 4596 4595
f 4557 4565 4558

usemtl BaseColor_0
f 4570 4562 4595
f 4570 4595 4596
f 4570 4596 4597
f 4570 4597 4598
f 4570 4598 4600
f 4570 4600 4601
f 4570 4601 4581
f 4581 4571 4570
f 4570 4571 4572
f 4572 4563 4570
f 4563 4572 4565
f 4565 4557 4563
f 4565 4572 4592
f 4586 4572 4587
f 4583 4587 4572
f 4583 4572 4582
f 4578 4571 4577
f 4577 4571 4579
f 4579 4571 4580
f 4582 4571 4578
f 4588 4572 4586
f 4589 4572 4588
f 4593 4572 4589
f 4592 4572 4593
f 4571 4582 4572
f 4580 4571 4581
f 4570 4563 4562
f 4559 4562 4563
f 4560 4559 4563
f 4564 4560 4563
f 4556 4564 4563
f 4557 4556 4563


o Object.14
v -2.223399 -12.707999 0.000000 255 255 255
v 19.011005 -12.707999 0.000000 255 255 255
v 19.011005 -12.707999 17.322802 255 255 255
v -6.541394 -12.707999 20.472401 188 188 188
v -6.388999 -12.707999 20.472401 188 188 188
v -6.541394 -12.707999 20.828001 188 188 188
v -2.223399 -12.707999 19.050001 255 255 255
v 4.787002 -12.707999 19.050001 255 255 255
v 19.011005 -12.707999 20.472401 188 188 188
v -2.223399 -12.707999 20.472401 188 188 188
v 19.011005 -12.707999 19.964399 188 188 188
v -6.236598 -12.707999 19.050001 255 255 255
v -6.185796 -12.707999 19.050001 255 255 255
v -6.287395 -12.707999 19.964399 188 188 188
v -6.185796 -12.707999 20.828001 188 188 188
v -6.185796 -12.707999 19.964399 188 188 188
v 1.688202 -12.707999 19.964399 188 188 188
v 5.549001 -12.707999 19.964399 188 188 188
v -6.541394 -12.707999 19.964399 188 188 188
v -6.642999 -12.707999 19.964399 188 188 188
v -6.541394 -12.707999 19.050001 255 255 255
v -6.388999 -12.707999 19.050001 255 255 255
v -6.185796 -12.707999 0.000000 255 255 255
v -2.223399 -12.707999 19.964399 188 188 188
v 18.655401 -12.707999 19.050001 255 255 255
v 19.011005 -12.707999 19.050001 255 255 255
v 7.276203 -12.707999 19.050001 255 255 255
v 7.377802 -12.707999 19.050001 255 255 255
v 9.867002 -12.707999 19.050001 255 255 255
v 9.968601 -12.707999 19.050001 255 255 255
v -6.084198 -12.707999 19.964399 188 188 188
v -5.982599 -12.707999 19.050001 255 255 255
v -6.388999 -12.707999 19.964399 188 188 188
v -6.439796 -12.707999 19.050001 255 255 255
v -6.642999 -12.707999 17.322802 255 255 255
v -6.642999 -12.707999 0.000000 255 255 255
v -6.439796 -12.707999 19.964399 188 188 188
v -6.490598 -12.707999 19.050001 255 255 255
v -6.642999 -12.707999 20.472401 188 188 188
v -6.642999 -12.707999 19.050001 255 255 255
v -6.592197 -12.707999 19.050001 255 255 255
v -5.982599 -12.707999 19.964399 188 188 188
v -6.033395 -12.707999 19.050001 255 255 255
v -5.982599 -12.707999 0.000000 255 255 255
v -12.891395 8.475601 0.000000 255 255 255
v -12.789796 8.475601 0.000000 255 255 255
v -6.287395 2.684400 0.000000 255 255 255
v -12.434197 7.104001 0.000000 255 255 255
v -12.789796 8.323202 0.000000 255 255 255
v -12.789796 8.374002 0.000000 255 255 255
v -12.129395 6.088000 0.000000 255 255 255
v -12.129395 5.986402 0.000000 255 255 255
v -12.027797 5.732400 0.000000 255 255 255
v -12.078599 5.783201 0.000000 255 255 255
v -5.779395 1.160400 0.000000 255 255 255
v -2.223399 -11.590400 0.000000 255 255 255
v -2.274195 -11.590400 0.000000 255 255 255
v -9.284595 -3.462399 0.000000 255 255 255
v 19.011005 -8.389999 0.000000 255 255 255
v -2.223399 -8.389999 0.000000 255 255 255
v 5.193403 -8.186800 0.000000 255 255 255
v 12.559402 -6.408799 0.000000 255 255 255
v 17.487001 -8.186800 0.000000 255 255 255
v -2.578997 -9.863200 0.000000 255 255 255
v -2.578997 -9.914000 0.000000 255 255 255
v -2.629793 -9.761600 0.000000 255 255 255
v -2.274195 -11.641200 0.000000 255 255 255
v -2.578997 -11.691999 0.000000 255 255 255
v -2.680596 -11.691999 0.000000 255 255 255
v -2.883799 -9.050400 0.000000 255 255 255
v -2.883799 -9.152000 0.000000 255 255 255
v -3.036194 -8.643999 0.000000 255 255 255
v -2.223399 -11.234799 0.000000 255 255 255
v -1.054999 -8.186800 0.000000 255 255 255
v -3.340996 -6.408799 0.000000 255 255 255
v -2.375794 -11.641200 0.000000 255 255 255
v -8.928997 -4.783199 0.000000 255 255 255
v -9.690996 -2.243199 0.000000 255 255 255
v -9.894194 -1.633599 0.000000 255 255 255
v -10.148199 -0.769999 0.000000 255 255 255
v -2.782194 -11.742800 0.000000 255 255 255
v -3.036194 -11.895200 0.000000 255 255 255
v -2.680596 -11.742800 0.000000 255 255 255
v -9.792595 -2.039999 0.000000 255 255 255
v -9.792595 -2.090799 0.000000 255 255 255
v -4.204594 -4.122799 0.000000 255 255 255
v -3.645798 -6.154799 0.000000 255 255 255
v -3.442595 -7.069200 0.000000 255 255 255
v -3.340996 -7.323199 0.000000 255 255 255
v -3.137799 -8.288399 0.000000 255 255 255
v -10.452995 0.042801 0.000000 255 255 255
v -10.452995 0.347600 0.000000 255 255 255
v -10.452995 0.500001 0.000000 255 255 255
v -3.594996 -6.408799 0.000000 255 255 255
v -9.132195 -4.427599 0.000000 255 255 255
v -3.442595 -6.967599 0.000000 255 255 255
v -2.782194 -9.304399 0.000000 255 255 255
v -2.782194 -9.406000 0.000000 255 255 255
v 4.126601 -8.186800 0.000000 255 255 255
v -2.477398 -10.269599 0.000000 255 255 255
v -2.578997 -9.812399 0.000000 255 255 255
v -2.680596 -9.660000 0.000000 255 255 255
v -3.086997 -8.593200 0.000000 255 255 255
v -2.477398 -10.168000 0.000000 255 255 255
v -2.578997 -10.066400 0.000000 255 255 255
v -2.274195 -11.234799 0.000000 255 255 255
v -2.375794 -10.472799 0.000000 255 255 255
v -2.375794 -10.726799 0.000000 255 255 255
v -2.274195 -11.031600 0.000000 255 255 255
v -2.680596 -9.609200 0.000000 255 255 255
v -4.560199 -12.301600 0.000000 255 255 255
v -4.560199 -12.352400 0.000000 255 255 255
v -8.166998 -7.526400 0.000000 255 255 255
v -4.458594 -12.250799 0.000000 255 255 255
v -4.153798 -12.199999 0.000000 255 255 255
v -3.899798 -12.047600 0.000000 255 255 255
v -3.798193 -12.098400 0.000000 255 255 255
v -3.798193 -12.047600 0.000000 255 255 255
v -8.827398 -5.443599 0.000000 255 255 255
v -8.928997 -5.087999 0.000000 255 255 255
v -8.522596 -6.561199 0.000000 255 255 255
v -5.626994 0.398401 0.000000 255 255 255
v -5.118995 -1.277999 0.000000 255 255 255
v -4.712594 -2.497200 0.000000 255 255 255
v -4.661798 -2.751199 0.000000 255 255 255
v -4.458594 -3.360799 0.000000 255 255 255
v -5.779395 1.109601 0.000000 255 255 255
v -6.795394 -12.352400 0.000000 255 255 255
v -6.896999 -11.996799 0.000000 255 255 255
v -6.947795 -11.691999 0.000000 255 255 255
v -2.985398 -8.593200 0.000000 255 255 255
v -2.985398 -8.643999 0.000000 255 255 255
v -2.578997 -9.812399 17.322802 255 255 255
v -5.017396 -12.454000 0.000000 255 255 255
v -5.322198 -12.555599 0.000000 255 255 255
v -7.404998 -10.066400 0.000000 255 255 255
v -4.763396 -12.352400 0.000000 255 255 255
v -4.610995 -12.352400 0.000000 255 255 255
v -6.998598 -11.641200 0.000000 255 255 255
v -7.811399 -8.898000 0.000000 255 255 255
v -7.811399 -8.847199 0.000000 255 255 255
v -7.963794 -8.339200 0.000000 255 255 255
v -7.760597 -8.948799 0.000000 255 255 255
v -7.760597 -8.898000 0.000000 255 255 255
v -7.709795 -9.253599 0.000000 255 255 255
v -5.525395 -12.555599 0.000000 255 255 255
v -5.728599 -12.657200 0.000000 255 255 255
v -5.779395 -12.657200 0.000000 255 255 255
v -5.576198 -12.606400 0.000000 255 255 255
v -5.525395 -12.606400 0.000000 255 255 255
v -5.931796 -12.707999 0.000000 255 255 255
v -5.779395 -12.707999 0.000000 255 255 255
v -6.998598 -11.590400 0.000000 255 255 255
v -6.693796 -12.606400 0.000000 255 255 255
v -6.744598 -12.403200 0.000000 255 255 255
v -6.693796 -12.707999 0.000000 255 255 255
v -6.693796 -12.707999 19.050001 255 255 255
v -2.274195 -10.828400 0.000000 255 255 255
v -2.680596 -9.507600 0.000000 255 255 255
v -3.442595 -7.018399 0.000000 255 255 255
v 17.487001 -6.408799 0.000000 255 255 255
v -12.789796 8.577202 0.000000 255 255 255
v -11.672198 4.513201 0.000000 255 255 255
v -11.367395 3.446401 0.000000 255 255 255
v -11.316600 3.090801 0.000000 255 255 255
v -11.265798 3.090801 0.000000 255 255 255
v -10.656199 1.058802 0.000000 255 255 255
v -10.859396 1.719201 0.000000 255 255 255
v -10.808594 1.566801 0.000000 255 255 255
v -10.859396 1.617600 0.000000 255 255 255
v -6.439796 3.141601 0.000000 255 255 255
v -6.338197 2.836802 0.000000 255 255 255
v -6.642999 4.005201 0.000000 255 255 255
v -12.230994 8.932801 0.000000 255 255 255
v -6.846197 4.665601 0.000000 255 255 255
v -12.789796 8.729601 0.000000 255 255 255
v -8.522596 9.999601 0.000000 255 255 255
v -8.522596 9.999601 9.144000 255 255 255
v -8.471794 9.999601 0.000000 255 255 255
v -12.434197 7.154802 0.000000 255 255 255
v -12.738999 8.018401 0.000000 255 255 255
v -10.402199 9.390001 0.000000 255 255 255
v -10.503798 9.390001 0.000000 255 255 255
v -10.706995 9.339201 0.000000 255 255 255
v -8.573399 9.948801 0.000000 255 255 255
v -9.182997 9.796401 0.000000 255 255 255
v -9.335398 9.796401 0.000000 255 255 255
v -9.386194 9.796401 0.000000 255 255 255
v -11.468994 9.136001 0.000000 255 255 255
v -7.404998 6.392801 0.000000 255 255 255
v -10.808594 9.339201 0.000000 255 255 255
v -11.011797 9.237600 0.000000 255 255 255
v -11.722994 9.085201 0.000000 255 255 255
v -11.621396 9.085201 0.000000 255 255 255
v -11.672198 9.034402 0.000000 255 255 255
v -11.113396 9.237600 0.000000 255 255 255
v -6.287395 2.786000 0.000000 255 255 255
v -6.947795 4.970401 0.000000 255 255 255
v -7.100196 5.630802 0.000000 255 255 255
v -11.265798 9.136001 0.000000 255 255 255
v -11.367395 9.136001 0.000000 255 255 255
v -10.910199 9.288402 -0.050800 255 255 255
v -10.859396 9.339201 0.000000 255 255 255
v -10.351397 9.390001 0.000000 255 255 255
v -10.300594 9.440801 0.000000 255 255 255
v -10.046595 9.491600 0.000000 255 255 255
v -8.370195 9.948801 0.000000 255 255 255
v -8.370195 9.898002 0.000000 255 255 255
v -9.589397 9.694800 0.000000 255 255 255
v -10.198996 9.491600 0.000000 255 255 255
v -12.434197 8.831202 0.000000 255 255 255
v -8.522596 9.948801 0.000000 255 255 255
v -8.370195 9.847202 0.000000 255 255 255
v -12.535796 8.831202 0.000000 255 255 255
v -10.351397 9.440801 0.000000 255 255 255
v -10.706995 9.339201 0.457200 255 255 255
v -11.011797 9.288402 0.000000 255 255 255
v -8.370195 9.999601 0.000000 255 255 255
v -10.249798 9.491600 0.000000 255 255 255
v -4.407798 -3.665600 0.000000 255 255 255
v -4.458594 -3.665600 0.000000 255 255 255
v -10.910199 1.770002 0.000000 255 255 255
v -1.715399 -8.288399 0.000000 255 255 255
v -3.036194 -8.288399 0.000000 255 255 255
v -11.367395 3.497200 0.000000 255 255 255
v -2.680596 -9.710799 0.000000 255 255 255
v -10.859396 1.566801 0.000000 255 255 255
v -9.792595 -2.141599 0.000000 255 255 255
v -3.696595 -12.047600 0.000000 255 255 255
v -3.442595 -11.945999 0.000000 255 255 255
v -3.188595 -11.895200 0.000000 255 255 255
v -3.086997 -11.895200 0.000000 255 255 255
v -4.102995 -12.149199 0.000000 255 255 255
v -3.544194 -6.764399 0.000000 255 255 255
v -3.950595 -5.087999 0.000000 255 255 255
v -3.442595 -7.119999 0.000000 255 255 255
v -8.420998 9.948801 0.000000 255 255 255
v -8.624195 9.898002 0.000000 255 255 255
v -10.554594 9.390001 0.000000 255 255 255
v -10.605396 9.339201 0.000000 255 255 255
v -10.605396 9.390001 0.000000 255 255 255
v -12.485000 7.154802 0.000000 255 255 255
v -12.789796 8.069201 0.000000 255 255 255
v -10.910199 1.922401 0.000000 255 255 255
v -11.214994 2.836802 0.000000 255 255 255
v -8.116196 -7.780399 0.000000 255 255 255
v -3.036194 -8.542399 0.000000 255 255 255
v -3.036194 -8.542399 18.643600 255 255 255
v -3.036194 -8.593200 0.000000 255 255 255
v -6.693796 -12.555599 0.000000 255 255 255
v -6.846197 -12.149199 0.000000 255 255 255
v -7.049394 -11.387200 0.000000 255 255 255
v -7.303394 -10.472799 0.000000 255 255 255
v -10.910199 1.668401 0.000000 255 255 255
v -11.722994 4.665601 0.000000 255 255 255
v -11.926198 5.427601 0.000000 255 255 255
v -8.065399 -7.932799 0.000000 255 255 255
v -10.351397 9.390001 -0.050800 255 255 255
v -4.458594 -3.462399 0.000000 255 255 255
v -5.779395 -12.707999 16.408400 255 255 255
v -7.709795 -8.491599 20.472401 188 188 188
v -8.268597 -6.408799 20.472401 188 188 188
v -8.166998 -7.526400 20.472401 188 188 188
v -3.239398 -7.831200 20.472401 188 188 188
v -3.239398 -7.628000 20.472401 188 188 188
v -3.340996 -7.323199 20.472401 188 188 188
v 19.011005 -8.389999 20.472401 188 188 188
v -2.223399 -11.590400 20.472401 188 188 188
v -2.223399 -11.387200 20.472401 188 188 188
v -2.223399 -11.336400 20.472401 188 188 188
v -2.223399 -8.389999 20.472401 188 188 188
v -3.239398 -6.967599 20.472401 188 188 188
v -3.340996 -7.069200 20.472401 188 188 188
v -3.239398 -7.069200 20.472401 188 188 188
v -3.239398 -7.221599 20.472401 188 188 188
v -3.340996 -6.967599 20.472401 188 188 188
v -3.239398 -6.865999 20.472401 188 188 188
v -3.340996 -6.764399 20.472401 188 188 188
v -2.223399 -11.488799 20.472401 188 188 188
v -7.100196 -10.726799 20.472401 188 188 188
v -9.690996 -2.243199 20.472401 188 188 188
v -8.928997 -4.325999 20.472401 188 188 188
v -9.487799 -2.243199 20.472401 188 188 188
v -7.404998 -10.066400 20.472401 188 188 188
v -3.239398 -7.424799 20.472401 188 188 188
v -3.239398 -7.526400 20.472401 188 188 188
v -3.239398 -6.561199 20.472401 188 188 188
v -3.340996 -6.561199 20.472401 188 188 188
v -3.239398 -6.662799 20.472401 188 188 188
v -3.340996 -6.408799 20.472401 188 188 188
v -3.239398 -6.408799 20.472401 188 188 188
v -11.265798 9.237600 20.472401 188 188 188
v -11.773797 9.034402 20.472401 188 188 188
v -11.367395 9.136001 20.472401 188 188 188
v -12.789796 8.374002 20.472401 188 188 188
v -12.027797 6.291201 20.472401 188 188 188
v -12.688197 8.374002 20.472401 188 188 188
v -12.688197 8.475601 20.472401 188 188 188
v -12.789796 8.475601 20.472401 188 188 188
v -12.688197 8.577202 20.472401 188 188 188
v -12.789796 8.577202 20.472401 188 188 188
v -12.789796 8.678802 20.472401 188 188 188
v -12.688197 8.678802 20.472401 188 188 188
v -12.789796 8.729601 20.472401 188 188 188
v -10.452995 9.339201 20.472401 188 188 188
v -9.690996 9.593201 20.472401 188 188 188
v -10.148199 9.491600 20.472401 188 188 188
v -10.706995 9.339201 20.472401 188 188 188
v -8.522596 9.999601 20.472401 188 188 188
v -9.030596 9.898002 20.472401 188 188 188
v -8.827398 9.898002 20.472401 188 188 188
v -9.589397 9.694800 20.472401 188 188 188
v -12.891395 8.577202 20.472401 188 188 188
v -12.027797 5.732400 20.472401 188 188 188
v -11.468994 4.208400 20.472401 188 188 188
v -12.688197 8.729601 20.472401 188 188 188
v -12.230994 8.932801 20.472401 188 188 188
v -12.230994 8.831202 20.472401 188 188 188
v -8.928997 -4.783199 20.472401 188 188 188
v -11.265798 3.090801 20.472401 188 188 188
v -10.808594 2.024001 20.472401 188 188 188
v -10.452995 0.500001 20.472401 188 188 188
v -10.148199 -0.058799 20.472401 188 188 188
v -2.223399 -11.336400 20.828001 188 188 188
v -2.680596 -11.691999 20.828001 188 188 188
v -2.223399 -11.387200 20.828001 188 188 188
v -7.100196 -10.726799 20.828001 188 188 188
v -2.782194 -9.406000 20.828001 188 188 188
v -2.883799 -9.152000 20.828001 188 188 188
v 1.027802 -8.186800 20.828001 188 188 188
v -3.239398 -6.408799 20.828001 188 188 188
v -1.054999 -8.186800 20.828001 188 188 188
v -3.239398 -7.424799 20.828001 188 188 188
v -3.239398 -7.221599 20.828001 188 188 188
v -3.239398 -6.967599 20.828001 188 188 188
v -3.239398 -6.865999 20.828001 188 188 188
v -3.239398 -6.662799 20.828001 188 188 188
v -2.223399 -11.488799 20.828001 188 188 188
v -2.274195 -11.590400 20.828001 188 188 188
v -2.223399 -11.590400 20.828001 188 188 188
v -4.763396 -2.497200 20.828001 188 188 188
v -9.487799 -2.243199 20.828001 188 188 188
v -8.928997 -4.325999 20.828001 188 188 188
v -2.274195 -11.234799 20.828001 188 188 188
v -3.036194 -11.895200 20.828001 188 188 188
v -2.274195 -11.031600 20.828001 188 188 188
v -2.375794 -10.726799 20.828001 188 188 188
v -5.322198 -12.555599 20.828001 188 188 188
v -5.779395 -12.657200 20.828001 188 188 188
v -3.239398 -7.628000 20.828001 188 188 188
v -3.239398 -7.526400 20.828001 188 188 188
v -8.268597 -6.408799 20.828001 188 188 188
v -3.696595 -6.002400 20.828001 188 188 188
v -4.204594 -4.224399 20.828001 188 188 188
v -3.036194 -8.593200 20.828001 188 188 188
v -2.680596 -9.710799 20.828001 188 188 188
v -2.578997 -10.066400 20.828001 188 188 188
v -2.477398 -10.371200 20.828001 188 188 188
v -3.798193 -12.047600 20.828001 188 188 188
v -4.560199 -12.352400 20.828001 188 188 188
v -3.137799 -8.288399 20.828001 188 188 188
v -7.709795 -8.491599 20.828001 188 188 188
v 3.009004 -8.186800 20.828001 188 188 188
v -3.239398 -6.561199 20.828001 188 188 188
v -3.239398 -7.831200 20.828001 188 188 188
v 5.193403 -8.186800 20.828001 188 188 188
v 7.174604 -8.186800 20.828001 188 188 188
v 17.487001 -6.408799 20.828001 188 188 188
v 13.423005 -8.186800 20.828001 188 188 188
v 15.404202 -8.186800 20.828001 188 188 188
v 17.487001 -8.186800 20.828001 188 188 188
v 11.238606 -8.186800 20.828001 188 188 188
v 9.257404 -8.186800 20.828001 188 188 188
v -5.779395 1.160400 20.828001 188 188 188
v -10.808594 2.024001 20.828001 188 188 188
v -10.148199 -0.058799 20.828001 188 188 188
v -7.404998 6.392801 20.828001 188 188 188
v -12.688197 8.374002 20.828001 188 188 188
v -12.027797 6.291201 20.828001 188 188 188
v -12.230994 8.831202 20.828001 188 188 188
v -12.688197 8.475601 20.828001 188 188 188
v -11.468994 4.208400 20.828001 188 188 188
v -6.846197 4.665601 20.828001 188 188 188
v -12.688197 8.577202 20.828001 188 188 188
v -11.367395 9.136001 20.828001 188 188 188
v -10.452995 9.339201 20.828001 188 188 188
v -8.827398 9.898002 20.828001 188 188 188
v -8.370195 9.999601 20.828001 188 188 188
v -12.688197 8.678802 20.828001 188 188 188
v -9.690996 9.593201 20.828001 188 188 188
v -12.688197 8.729601 20.828001 188 188 188
v -3.239398 -7.069200 20.828001 188 188 188
v -12.891395 8.577202 19.964399 188 188 188
v -12.891395 8.577202 19.253201 255 255 255
v -12.891395 8.475601 19.913601 188 188 188
v -12.891395 8.577202 20.066000 188 188 188
v -12.891395 8.577202 20.167601 188 188 188
v -12.891395 8.577202 19.050001 255 255 255
v -12.891395 8.526401 19.202400 255 255 255
v -12.891395 8.526401 19.050001 255 255 255
v 19.011005 -8.389999 19.964399 188 188 188
v 19.011005 -11.234799 19.964399 188 188 188
v 19.011005 -12.301600 19.050001 255 255 255
v 19.011005 -12.250799 19.050001 255 255 255
v 19.011005 -11.691999 19.050001 255 255 255
v 19.011005 -9.914000 19.050001 255 255 255
v 19.011005 -8.389999 19.050001 255 255 255
v 19.011005 -9.863200 19.050001 255 255 255
v 19.011005 -8.389999 17.322802 255 255 255
v 19.011005 -11.996799 19.964399 188 188 188
v 19.011005 -11.742800 19.050001 255 255 255
v 16.572601 -8.389999 19.050001 255 255 255
v 16.471003 -8.389999 19.050001 255 255 255
v 1.688202 -8.389999 19.964399 188 188 188
v 15.201004 -8.389999 19.964399 188 188 188
v 7.377802 -8.389999 19.050001 255 255 255
v 7.784203 -8.389999 19.050001 255 255 255
v 4.787002 -8.389999 19.050001 255 255 255
v -2.223399 -8.389999 19.050001 255 255 255
v 4.888607 -8.389999 19.050001 255 255 255
v -2.223399 -8.389999 19.964399 188 188 188
v -9.589397 9.694800 17.322802 255 255 255
v -9.589397 9.694800 19.050001 255 255 255
v -9.386194 9.796401 18.491201 255 255 255
v -9.386194 9.796401 17.678400 255 255 255
v -9.386194 9.796401 0.203200 255 255 255
v -9.386194 9.796401 18.389601 255 255 255
v -2.274195 -11.590400 19.050001 255 255 255
v -2.274195 -11.590400 18.186399 255 255 255
v -2.223399 -11.590400 19.050001 255 255 255
v -2.274195 -11.590400 19.964399 188 188 188
v -2.223399 -11.590400 19.964399 188 188 188
v -2.223399 -11.590400 19.456400 255 255 255
v -2.223399 -11.590400 20.066000 188 188 188
v -2.223399 -9.964799 19.964399 188 188 188
v -2.223399 -11.285600 19.507200 255 255 255
v -2.223399 -11.336400 19.964399 188 188 188
v -2.223399 -9.253599 19.964399 188 188 188
v -2.223399 -10.422000 19.050001 255 255 255
v -2.223399 -8.999599 19.050001 255 255 255
v -2.223399 -10.929999 19.050001 255 255 255
v -2.223399 -10.980799 19.050001 255 255 255
v -2.223399 -11.285600 19.456400 255 255 255
v -2.223399 -11.234799 19.253201 255 255 255
v -2.223399 -8.948799 19.050001 255 255 255
v -2.223399 -11.234799 18.694401 255 255 255
v -2.223399 -11.234799 18.745201 255 255 255
v -2.223399 -12.657200 19.050001 255 255 255
v -2.223399 -11.285600 19.050001 255 255 255
v -2.223399 -11.336400 20.116800 188 188 188
v -2.223399 -11.234799 19.050001 255 255 255
v -2.223399 -11.234799 17.678400 255 255 255
v -2.223399 -11.234799 18.338800 255 255 255
v -2.375794 -11.691999 19.050001 255 255 255
v -9.386194 9.796401 17.576801 255 255 255
v -9.386194 9.796401 3.911600 255 255 255
v -8.522596 9.999601 18.999201 255 255 255
v -8.522596 9.999601 18.745201 255 255 255
v -2.578997 -11.691999 19.964399 188 188 188
v -2.680596 -11.691999 19.964399 188 188 188
v -2.578997 -11.691999 19.050001 255 255 255
v -2.680596 -11.691999 18.186399 255 255 255
v -2.680596 -11.691999 17.322802 255 255 255
v -2.782194 -11.691999 19.050001 255 255 255
v -2.680596 -11.691999 19.050001 255 255 255
v -8.522596 9.999601 19.964399 188 188 188
v -8.370195 9.999601 19.964399 188 188 188
v -8.522596 9.999601 19.050001 255 255 255
v -8.522596 9.999601 19.507200 255 255 255
v -8.370195 9.999601 18.999201 255 255 255
v -3.036194 -11.895200 17.322802 255 255 255
v -9.690996 -2.243199 17.322802 255 255 255
v -9.132195 -4.427599 19.050001 255 255 255
v -9.690996 -2.243199 18.999201 255 255 255
v -9.690996 -2.243199 19.050001 255 255 255
v -9.741798 -2.293999 18.999201 255 255 255
v -8.370195 9.999601 19.050001 255 255 255
v -8.370195 9.948801 19.050001 255 255 255
v -2.274195 -11.590400 17.322802 255 255 255
v -2.274195 -11.133200 19.050001 255 255 255
v -2.274195 -11.234799 19.050001 255 255 255
v -2.274195 -11.031600 19.050001 255 255 255
v -2.274195 -11.234799 19.964399 188 188 188
v -2.680596 -11.742800 19.050001 255 255 255
v -2.883799 -11.793599 19.964399 188 188 188
v -2.274195 -11.641200 19.050001 255 255 255
v -2.477398 -11.691999 19.964399 188 188 188
v -2.375794 -11.641200 19.050001 255 255 255
v -10.097397 -0.820799 18.999201 255 255 255
v -10.148199 -0.820799 19.050001 255 255 255
v -2.375794 -11.590400 19.050001 255 255 255
v -2.274195 -11.641200 17.526001 255 255 255
v -2.274195 -11.641200 17.373600 255 255 255
v -10.148199 -0.820799 17.322802 255 255 255
v -10.097397 -0.820799 17.322802 255 255 255
v -3.442595 -6.967599 17.881601 255 255 255
v -3.594996 -6.408799 19.050001 255 255 255
v -3.442595 -6.967599 19.050001 255 255 255
v -8.928997 -4.783199 17.322802 255 255 255
v -8.928997 -4.783199 19.050001 255 255 255
v -9.081398 -4.427599 19.050001 255 255 255
v -8.928997 -4.783199 19.964399 188 188 188
v -3.340996 -7.323199 19.964399 188 188 188
v -3.340996 -6.408799 19.964399 188 188 188
v -3.340996 -6.408799 19.050001 255 255 255
v -3.340996 -6.510399 19.050001 255 255 255
v -3.340996 -6.561199 19.964399 188 188 188
v -3.340996 -7.323199 19.050001 255 255 255
v -3.340996 -7.170800 19.964399 188 188 188
v -3.340996 -7.272399 19.050001 255 255 255
v -3.340996 -7.069200 19.964399 188 188 188
v -3.340996 -7.119999 19.050001 255 255 255
v -3.340996 -7.069200 19.050001 255 255 255
v -3.340996 -7.323199 17.678400 255 255 255
v -3.340996 -6.865999 19.050001 255 255 255
v -3.340996 -6.815200 19.050001 255 255 255
v -3.340996 -6.764399 19.964399 188 188 188
v -3.340996 -6.865999 19.964399 188 188 188
v -3.340996 -6.408799 17.322802 255 255 255
v -3.340996 -7.170800 19.050001 255 255 255
v -3.340996 -6.967599 19.050001 255 255 255
v -3.340996 -6.967599 19.964399 188 188 188
v -3.340996 -6.764399 19.050001 255 255 255
v -3.340996 -6.662799 19.964399 188 188 188
v -3.340996 -6.510399 19.964399 188 188 188
v -3.340996 -6.662799 19.050001 255 255 255
v -3.340996 -6.612000 19.050001 255 255 255
v -3.340996 -6.561199 19.050001 255 255 255
v -3.340996 -7.323199 16.357601 255 255 255
v -9.030596 -4.325999 19.964399 188 188 188
v -9.640194 -2.395599 19.050001 255 255 255
v -7.354196 6.392801 17.322802 255 255 255
v -7.404998 6.392801 17.322802 255 255 255
v -7.303394 6.392801 19.050001 255 255 255
v -7.303394 6.392801 17.322802 255 255 255
v -7.404998 6.392801 19.050001 255 255 255
v -7.354196 6.392801 19.050001 255 255 255
v -4.763396 -2.497200 17.322802 255 255 255
v -4.712594 -2.700399 17.322802 255 255 255
v -4.712594 -2.497200 17.322802 255 255 255
v -4.661798 -2.700399 17.322802 255 255 255
v -8.166998 -7.424799 17.322802 255 255 255
v -8.522596 -6.561199 17.322802 255 255 255
v -8.166998 -7.526400 17.322802 255 255 255
v -3.798193 -12.047600 17.322802 255 255 255
v -3.899798 -12.047600 17.322802 255 255 255
v -3.798193 -12.098400 17.322802 255 255 255
v -10.351397 9.440801 17.322802 255 255 255
v -10.706995 9.339201 17.322802 255 255 255
v -10.452995 9.390001 17.322802 255 255 255
v -10.300594 9.440801 17.322802 255 255 255
v -4.661798 -2.751199 17.322802 255 255 255
v -11.672198 4.513201 17.322802 255 255 255
v -11.926198 5.427601 17.322802 255 255 255
v -11.722994 4.564000 17.322802 255 255 255
v -8.065399 -7.831200 17.322802 255 255 255
v -8.116196 -7.780399 17.322802 255 255 255
v -8.065399 -7.881999 17.322802 255 255 255
v -7.963794 -8.288399 17.322802 255 255 255
v -10.554594 9.390001 17.322802 255 255 255
v -2.578997 -10.066400 17.322802 255 255 255
v -2.578997 -9.863200 17.322802 255 255 255
v -5.779395 1.160400 17.322802 255 255 255
v -6.287395 2.786000 17.322802 255 255 255
v -5.982599 1.566801 17.322802 255 255 255
v -2.680596 -9.507600 17.322802 255 255 255
v -2.680596 -9.660000 17.322802 255 255 255
v -10.706995 9.339201 1.066800 255 255 255
v -10.808594 9.339201 17.322802 255 255 255
v -12.027797 5.732400 17.322802 255 255 255
v -12.129395 5.986402 17.322802 255 255 255
v -12.078599 5.783201 17.322802 255 255 255
v -7.963794 -8.339200 17.322802 255 255 255
v -8.065399 -7.932799 17.322802 255 255 255
v -7.811399 -8.796399 17.322802 255 255 255
v -7.811399 -8.847199 17.322802 255 255 255
v -4.458594 -3.360799 17.322802 255 255 255
v -12.434197 7.053202 17.322802 255 255 255
v -12.129395 6.037201 17.322802 255 255 255
v -12.180198 6.291201 17.322802 255 255 255
v -12.485000 7.205601 17.322802 255 255 255
v -12.485000 7.154802 17.322802 255 255 255
v -12.738999 8.018401 17.322802 255 255 255
v -11.976995 5.478401 17.322802 255 255 255
v -11.722994 4.665601 17.322802 255 255 255
v -10.452995 0.042801 17.322802 255 255 255
v -9.894194 -1.633599 17.322802 255 255 255
v -10.605396 9.390001 17.322802 255 255 255
v -10.656199 9.339201 17.322802 255 255 255
v -4.102995 -12.149199 17.322802 255 255 255
v -3.899798 -12.098400 17.322802 255 255 255
v -4.560199 -12.352400 17.322802 255 255 255
v -4.153798 -12.199999 17.322802 255 255 255
v -3.645798 -6.154799 19.050001 255 255 255
v -3.950595 -5.087999 19.050001 255 255 255
v -3.798193 -5.545199 19.964399 188 188 188
v -4.102995 -4.681599 19.964399 188 188 188
v -4.204594 -4.122799 17.322802 255 255 255
v -3.696595 -6.002400 19.964399 188 188 188
v -3.544194 -6.865999 19.964399 188 188 188
v -3.645798 -6.408799 19.050001 255 255 255
v -3.594996 -6.459600 19.050001 255 255 255
v -1.715399 -8.288399 19.050001 255 255 255
v -1.054999 -8.186800 19.050001 255 255 255
v -3.442595 -7.170800 19.050001 255 255 255
v -3.442595 -7.069200 19.964399 188 188 188
v -3.036194 -8.288399 0.812800 255 255 255
v -3.036194 -8.288399 19.050001 255 255 255
v -2.680596 -8.288399 19.964399 188 188 188
v -3.137799 -8.288399 19.964399 188 188 188
v -3.137799 -8.288399 19.050001 255 255 255
v -3.086997 -8.288399 19.050001 255 255 255
v -2.782194 -9.304399 19.050001 255 255 255
v -2.782194 -9.355200 19.050001 255 255 255
v -2.782194 -9.406000 19.050001 255 255 255
v -2.782194 -9.406000 19.964399 188 188 188
v -2.883799 -9.152000 17.322802 255 255 255
v -2.680596 -9.507600 19.050001 255 255 255
v -11.113396 9.237600 19.050001 255 255 255
v -11.113396 9.237600 9.042400 255 255 255
v -10.910199 9.339201 19.050001 255 255 255
v -10.910199 9.339201 0.000000 255 255 255
v -1.715399 -8.237599 19.050001 255 255 255
v -3.036194 -8.237599 19.050001 255 255 255
v -2.477398 -10.269599 19.050001 255 255 255
v -2.477398 -10.320399 19.050001 255 255 255
v -2.477398 -10.269599 17.322802 255 255 255
v -2.477398 -10.269599 19.964399 188 188 188
v -2.477398 -10.371200 19.964399 188 188 188
v -2.477398 -10.168000 19.050001 255 255 255
v -2.477398 -10.218800 19.050001 255 255 255
v -2.477398 -10.371200 19.050001 255 255 255
v -1.613794 -8.186800 19.964399 188 188 188
v -3.086997 -8.389999 19.050001 255 255 255
v -3.036194 -8.389999 19.050001 255 255 255
v -3.086997 -8.593200 1.320800 255 255 255
v -3.036194 -8.542399 9.499600 255 255 255
v -3.036194 -8.593200 2.692400 255 255 255
v -7.354196 6.392801 17.373600 255 255 255
v -2.375794 -10.726799 19.050001 255 255 255
v -2.375794 -10.625199 19.050001 255 255 255
v -2.375794 -10.574400 19.964399 188 188 188
v -2.375794 -10.726799 19.964399 188 188 188
v -2.375794 -10.574400 19.050001 255 255 255
v -2.375794 -10.472799 19.050001 255 255 255
v -2.375794 -10.523600 19.050001 255 255 255
v -2.375794 -10.726799 18.186399 255 255 255
v -6.541394 3.446401 0.000000 255 255 255
v -6.287395 2.786000 19.050001 255 255 255
v -2.274195 -11.031600 19.964399 188 188 188
v -10.300594 9.440801 0.508000 255 255 255
v -10.300594 9.440801 5.842000 255 255 255
v -6.338197 2.836802 19.050001 255 255 255
v -6.541394 3.497200 19.050001 255 255 255
v -2.782194 -11.742800 19.050001 255 255 255
v -2.680596 -11.742800 17.526001 255 255 255
v -2.680596 -11.742800 17.373600 255 255 255
v -2.426596 -11.691999 19.050001 255 255 255
v -2.832997 -11.793599 19.050001 255 255 255
v -2.934596 -11.793599 19.964399 188 188 188
v -2.934596 -11.793599 19.050001 255 255 255
v -3.036194 -11.895200 19.964399 188 188 188
v -2.985398 -11.844399 19.050001 255 255 255
v -3.036194 -11.895200 19.050001 255 255 255
v -3.239398 -11.895200 19.964399 188 188 188
v -3.086997 -11.895200 19.050001 255 255 255
v -3.188595 -11.895200 19.050001 255 255 255
v -3.442595 -11.945999 19.050001 255 255 255
v -3.188595 -11.895200 18.999201 255 255 255
v -3.137799 -11.895200 19.050001 255 255 255
v -3.086997 -11.895200 17.322802 255 255 255
v -3.188595 -11.895200 18.948400 255 255 255
v -3.391799 -11.895200 18.846802 255 255 255
v -3.086997 -11.895200 17.424400 255 255 255
v -3.086997 -11.895200 17.373600 255 255 255
v -3.442595 -11.945999 18.999201 255 255 255
v -3.645798 -11.996799 19.050001 255 255 255
v -3.594996 -11.996799 19.964399 188 188 188
v -3.798193 -12.047600 19.964399 188 188 188
v -3.696595 -12.047600 19.050001 255 255 255
v -3.798193 -12.047600 19.050001 255 255 255
v -3.696595 -11.996799 19.050001 255 255 255
v -3.899798 -12.149199 19.964399 188 188 188
v -3.798193 -12.098400 19.050001 255 255 255
v -3.899798 -12.098400 19.050001 255 255 255
v -4.458594 -12.250799 18.999201 255 255 255
v -4.407798 -12.250799 19.050001 255 255 255
v -4.458594 -12.250799 19.050001 255 255 255
v -7.963794 -8.339200 6.045200 255 255 255
v -7.963794 -8.339200 8.940801 255 255 255
v -8.065399 -7.932799 3.048000 255 255 255
v -7.963794 -8.288399 17.881601 255 255 255
v -7.963794 -8.288399 17.627600 255 255 255
v -8.014597 -8.339200 17.271999 255 255 255
v -7.404998 -10.066400 19.050001 255 255 255
v -7.963794 -8.339200 8.991600 255 255 255
v -7.963794 -8.339200 8.839200 255 255 255
v -8.166998 -7.526400 8.686800 255 255 255
v -7.963794 -8.339200 6.197600 255 255 255
v -4.102995 -12.149199 19.050001 255 255 255
v -4.306199 -12.250799 19.964399 188 188 188
v -4.153798 -12.199999 19.050001 255 255 255
v -4.458594 -12.250799 18.948400 255 255 255
v -8.166998 -7.424799 19.050001 255 255 255
v -8.522596 -6.561199 19.050001 255 255 255
v -8.471794 -6.561199 19.050001 255 255 255
v -8.166998 -7.424799 19.964399 188 188 188
v -8.827398 -5.443599 19.050001 255 255 255
v -8.624195 -5.748399 19.964399 188 188 188
v -8.827398 -5.240400 19.964399 188 188 188
v -8.928997 -5.087999 19.050001 255 255 255
v -6.693796 4.005201 19.050001 255 255 255
v -10.859396 9.339201 17.322802 255 255 255
v -10.859396 9.339201 8.331200 255 255 255
v -10.859396 9.339201 8.128000 255 255 255
v -10.910199 1.770002 17.322802 255 255 255
v -10.910199 1.668401 17.322802 255 255 255
v -9.589397 -2.700399 19.964399 188 188 188
v -9.690996 -2.293999 19.050001 255 255 255
v -9.690996 -2.243199 19.964399 188 188 188
v -9.792595 -1.836799 19.964399 188 188 188
v -9.741798 -2.192399 19.050001 255 255 255
v -9.792595 -2.141599 19.050001 255 255 255
v -9.792595 -2.039999 19.050001 255 255 255
v -9.792595 -2.090799 19.050001 255 255 255
v -10.351397 -0.058799 19.964399 188 188 188
v -10.148199 -0.769999 19.050001 255 255 255
v -11.265798 3.090801 17.322802 255 255 255
v -10.452995 0.093600 19.050001 255 255 255
v -10.452995 0.042801 19.050001 255 255 255
v -4.458594 -3.360799 15.951200 255 255 255
v -4.458594 -3.462399 18.084801 255 255 255
v -4.458594 -3.360799 0.508000 255 255 255
v -4.458594 -3.360799 18.948400 255 255 255
v -4.458594 -3.360799 17.373600 255 255 255
v -10.452995 0.347600 19.964399 188 188 188
v -6.846197 4.665601 19.050001 255 255 255
v -10.452995 0.347600 19.050001 255 255 255
v -10.452995 0.500001 19.050001 255 255 255
v -10.452995 0.500001 17.322802 255 255 255
v -10.452995 0.398401 19.050001 255 255 255
v -10.452995 0.500001 19.964399 188 188 188
v -4.712594 -2.497200 17.271999 255 255 255
v -4.712594 -2.497200 16.967201 255 255 255
v -4.712594 -2.497200 3.251200 255 255 255
v -4.712594 -2.497200 0.863600 255 255 255
v -11.011797 2.125602 19.964399 188 188 188
v -10.503798 0.500001 19.050001 255 255 255
v -10.859396 1.566801 19.050001 255 255 255
v -11.113396 2.582802 19.964399 188 188 188
v -10.910199 1.922401 19.050001 255 255 255
v -10.910199 1.871600 18.694401 255 255 255
v -10.910199 1.820801 18.338800 255 255 255
v -10.859396 1.719201 18.643600 255 255 255
v -10.859396 1.617600 18.643600 255 255 255
v -10.910199 1.770002 17.830801 255 255 255
v -10.859396 1.566801 18.643600 255 255 255
v -10.859396 1.566801 18.694401 255 255 255
v -10.859396 1.566801 18.745201 255 255 255
v -10.859396 1.566801 18.846802 255 255 255
v -10.859396 1.566801 18.897600 255 255 255
v -10.656199 1.058802 8.890000 255 255 255
v -10.656199 1.058802 8.839200 255 255 255
v -10.808594 1.566801 19.050001 255 255 255
v -5.779395 1.109601 19.050001 255 255 255
v -5.626994 0.398401 19.050001 255 255 255
v -5.779395 1.058802 17.475201 255 255 255
v -5.779395 1.109601 17.322802 255 255 255
v -5.626994 0.398401 18.999201 255 255 255
v -4.458594 -3.665600 19.050001 255 255 255
v -4.407798 -3.665600 18.999201 255 255 255
v -4.458594 -3.614799 18.897600 255 255 255
v -4.407798 -3.665600 19.050001 255 255 255
v -4.204594 -4.224399 19.964399 188 188 188
v -4.458594 -3.360799 19.050001 255 255 255
v -5.779395 1.160400 19.050001 255 255 255
v -4.356996 -3.817999 19.964399 188 188 188
v -4.560199 -2.903600 19.964399 188 188 188
v -4.661798 -2.751199 19.050001 255 255 255
v -4.712594 -2.497200 19.050001 255 255 255
v -3.036194 -8.593200 9.702801 255 255 255
v -3.036194 -8.593200 19.050001 255 255 255
v -3.036194 -8.542399 19.050001 255 255 255
v -4.661798 -2.700399 19.050001 255 255 255
v -4.763396 -2.497200 19.050001 255 255 255
v -5.169797 -1.227199 19.050001 255 255 255
v -5.118995 -1.277999 19.050001 255 255 255
v -4.763396 -2.548000 18.135601 255 255 255
v -4.763396 -2.497200 19.964399 188 188 188
v -5.626994 0.347600 19.050001 255 255 255
v -5.525395 0.144401 19.964399 188 188 188
v -4.966594 -1.735199 19.964399 188 188 188
v -12.230994 6.189600 19.964399 188 188 188
v -12.688197 7.815201 19.964399 188 188 188
v -12.129395 6.037201 19.050001 255 255 255
v -12.129395 6.088000 19.050001 255 255 255
v -12.485000 7.154802 19.050001 255 255 255
v -3.086997 -8.643999 18.999201 255 255 255
v -3.036194 -8.643999 9.499600 255 255 255
v -3.036194 -8.643999 18.999201 255 255 255
v -2.883799 -9.050400 19.050001 255 255 255
v -5.982599 1.566801 19.050001 255 255 255
v -5.931796 1.566801 19.050001 255 255 255
v -6.084198 1.820801 19.964399 188 188 188
v -2.883799 -9.101199 19.050001 255 255 255
v -2.883799 -9.152000 19.050001 255 255 255
v -2.883799 -9.152000 19.964399 188 188 188
v -5.779395 1.160400 19.964399 188 188 188
v -6.541394 3.649601 19.964399 188 188 188
v -12.840598 8.577202 20.269201 188 188 188
v -12.789796 8.577202 20.320000 188 188 188
v -12.891395 8.577202 17.322802 255 255 255
v -12.789796 8.577202 13.512800 255 255 255
v -12.789796 8.577202 17.322802 255 255 255
v -12.789796 8.577202 15.697201 255 255 255
v -12.789796 8.577202 19.608801 255 255 255
v -12.789796 8.577202 19.354801 255 255 255
v -12.840598 8.577202 19.050001 255 255 255
v -12.840598 8.577202 18.948400 255 255 255
v -12.840598 8.577202 18.084801 255 255 255
v -12.891395 8.577202 18.084801 255 255 255
v -12.840598 8.577202 18.389601 255 255 255
v -12.840598 8.577202 18.643600 255 255 255
v -12.789796 8.577202 19.964399 188 188 188
v -12.789796 8.577202 19.050001 255 255 255
v -12.840598 8.577202 20.066000 188 188 188
v -12.840598 8.577202 20.015202 188 188 188
v -12.840598 8.577202 18.694401 255 255 255
v -12.840598 8.577202 18.796000 255 255 255
v -12.789796 8.577202 20.066000 188 188 188
v -12.840598 8.577202 18.897600 255 255 255
v -12.891395 8.577202 18.948400 255 255 255
v -12.840598 8.577202 17.475201 255 255 255
v -12.789796 8.577202 17.576801 255 255 255
v -12.891395 8.577202 18.796000 255 255 255
v -12.840598 8.577202 20.116800 188 188 188
v -12.789796 8.475601 19.964399 188 188 188
v -12.789796 8.628001 17.983200 255 255 255
v -12.789796 8.628001 17.932400 255 255 255
v -12.789796 8.678802 17.373600 255 255 255
v -12.789796 8.475601 19.050001 255 255 255
v -12.789796 8.424801 19.050001 255 255 255
v -12.789796 8.374002 19.050001 255 255 255
v -12.789796 8.374002 19.964399 188 188 188
v -12.789796 8.577202 18.592800 255 255 255
v -12.789796 8.475601 17.322802 255 255 255
v -12.789796 8.628001 10.718801 255 255 255
v -12.840598 8.526401 17.576801 255 255 255
v -12.789796 8.628001 17.780001 255 255 255
v -12.789796 8.577202 17.627600 255 255 255
v -12.840598 8.577202 17.881601 255 255 255
v -12.789796 8.628001 17.881601 255 255 255
v -12.789796 8.628001 19.050001 255 255 255
v -12.789796 8.678802 19.964399 188 188 188
v -12.789796 8.729601 19.964399 188 188 188
v -12.789796 8.729601 18.796000 255 255 255
v -12.789796 8.678802 18.491201 255 255 255
v -12.789796 8.678802 19.050001 255 255 255
v -12.789796 8.577202 19.812000 255 255 255
v -12.789796 8.678802 18.135601 255 255 255
v -12.789796 8.628001 18.034000 255 255 255
v -12.789796 8.577202 20.167601 188 188 188
v -12.789796 8.678802 18.186399 255 255 255
v -12.789796 8.729601 19.050001 255 255 255
v -12.789796 8.678802 18.338800 255 255 255
v -12.789796 8.628001 12.039600 255 255 255
v -12.840598 8.526401 17.322802 255 255 255
v -2.578997 -9.914000 19.050001 255 255 255
v -2.578997 -9.914000 17.373600 255 255 255
v -6.846197 4.665601 19.964399 188 188 188
v -4.610995 -12.352400 17.322802 255 255 255
v -4.560199 -12.352400 19.050001 255 255 255
v -4.610995 -12.352400 17.475201 255 255 255
v -4.712594 -12.403200 18.135601 255 255 255
v -12.230994 8.932801 19.050001 255 255 255
v -12.230994 8.932801 17.322802 255 255 255
v -6.896999 4.970401 19.050001 255 255 255
v -6.947795 4.970401 19.050001 255 255 255
v -4.610995 -12.352400 19.050001 255 255 255
v -4.763396 -12.352400 19.050001 255 255 255
v -7.049394 5.173602 19.964399 188 188 188
v -7.100196 5.630802 19.964399 188 188 188
v -7.404998 6.392801 19.964399 188 188 188
v -7.608196 7.154802 19.050001 255 255 255
v -8.370195 9.898002 18.999201 255 255 255
v -8.370195 9.847202 19.050001 255 255 255
v -8.420998 9.898002 18.999201 255 255 255
v -7.557400 7.104001 19.050001 255 255 255
v -7.709795 7.408802 19.964399 188 188 188
v -7.963794 8.272401 19.964399 188 188 188
v -8.420998 9.999601 18.999201 255 255 255
v -8.522596 9.999601 9.296400 255 255 255
v -8.522596 9.999601 9.499600 255 255 255
v -8.573399 9.999601 19.050001 255 255 255
v -12.891395 8.526401 2.184400 255 255 255
v -12.891395 8.526401 1.981200 255 255 255
v -12.840598 8.526401 8.686800 255 255 255
v -12.891395 8.475601 9.499600 255 255 255
v -12.891395 8.475601 19.100801 255 255 255
v -12.891395 8.475601 18.999201 255 255 255
v -11.316600 9.186801 17.322802 255 255 255
v -11.265798 9.186801 17.576801 255 255 255
v -11.164199 9.186801 17.322802 255 255 255
v -11.265798 9.186801 17.627600 255 255 255
v -11.265798 9.237600 19.964399 188 188 188
v -11.367395 9.186801 19.050001 255 255 255
v -11.367395 9.237600 19.964399 188 188 188
v -11.265798 9.186801 19.050001 255 255 255
v -12.789796 8.069201 8.686800 255 255 255
v -12.789796 8.069201 17.322802 255 255 255
v -11.164199 9.237600 19.050001 255 255 255
v -12.078599 5.783201 0.101600 255 255 255
v -12.738999 8.018401 0.660400 255 255 255
v -12.738999 8.018401 0.254000 255 255 255
v -12.078599 5.783201 17.221201 255 255 255
v -12.078599 5.783201 0.152400 255 255 255
v -11.113396 9.237600 19.964399 188 188 188
v -10.808594 9.339201 19.964399 188 188 188
v -7.049394 -11.387200 0.355600 255 255 255
v -7.100196 -11.336400 0.000000 255 255 255
v -7.049394 -11.387200 19.050001 255 255 255
v -11.062593 9.288402 19.050001 255 255 255
v -10.859396 9.339201 19.050001 255 255 255
v -7.049394 -11.387200 3.403600 255 255 255
v -7.049394 -11.387200 18.999201 255 255 255
v -6.998598 -11.641200 18.999201 255 255 255
v -6.998598 -11.641200 19.050001 255 255 255
v -7.100196 -11.336400 19.050001 255 255 255
v -7.049394 -11.387200 0.406400 255 255 255
v -7.303394 -10.422000 9.550401 255 255 255
v -7.354196 -10.422000 19.050001 255 255 255
v -7.303394 -10.472799 19.050001 255 255 255
v -10.706995 9.339201 19.964399 188 188 188
v -10.808594 9.339201 19.050001 255 255 255
v -12.180198 6.291201 4.673600 255 255 255
v -12.281796 6.697602 2.336800 255 255 255
v -7.811399 -8.898000 19.050001 255 255 255
v -7.760597 -8.948799 19.050001 255 255 255
v -10.706995 9.339201 19.050001 255 255 255
v -10.656199 9.339201 17.475201 255 255 255
v -10.706995 9.339201 18.186399 255 255 255
v -10.605396 9.390001 19.964399 188 188 188
v -10.249798 9.491600 19.964399 188 188 188
v -7.963794 -8.339200 8.686800 255 255 255
v -7.811399 -8.898000 0.406400 255 255 255
v -7.760597 -8.898000 0.203200 255 255 255
v -10.605396 9.390001 19.050001 255 255 255
v -10.351397 9.440801 19.050001 255 255 255
v -10.198996 9.491600 12.039600 255 255 255
v -10.198996 9.491600 17.322802 255 255 255
v -10.198996 9.491600 17.729200 255 255 255
v -10.198996 9.491600 13.411200 255 255 255
v -10.198996 9.491600 18.186399 255 255 255
v -9.690996 9.694800 19.050001 255 255 255
v -9.690996 9.694800 19.964399 188 188 188
v -9.589397 9.694800 19.964399 188 188 188
v -7.912998 -8.389999 17.322802 255 255 255
v -7.760597 -8.948799 17.322802 255 255 255
v -7.811399 -8.847199 16.662399 255 255 255
v -7.963794 -8.339200 9.144000 255 255 255
v -9.284595 9.796401 19.964399 188 188 188
v -9.589397 9.745602 19.050001 255 255 255
v -9.132195 9.796401 19.964399 188 188 188
v -9.030596 9.898002 19.964399 188 188 188
v -9.335398 9.796401 19.050001 255 255 255
v -9.233799 9.796401 19.050001 255 255 255
v -8.928997 9.898002 19.964399 188 188 188
v -9.182997 9.796401 19.050001 255 255 255
v -12.129395 6.037201 4.978400 255 255 255
v -12.180198 6.291201 14.681200 255 255 255
v -8.014597 -8.339200 17.983200 255 255 255
v -7.963794 -8.339200 9.347200 255 255 255
v -8.065399 -7.831200 19.050001 255 255 255
v -7.963794 -8.339200 18.135601 255 255 255
v -7.963794 -8.339200 17.729200 255 255 255
v -9.386194 9.796401 17.830801 255 255 255
v -8.166998 -7.526400 19.964399 188 188 188
v -8.166998 -7.526400 19.050001 255 255 255
v -8.116196 -7.780399 19.050001 255 255 255
v -8.116196 -7.780399 17.373600 255 255 255
v -8.979799 9.847202 18.440399 255 255 255
v -9.335398 9.796401 17.830801 255 255 255
v -9.233799 9.796401 18.135601 255 255 255
v -8.776596 9.898002 18.592800 255 255 255
v -9.233799 9.796401 18.440399 255 255 255
v -8.979799 9.847202 18.643600 255 255 255
v -9.182997 9.796401 18.999201 255 255 255
v -8.624195 9.948801 19.050001 255 255 255
v -8.624195 9.999601 19.964399 188 188 188
v -8.624195 9.999601 19.050001 255 255 255
v -8.471794 9.999601 19.050001 255 255 255
v -8.420998 9.999601 19.050001 255 255 255
v -11.316600 9.186801 9.550401 255 255 255
v -11.316600 9.186801 16.916401 255 255 255
v -7.760597 -8.948799 8.686800 255 255 255
v -7.658998 -9.253599 19.050001 255 255 255
v -12.688197 8.729601 19.964399 188 188 188
v -12.688197 8.729601 19.050001 255 255 255
v -12.535796 8.831202 19.050001 255 255 255
v -12.688197 8.780400 19.050001 255 255 255
v -12.434197 8.831202 19.964399 188 188 188
v -12.434197 8.831202 19.050001 255 255 255
v -5.779395 -12.657200 17.322802 255 255 255
v -5.779395 -12.657200 17.221201 255 255 255
v -5.525395 -12.606400 17.119600 255 255 255
v -5.525395 -12.606400 17.322802 255 255 255
v -5.525395 -12.555599 17.322802 255 255 255
v -5.322198 -12.555599 19.050001 255 255 255
v -12.383395 8.831202 19.050001 255 255 255
v -12.230994 8.932801 19.964399 188 188 188
v -12.332599 8.932801 19.964399 188 188 188
v -11.875396 9.034402 19.964399 188 188 188
v -12.180198 8.932801 19.050001 255 255 255
v -11.976995 8.983601 19.050001 255 255 255
v -11.773797 9.034402 19.964399 188 188 188
v -5.779395 -12.657200 19.964399 188 188 188
v -11.722994 9.085201 19.050001 255 255 255
v -11.468994 9.136001 19.964399 188 188 188
v -11.621396 9.085201 19.050001 255 255 255
v -11.672198 9.085201 18.440399 255 255 255
v -11.418199 9.136001 19.050001 255 255 255
v -11.418199 9.136001 18.999201 255 255 255
v -11.722994 9.085201 17.932400 255 255 255
v -11.468994 9.136001 17.322802 255 255 255
v -11.722994 9.085201 18.034000 255 255 255
v -11.418199 9.136001 5.791200 255 255 255
v -11.418199 9.136001 17.322802 255 255 255
v -7.404998 -10.066400 19.964399 188 188 188
v -4.763396 -2.548000 11.125200 255 255 255
v -6.693796 -12.555599 15.189201 255 255 255
v -6.693796 -12.555599 16.865601 255 255 255
v -6.693796 -12.555599 17.526001 255 255 255
v -6.693796 -12.606400 1.828800 255 255 255
v -6.693796 -12.707999 17.119600 255 255 255
v -6.693796 -12.707999 17.322802 255 255 255
v -12.891395 8.475601 19.050001 255 255 255
v -12.840598 8.526401 18.186399 255 255 255
v -12.840598 8.526401 19.100801 255 255 255
v -12.840598 8.526401 19.050001 255 255 255
v -12.840598 8.526401 19.151600 255 255 255
v -12.840598 8.526401 17.475201 255 255 255
v -12.840598 8.526401 15.849600 255 255 255
v -12.840598 8.526401 17.678400 255 255 255
v -12.840598 8.526401 17.932400 255 255 255
v -6.947795 -11.691999 19.050001 255 255 255
v -10.148199 9.491600 19.964399 188 188 188
v -9.792595 9.593201 19.964399 188 188 188
v -10.300594 9.440801 19.050001 255 255 255
v -10.046595 9.491600 19.050001 255 255 255
v -4.661798 -2.751199 18.999201 255 255 255
v -10.249798 9.491600 18.542000 255 255 255
v -10.300594 9.440801 18.999201 255 255 255
v -10.300594 9.440801 18.338800 255 255 255
v -10.351397 9.440801 18.237202 255 255 255
v -10.351397 9.440801 18.186399 255 255 255
v -10.046595 9.542401 19.050001 255 255 255
v -10.198996 9.491600 18.694401 255 255 255
v -10.198996 9.491600 18.440399 255 255 255
v -5.779395 -12.707999 0.457200 255 255 255
v -5.779395 -12.707999 17.424400 255 255 255
v -5.779395 -12.657200 18.186399 255 255 255
v -5.880994 -12.657200 19.050001 255 255 255
v -9.386194 9.796401 19.050001 255 255 255
v -5.779395 -12.707999 19.050001 255 255 255
v -5.931796 -12.707999 19.050001 255 255 255
v -5.779395 -12.707999 17.526001 255 255 255
v -5.779395 -12.657200 19.050001 255 255 255
v -5.728599 -12.657200 19.050001 255 255 255
v -5.728599 -12.707999 18.999201 255 255 255
v -5.728599 -12.657200 18.999201 255 255 255
v -5.677796 -12.657200 18.999201 255 255 255
v -5.677796 -12.657200 19.050001 255 255 255
v -5.576198 -12.606400 18.237202 255 255 255
v -5.576198 -12.606400 19.050001 255 255 255
v -7.150999 5.681601 18.186399 255 255 255
v -7.100196 5.630802 19.050001 255 255 255
v -7.100196 5.580001 19.050001 255 255 255
v -5.525395 -12.606400 17.424400 255 255 255
v -5.525395 -12.606400 19.050001 255 255 255
v -5.372994 -12.606400 19.050001 255 255 255
v -5.372994 -12.606400 0.000000 255 255 255
v -5.626994 -12.657200 18.186399 255 255 255
v -8.624195 9.948801 18.897600 255 255 255
v -8.624195 9.999601 18.897600 255 255 255
v -8.573399 9.999601 18.897600 255 255 255
v -8.370195 9.898002 19.050001 255 255 255
v -4.509397 -12.250799 19.050001 255 255 255
v -4.509397 -12.250799 18.948400 255 255 255
v -4.560199 -12.301600 19.050001 255 255 255
v -4.560199 -12.301600 18.999201 255 255 255
v -12.891395 8.526401 17.424400 255 255 255
v -12.789796 8.069201 19.050001 255 255 255
v -5.017396 -12.454000 19.050001 255 255 255
v -4.966594 -12.454000 19.050001 255 255 255
v -12.738999 8.018401 19.050001 255 255 255
v -2.274195 -10.828400 19.050001 255 255 255
v -12.027797 5.732400 19.050001 255 255 255
v -12.027797 5.783201 18.186399 255 255 255
v -12.078599 5.783201 19.050001 255 255 255
v -11.976995 5.478401 17.373600 255 255 255
v -11.976995 5.478401 19.050001 255 255 255
v -12.027797 5.732400 19.964399 188 188 188
v -11.926198 5.427601 19.050001 255 255 255
v -11.926198 5.326001 19.964399 188 188 188
v -11.468994 3.649601 19.964399 188 188 188
v -11.367395 3.446401 19.050001 255 255 255
v -11.367395 3.497200 19.050001 255 255 255
v -11.722994 4.564000 19.050001 255 255 255
v -11.316600 3.090801 17.373600 255 255 255
v -11.316600 3.090801 17.475201 255 255 255
v -11.367395 3.446401 18.999201 255 255 255
v -11.468994 3.903601 19.050001 255 255 255
v -11.672198 4.513201 19.050001 255 255 255
v -2.578997 -9.812399 19.050001 255 255 255
v -11.265798 3.090801 19.050001 255 255 255
v -11.214994 2.836802 19.050001 255 255 255
v -11.265798 3.090801 19.964399 188 188 188
v -11.164199 2.786000 19.050001 255 255 255
v -11.316600 3.090801 19.050001 255 255 255
v -2.680596 -9.609200 19.050001 255 255 255
v -2.680596 -9.609200 17.881601 255 255 255
v -11.672198 4.513201 18.186399 255 255 255
v -2.985398 -8.643999 2.336800 255 255 255
v -2.985398 -8.643999 7.670800 255 255 255
v -2.985398 -8.643999 1.168400 255 255 255
v -2.934596 -8.643999 1.168400 255 255 255
v -2.985398 -8.643999 13.004801 255 255 255
v -2.985398 -8.643999 16.052801 255 255 255
v -2.934596 -8.643999 0.000000 255 255 255
v -2.985398 -8.694799 6.451600 255 255 255
v -2.985398 -8.643999 19.050001 255 255 255
v -2.985398 -8.694799 18.999201 255 255 255
v -2.934596 -8.643999 19.050001 255 255 255
v -3.036194 -8.593200 18.999201 255 255 255
v -2.985398 -8.593200 19.050001 255 255 255
v -2.934596 -8.593200 19.050001 255 255 255
v -3.036194 -8.643999 19.050001 255 255 255
v -0.394598 -8.186800 19.964399 188 188 188
v -1.054999 -8.186800 19.964399 188 188 188
v -0.648598 -8.186800 19.050001 255 255 255
v -0.699394 -8.186800 19.050001 255 255 255
v 3.415404 -8.186800 19.050001 255 255 255
v 3.466207 -8.186800 19.050001 255 255 255
v 0.062605 -8.186800 19.964399 188 188 188
v 0.316605 -8.186800 19.050001 255 255 255
v 1.027802 -8.186800 19.964399 188 188 188
v 1.027802 -8.186800 19.050001 255 255 255
v 3.009004 -8.186800 19.964399 188 188 188
v 2.450202 -8.186800 19.964399 188 188 188
v 3.009004 -8.186800 19.050001 255 255 255
v 1.485005 -8.186800 19.964399 188 188 188
v 1.993005 -8.186800 19.050001 255 255 255
v 2.653405 -8.186800 19.050001 255 255 255
v 1.688202 -8.186800 19.050001 255 255 255
v 2.704201 -8.186800 19.050001 255 255 255
v 3.669404 -8.186800 19.964399 188 188 188
v 4.126601 -8.186800 19.050001 255 255 255
v 0.011803 -8.186800 19.050001 255 255 255
v 4.126601 -8.186800 19.964399 188 188 188
v 5.193403 -8.186800 19.964399 188 188 188
v 5.142606 -8.186800 19.050001 255 255 255
v 4.431403 -8.186800 19.050001 255 255 255
v 5.193403 -8.186800 17.322802 255 255 255
v 5.396606 -8.186800 19.050001 255 255 255
v 5.193403 -8.186800 19.050001 255 255 255
v 7.174604 -8.186800 17.322802 255 255 255
v 5.447402 -8.186800 19.050001 255 255 255
v 5.650606 -8.186800 19.964399 188 188 188
v 6.615802 -8.186800 19.964399 188 188 188
v 16.369404 -8.186800 19.050001 255 255 255
v 16.420206 -8.186800 19.050001 255 255 255
v 15.861404 -8.186800 19.964399 188 188 188
v 7.174604 -8.186800 19.964399 188 188 188
v 7.631802 -8.186800 19.964399 188 188 188
v 8.698603 -8.186800 19.964399 188 188 188
v 6.107803 -8.186800 19.050001 255 255 255
v 8.139801 -8.186800 19.050001 255 255 255
v 7.479406 -8.186800 19.050001 255 255 255
v 8.851004 -8.186800 19.050001 255 255 255
v 6.768204 -8.186800 19.050001 255 255 255
v 7.123802 -8.186800 19.050001 255 255 255
v 7.174604 -8.186800 19.050001 255 255 255
v 9.257404 -8.186800 19.050001 255 255 255
v 9.613003 -8.186800 19.050001 255 255 255
v 9.257404 -8.186800 19.964399 188 188 188
v 7.428604 -8.186800 19.050001 255 255 255
v 9.816207 -8.186800 19.964399 188 188 188
v 11.238606 -8.186800 19.964399 188 188 188
v 11.899007 -8.186800 19.964399 188 188 188
v 9.663806 -8.186800 19.050001 255 255 255
v 10.273404 -8.186800 19.050001 255 255 255
v 10.578206 -8.186800 19.050001 255 255 255
v 11.238606 -8.186800 19.050001 255 255 255
v 11.645001 -8.186800 19.050001 255 255 255
v 11.695804 -8.186800 19.050001 255 255 255
v 11.949803 -8.186800 19.050001 255 255 255
v 10.273404 -8.186800 19.964399 188 188 188
v 17.487001 -8.186800 19.050001 255 255 255
v 16.826607 -8.186800 19.050001 255 255 255
v 12.356204 -8.186800 19.964399 188 188 188
v 13.423005 -8.186800 19.964399 188 188 188
v 13.880202 -8.186800 19.964399 188 188 188
v 14.845406 -8.186800 19.964399 188 188 188
v 15.404202 -8.186800 19.964399 188 188 188
v 16.826607 -8.186800 19.964399 188 188 188
v 17.487001 -8.186800 19.964399 188 188 188
v 12.711802 -8.186800 19.050001 255 255 255
v 12.661006 -8.186800 19.050001 255 255 255
v 13.423005 -8.186800 19.050001 255 255 255
v 13.626203 -8.186800 19.050001 255 255 255
v 13.677006 -8.186800 19.050001 255 255 255
v 14.337406 -8.186800 19.050001 255 255 255
v 14.997807 -8.186800 19.050001 255 255 255
v 15.353405 -8.186800 19.050001 255 255 255
v 15.404202 -8.186800 19.050001 255 255 255
v 15.658207 -8.186800 19.050001 255 255 255
v 15.709003 -8.186800 19.050001 255 255 255
v 12.000606 -8.186800 19.050001 255 255 255
v -11.672198 4.513201 0.152400 255 255 255
v -11.672198 4.513201 0.457200 255 255 255
v -11.672198 4.513201 0.304800 255 255 255
v -11.672198 4.513201 0.660400 255 255 255
v -11.722994 4.564000 17.170401 255 255 255
v -11.672198 4.513201 0.203200 255 255 255
v -10.656199 1.058802 4.419600 255 255 255
v -10.859396 9.339201 8.534401 255 255 255
v -10.859396 9.339201 4.318000 255 255 255
v -10.910199 9.288402 4.216400 255 255 255
v -10.910199 9.339201 3.454400 255 255 255
v -10.859396 9.339201 9.042400 255 255 255
v -10.503798 0.500001 0.000000 255 255 255
v 16.725002 -6.408799 19.050001 255 255 255
v 17.487001 -6.408799 19.964399 188 188 188
v 17.487001 -6.408799 19.050001 255 255 255
v 16.674206 -6.408799 19.050001 255 255 255
v 13.524604 -6.408799 19.964399 188 188 188
v 16.267805 -6.408799 19.964399 188 188 188
v 14.845406 -6.408799 19.050001 255 255 255
v 14.896202 -6.408799 19.050001 255 255 255
v 12.559402 -6.408799 19.050001 255 255 255
v 12.559402 -6.408799 19.964399 188 188 188
v 14.235801 -6.408799 19.050001 255 255 255
v -0.496197 -6.408799 19.050001 255 255 255
v -0.292999 -6.408799 19.964399 188 188 188
v 1.383406 -6.408799 19.050001 255 255 255
v 12.559402 -6.408799 20.472401 188 188 188
v 9.816207 -6.408799 19.964399 188 188 188
v 4.228206 -6.408799 19.050001 255 255 255
v 10.679805 -6.408799 19.050001 255 255 255
v 3.923404 -6.408799 19.050001 255 255 255
v -3.239398 -6.408799 19.964399 188 188 188
v -3.239398 -6.408799 19.050001 255 255 255
v -0.597795 -6.408799 19.050001 255 255 255
v 10.781404 -6.408799 19.050001 255 255 255
v -12.027797 5.783201 9.601200 255 255 255
v 17.487001 -6.967599 19.964399 188 188 188
v 17.487001 -7.932799 19.050001 255 255 255
v 17.487001 -7.881999 19.050001 255 255 255
v 17.487001 -7.374000 19.050001 255 255 255
v 17.487001 -7.831200 19.964399 188 188 188
v 17.487001 -7.323199 19.050001 255 255 255
v 17.487001 -6.967599 19.050001 255 255 255
v -11.722994 4.665601 17.018000 255 255 255
v -11.722994 4.665601 15.646401 255 255 255
v -11.722994 4.665601 1.676400 255 255 255
v -11.722994 4.564000 0.000000 255 255 255
v -11.672198 4.564000 9.550401 255 255 255
v -11.570600 4.208400 4.064000 255 255 255
v -11.468994 3.903601 8.128000 255 255 255
v -11.672198 4.564000 8.686800 255 255 255
v -11.570600 4.208400 4.165600 255 255 255
v -11.621396 4.360802 1.930400 255 255 255
v -11.672198 4.513201 0.355600 255 255 255
v -11.367395 3.446401 6.604001 255 255 255
v -11.468994 3.903601 11.582400 255 255 255
v -11.672198 4.564000 0.254000 255 255 255
v -11.672198 4.513201 0.050800 255 255 255
v -11.621396 4.411601 1.676400 255 255 255
v -9.894194 -1.633599 12.903200 255 255 255
v -9.894194 -1.633599 12.750801 255 255 255
v -10.097397 -0.820799 19.050001 255 255 255
v -3.442595 -7.119999 17.627600 255 255 255
v -3.442595 -7.119999 3.556000 255 255 255
v -8.420998 9.948801 1.320800 255 255 255
v -8.573399 9.948801 18.999201 255 255 255
v -8.370195 9.898002 2.743200 255 255 255
v -8.370195 9.898002 2.590800 255 255 255
v -3.036194 -8.542399 19.100801 255 255 255
v -7.150999 5.681601 2.184400 255 255 255
v -7.150999 5.681601 8.585200 255 255 255
v -3.036194 -8.542399 19.151600 255 255 255
v -3.036194 -8.491599 19.964399 188 188 188
v -3.086997 -8.593200 18.999201 255 255 255
v -3.036194 -8.643999 19.100801 255 255 255
v -2.883799 -8.948799 19.964399 188 188 188
v -2.782194 -9.304399 19.964399 188 188 188
v -2.832997 -9.152000 19.050001 255 255 255
v -2.782194 -9.253599 19.050001 255 255 255
v -2.680596 -9.558399 19.050001 255 255 255
v -2.680596 -9.609200 19.964399 188 188 188
v -2.629793 -9.914000 19.050001 255 255 255
v -2.680596 -9.812399 19.964399 188 188 188
v -2.578997 -10.015599 19.050001 255 255 255
v -2.578997 -10.066400 19.050001 255 255 255
v -2.477398 -10.574400 19.964399 188 188 188
v -2.375794 -10.828400 18.440399 255 255 255
v -2.375794 -10.828400 19.050001 255 255 255
v -2.375794 -10.929999 19.964399 188 188 188
v -2.375794 -10.777599 19.050001 255 255 255
v -2.375794 -10.828400 19.964399 188 188 188
v -4.763396 -12.352400 19.964399 188 188 188
v -5.220599 -12.555599 19.964399 188 188 188
v -4.560199 -12.352400 19.964399 188 188 188
v -4.458594 -12.250799 19.964399 188 188 188
v -5.118995 -12.454000 19.050001 255 255 255
v -5.118995 -12.504800 19.050001 255 255 255
v -5.322198 -12.555599 19.964399 188 188 188
v -5.525395 -12.657200 19.964399 188 188 188
v -5.626994 -12.657200 19.964399 188 188 188
v -3.798193 -12.098400 0.152400 255 255 255
v -3.798193 -12.098400 17.221201 255 255 255
v -3.798193 -12.098400 0.254000 255 255 255
v -9.589397 9.745602 0.000000 255 255 255
v -5.982599 -12.758799 18.999201 255 255 255
v -7.201795 -11.133200 19.964399 188 188 188
v -5.576198 -12.606400 18.186399 255 255 255
v -7.303394 -10.676000 19.964399 188 188 188
v -7.608196 -9.609200 19.964399 188 188 188
v -8.065399 -7.983600 19.964399 188 188 188
v -2.731398 -9.456800 19.050001 255 255 255
v -2.680596 -9.710799 19.964399 188 188 188
v -12.383395 8.831202 0.000000 255 255 255
v -3.798193 -12.047600 9.652000 255 255 255
v -3.798193 -12.047600 18.186399 255 255 255
v -2.578997 -9.964799 19.964399 188 188 188
v -2.578997 -10.066400 19.964399 188 188 188
v -2.528195 -10.117200 19.050001 255 255 255
v -2.934596 -8.847199 19.964399 188 188 188
v -3.036194 -8.593200 19.964399 188 188 188
v -12.586598 8.780400 12.192000 255 255 255
v -12.586598 8.780400 2.184400 255 255 255
v -3.696595 -12.047600 18.897600 255 255 255
v -3.645798 -11.996799 18.999201 255 255 255
v -10.859396 9.339201 8.636000 255 255 255
v -10.859396 9.339201 8.839200 255 255 255
v -11.672198 4.564000 0.101600 255 255 255
v -8.420998 9.948801 19.050001 255 255 255

v 19.011005 -8.389999 20.472401 188 188 188
v 19.011005 -8.389999 19.964399 188 188 188
v 19.011005 -8.389999 19.964399 188 188 188
v 19.011005 -12.707999 20.472401 188 188 188
v -2.223399 -12.707999 19.964399 188 188 188
v -2.223399 -11.590400 20.066000 188 188 188
v -2.223399 -11.590400 20.066000 188 188 188
v -2.223399 -12.707999 20.472401 188 188 188
v -2.223399 -12.707999 20.472401 188 188 188
v 19.011005 -8.389999 20.472401 188 188 188
v -2.223399 -11.590400 20.472401 188 188 188
v -2.223399 -11.590400 20.472401 188 188 188
v 19.011005 -8.389999 20.472401 188 188 188
v -2.223399 -11.590400 20.472401 188 188 188
v -2.223399 -11.488799 20.472401 188 188 188
v -2.223399 -11.590400 20.828001 188 188 188
v -2.223399 -11.590400 20.472401 188 188 188
v -2.274195 -11.590400 20.828001 188 188 188
v -2.223399 -11.590400 20.828001 188 188 188
v -2.223399 -11.488799 20.828001 188 188 188
v -2.274195 -11.590400 20.828001 188 188 188
v -2.274195 -11.590400 20.828001 188 188 188
v -2.680596 -11.691999 20.828001 188 188 188
v -2.274195 -11.590400 19.964399 188 188 188
v -2.223399 -11.590400 19.964399 188 188 188
v -2.274195 -11.590400 20.828001 188 188 188
v -2.680596 -11.691999 20.828001 188 188 188
v -2.223399 -11.488799 20.828001 188 188 188
v -2.223399 -11.387200 20.828001 188 188 188
v -2.223399 -11.488799 20.828001 188 188 188
v -2.223399 -11.387200 20.472401 188 188 188
v -2.223399 -11.387200 20.828001 188 188 188
v -2.223399 -11.387200 20.828001 188 188 188
v -2.223399 -11.336400 20.472401 188 188 188
v -2.223399 -11.336400 20.472401 188 188 188
v -2.223399 -11.336400 20.828001 188 188 188
v -2.680596 -11.691999 20.828001 188 188 188
v -2.223399 -11.336400 20.828001 188 188 188
v -2.274195 -11.234799 20.828001 188 188 188
v -2.680596 -11.691999 20.828001 188 188 188
v -2.274195 -11.234799 20.828001 188 188 188
v -2.274195 -11.031600 20.828001 188 188 188
v -2.680596 -11.691999 20.828001 188 188 188
v -2.680596 -11.691999 20.828001 188 188 188
v -3.036194 -11.895200 20.828001 188 188 188
v -3.036194 -11.895200 20.828001 188 188 188
v -2.274195 -11.031600 20.828001 188 188 188
v -3.036194 -11.895200 20.828001 188 188 188
v -2.375794 -10.726799 20.828001 188 188 188
v -2.477398 -10.371200 20.828001 188 188 188
v -3.036194 -11.895200 20.828001 188 188 188
v -3.036194 -11.895200 20.828001 188 188 188
v -3.798193 -12.047600 20.828001 188 188 188
v -3.239398 -11.895200 19.964399 188 188 188
v -3.036194 -11.895200 20.828001 188 188 188
v 19.011005 -8.389999 20.472401 188 188 188
v 1.688202 -8.389999 19.964399 188 188 188
v -2.223399 -8.389999 20.472401 188 188 188
v -2.223399 -11.336400 20.472401 188 188 188
v 19.011005 -8.389999 20.472401 188 188 188
v -2.223399 -8.389999 20.472401 188 188 188
v -2.223399 -11.336400 20.472401 188 188 188
v -2.223399 -8.389999 20.472401 188 188 188
v -2.223399 -8.389999 20.472401 188 188 188
v -2.223399 -11.336400 20.116800 188 188 188
v -2.223399 -11.336400 20.116800 188 188 188
v -2.223399 -9.964799 19.964399 188 188 188
v -2.274195 -11.234799 20.828001 188 188 188
v -2.223399 -11.336400 19.964399 188 188 188
v -2.223399 -11.336400 19.964399 188 188 188
v -2.274195 -11.234799 20.828001 188 188 188
v -2.223399 -11.336400 20.116800 188 188 188
v -2.223399 -8.389999 20.472401 188 188 188
v -2.223399 -9.964799 19.964399 188 188 188
v -2.223399 -8.389999 20.472401 188 188 188
v -2.223399 -8.389999 19.964399 188 188 188
v -2.223399 -9.253599 19.964399 188 188 188
v -2.274195 -11.234799 20.828001 188 188 188
v -2.274195 -11.234799 19.964399 188 188 188
v -2.274195 -11.031600 19.964399 188 188 188
v -2.274195 -11.031600 20.828001 188 188 188
v -2.375794 -10.929999 19.964399 188 188 188
v -2.274195 -11.031600 20.828001 188 188 188
v -2.274195 -11.031600 20.828001 188 188 188
v -2.375794 -10.828400 19.964399 188 188 188
v -2.375794 -10.726799 20.828001 188 188 188
v -2.375794 -10.726799 19.964399 188 188 188
v -2.375794 -10.574400 19.964399 188 188 188
v -2.375794 -10.726799 20.828001 188 188 188
v -2.375794 -10.726799 20.828001 188 188 188
v -2.477398 -10.574400 19.964399 188 188 188
v -2.477398 -10.371200 19.964399 188 188 188
v -2.477398 -10.371200 20.828001 188 188 188
v -2.477398 -10.371200 20.828001 188 188 188
v -2.477398 -10.269599 19.964399 188 188 188
v -2.578997 -10.066400 19.964399 188 188 188
v -2.477398 -10.371200 20.828001 188 188 188
v -2.477398 -10.371200 20.828001 188 188 188
v -2.578997 -10.066400 20.828001 188 188 188
v -7.100196 -10.726799 20.828001 188 188 188
v -2.578997 -10.066400 20.828001 188 188 188
v -7.100196 -10.726799 20.828001 188 188 188
v -2.680596 -9.710799 20.828001 188 188 188
v -7.100196 -10.726799 20.828001 188 188 188
v -2.782194 -9.406000 20.828001 188 188 188
v -7.100196 -10.726799 20.828001 188 188 188
v -2.883799 -9.152000 20.828001 188 188 188
v -7.100196 -10.726799 20.828001 188 188 188
v -3.036194 -8.593200 20.828001 188 188 188
v -3.137799 -8.288399 20.828001 188 188 188
v -7.100196 -10.726799 20.828001 188 188 188
v -7.100196 -10.726799 20.828001 188 188 188
v -7.709795 -8.491599 20.828001 188 188 188
v -7.709795 -8.491599 20.828001 188 188 188
v -7.100196 -10.726799 20.472401 188 188 188
v -7.100196 -10.726799 20.472401 188 188 188
v -7.709795 -8.491599 20.472401 188 188 188
v -7.404998 -10.066400 20.472401 188 188 188
v -7.100196 -10.726799 20.472401 188 188 188
v -7.100196 -10.726799 20.472401 188 188 188
v -6.642999 -12.707999 20.472401 188 188 188
v -6.541394 -12.707999 20.472401 188 188 188
v -6.642999 -12.707999 20.472401 188 188 188
v -6.541394 -12.707999 19.964399 188 188 188
v -6.541394 -12.707999 20.472401 188 188 188
v -6.439796 -12.707999 19.964399 188 188 188
v -6.541394 -12.707999 20.472401 188 188 188
v -6.541394 -12.707999 20.472401 188 188 188
v -6.388999 -12.707999 19.964399 188 188 188
v -6.388999 -12.707999 19.964399 188 188 188
v -6.388999 -12.707999 20.472401 188 188 188
v -6.287395 -12.707999 19.964399 188 188 188
v -6.388999 -12.707999 20.472401 188 188 188
v -6.388999 -12.707999 20.472401 188 188 188
v -6.185796 -12.707999 19.964399 188 188 188
v -6.185796 -12.707999 19.964399 188 188 188
v -6.185796 -12.707999 20.828001 188 188 188
v -6.084198 -12.707999 19.964399 188 188 188
v -6.185796 -12.707999 20.828001 188 188 188
v -5.982599 -12.707999 19.964399 188 188 188
v -6.185796 -12.707999 20.828001 188 188 188
v -6.185796 -12.707999 20.828001 188 188 188
v -5.779395 -12.657200 19.964399 188 188 188
v -5.779395 -12.657200 19.964399 188 188 188
v -5.779395 -12.657200 20.828001 188 188 188
v -5.626994 -12.657200 19.964399 188 188 188
v -5.779395 -12.657200 20.828001 188 188 188
v -5.525395 -12.657200 19.964399 188 188 188
v -5.779395 -12.657200 20.828001 188 188 188
v -5.779395 -12.657200 20.828001 188 188 188
v -5.322198 -12.555599 19.964399 188 188 188
v -5.322198 -12.555599 19.964399 188 188 188
v -5.322198 -12.555599 20.828001 188 188 188
v -5.322198 -12.555599 20.828001 188 188 188
v -5.220599 -12.555599 19.964399 188 188 188
v -8.166998 -7.526400 20.472401 188 188 188
v -8.065399 -7.983600 19.964399 188 188 188
v -7.404998 -10.066400 20.472401 188 188 188
v -7.608196 -9.609200 19.964399 188 188 188
v -7.608196 -9.609200 19.964399 188 188 188
v -7.404998 -10.066400 20.472401 188 188 188
v -8.166998 -7.526400 20.472401 188 188 188
v -8.166998 -7.526400 19.964399 188 188 188
v -8.166998 -7.526400 20.472401 188 188 188
v -8.166998 -7.424799 19.964399 188 188 188
v -8.928997 -4.783199 20.472401 188 188 188
v -8.624195 -5.748399 19.964399 188 188 188
v -8.928997 -4.783199 20.472401 188 188 188
v -8.827398 -5.240400 19.964399 188 188 188
v -8.166998 -7.424799 19.964399 188 188 188
v -8.166998 -7.526400 20.472401 188 188 188
v -8.928997 -4.783199 20.472401 188 188 188
v -8.928997 -4.783199 20.472401 188 188 188
v -8.166998 -7.526400 20.472401 188 188 188
v -8.928997 -4.783199 20.472401 188 188 188
v -8.268597 -6.408799 20.472401 188 188 188
v -8.928997 -4.325999 20.472401 188 188 188
v -8.928997 -4.783199 20.472401 188 188 188
v -8.928997 -4.783199 20.472401 188 188 188
v -9.690996 -2.243199 20.472401 188 188 188
v -9.690996 -2.243199 20.472401 188 188 188
v -8.928997 -4.325999 20.472401 188 188 188
v -9.487799 -2.243199 20.472401 188 188 188
v -9.690996 -2.243199 20.472401 188 188 188
v -9.690996 -2.243199 20.472401 188 188 188
v -10.148199 -0.058799 20.472401 188 188 188
v -10.148199 -0.058799 20.472401 188 188 188
v -10.452995 0.500001 20.472401 188 188 188
v -10.452995 0.500001 20.472401 188 188 188
v -10.808594 2.024001 20.472401 188 188 188
v -10.808594 2.024001 20.472401 188 188 188
v -11.265798 3.090801 20.472401 188 188 188
v -11.265798 3.090801 20.472401 188 188 188
v -11.468994 4.208400 20.472401 188 188 188
v -12.027797 5.732400 20.472401 188 188 188
v -11.468994 4.208400 20.472401 188 188 188
v -12.027797 6.291201 20.472401 188 188 188
v -12.027797 5.732400 20.472401 188 188 188
v -12.027797 5.732400 20.472401 188 188 188
v -12.789796 8.374002 20.472401 188 188 188
v -12.230994 6.189600 19.964399 188 188 188
v -12.789796 8.374002 20.472401 188 188 188
v -5.779395 1.160400 19.964399 188 188 188
v -5.779395 1.160400 20.828001 188 188 188
v -5.779395 1.160400 20.828001 188 188 188
v -6.084198 1.820801 19.964399 188 188 188
v -6.846197 4.665601 20.828001 188 188 188
v -6.541394 3.649601 19.964399 188 188 188
v -6.846197 4.665601 19.964399 188 188 188
v -7.049394 5.173602 19.964399 188 188 188
v -6.846197 4.665601 20.828001 188 188 188
v -6.846197 4.665601 20.828001 188 188 188
v -7.100196 5.630802 19.964399 188 188 188
v -7.963794 8.272401 19.964399 188 188 188
v -7.404998 6.392801 20.828001 188 188 188
v -7.404998 6.392801 19.964399 188 188 188
v -7.709795 7.408802 19.964399 188 188 188
v -7.404998 6.392801 20.828001 188 188 188
v -12.789796 8.577202 19.964399 188 188 188
v -12.840598 8.577202 20.015202 188 188 188
v -12.891395 8.475601 19.913601 188 188 188
v -12.840598 8.577202 20.015202 188 188 188
v -12.840598 8.577202 20.066000 188 188 188
v -12.891395 8.475601 19.913601 188 188 188
v -12.840598 8.577202 20.116800 188 188 188
v -12.891395 8.475601 19.913601 188 188 188
v -12.891395 8.577202 20.167601 188 188 188
v -12.891395 8.475601 19.913601 188 188 188
v -12.891395 8.577202 20.066000 188 188 188
v -12.891395 8.577202 19.964399 188 188 188
v -12.891395 8.475601 19.913601 188 188 188
v -12.891395 8.577202 20.167601 188 188 188
v -12.840598 8.577202 20.116800 188 188 188
v -12.891395 8.577202 20.066000 188 188 188
v -12.840598 8.577202 20.116800 188 188 188
v -12.840598 8.577202 20.066000 188 188 188
v -12.891395 8.577202 20.066000 188 188 188
v -12.840598 8.577202 20.066000 188 188 188
v -12.840598 8.577202 20.015202 188 188 188
v -12.891395 8.577202 20.066000 188 188 188
v -12.840598 8.577202 20.066000 188 188 188
v -12.789796 8.577202 19.964399 188 188 188
v -12.840598 8.577202 20.066000 188 188 188
v -12.789796 8.475601 19.964399 188 188 188
v -12.789796 8.475601 19.964399 188 188 188
v -12.891395 8.577202 20.472401 188 188 188
v -12.891395 8.577202 20.472401 188 188 188
v -12.789796 8.475601 20.472401 188 188 188
v -12.789796 8.577202 20.472401 188 188 188
v -12.891395 8.577202 20.167601 188 188 188
v -12.891395 8.577202 20.472401 188 188 188
v -12.891395 8.577202 20.167601 188 188 188
v -12.789796 8.577202 20.472401 188 188 188
v -12.891395 8.577202 20.167601 188 188 188
v -12.840598 8.577202 20.269201 188 188 188
v -12.789796 8.577202 20.167601 188 188 188
v -12.840598 8.577202 20.066000 188 188 188
v -12.891395 8.577202 20.167601 188 188 188
v -12.789796 8.577202 20.167601 188 188 188
v -12.840598 8.577202 20.066000 188 188 188
v -12.789796 8.577202 20.167601 188 188 188
v -12.789796 8.577202 20.066000 188 188 188
v -12.789796 8.577202 19.964399 188 188 188
v -12.789796 8.577202 20.066000 188 188 188
v -12.789796 8.678802 19.964399 188 188 188
v -12.789796 8.678802 19.964399 188 188 188
v -12.789796 8.577202 20.167601 188 188 188
v -12.789796 8.577202 20.320000 188 188 188
v -12.789796 8.577202 20.472401 188 188 188
v -12.789796 8.678802 19.964399 188 188 188
v -12.789796 8.678802 19.964399 188 188 188
v -12.789796 8.577202 20.472401 188 188 188
v -12.789796 8.577202 20.472401 188 188 188
v -12.789796 8.678802 20.472401 188 188 188
v -12.789796 8.678802 20.472401 188 188 188
v -12.688197 8.577202 20.472401 188 188 188
v -12.688197 8.577202 20.472401 188 188 188
v -12.688197 8.678802 20.472401 188 188 188
v -12.688197 8.678802 20.472401 188 188 188
v -12.688197 8.577202 20.828001 188 188 188
v -12.688197 8.577202 20.828001 188 188 188
v -12.688197 8.678802 20.828001 188 188 188
v -12.688197 8.678802 20.828001 188 188 188
v -12.230994 8.831202 20.828001 188 188 188
v -12.688197 8.729601 20.828001 188 188 188
v -12.688197 8.678802 20.828001 188 188 188
v -12.230994 8.831202 20.828001 188 188 188
v -12.688197 8.729601 20.472401 188 188 188
v -12.688197 8.729601 20.828001 188 188 188
v -12.688197 8.729601 20.472401 188 188 188
v -12.230994 8.831202 20.828001 188 188 188
v -12.688197 8.729601 20.472401 188 188 188
v -12.230994 8.831202 20.472401 188 188 188
v -12.230994 8.932801 20.472401 188 188 188
v -12.688197 8.729601 20.472401 188 188 188
v -12.688197 8.729601 20.472401 188 188 188
v -12.789796 8.729601 20.472401 188 188 188
v -12.688197 8.678802 20.472401 188 188 188
v -12.789796 8.729601 20.472401 188 188 188
v -12.230994 8.932801 20.472401 188 188 188
v -12.688197 8.729601 19.964399 188 188 188
v -12.230994 8.932801 20.472401 188 188 188
v -12.230994 8.932801 20.472401 188 188 188
v -12.230994 8.932801 19.964399 188 188 188
v -12.230994 8.932801 20.472401 188 188 188
v -12.230994 8.932801 19.964399 188 188 188
v -11.773797 9.034402 20.472401 188 188 188
v -11.265798 9.237600 19.964399 188 188 188
v -11.265798 9.237600 20.472401 188 188 188
v -11.113396 9.237600 19.964399 188 188 188
v -11.265798 9.237600 20.472401 188 188 188
v -11.113396 9.237600 19.964399 188 188 188
v -10.706995 9.339201 20.472401 188 188 188
v -9.132195 9.796401 19.964399 188 188 188
v -9.030596 9.898002 20.472401 188 188 188
v -8.522596 9.999601 19.964399 188 188 188
v -8.522596 9.999601 20.472401 188 188 188
v -8.370195 9.999601 20.828001 188 188 188
v -8.522596 9.999601 20.472401 188 188 188
v -8.827398 9.898002 20.828001 188 188 188
v -8.522596 9.999601 20.472401 188 188 188
v -8.522596 9.999601 20.472401 188 188 188
v -9.030596 9.898002 20.472401 188 188 188
v -8.827398 9.898002 20.472401 188 188 188
v -8.827398 9.898002 20.472401 188 188 188
v -9.030596 9.898002 20.472401 188 188 188
v -9.030596 9.898002 20.472401 188 188 188
v -9.589397 9.694800 20.472401 188 188 188
v -9.589397 9.694800 20.472401 188 188 188
v -9.589397 9.694800 19.964399 188 188 188
v -9.589397 9.694800 20.472401 188 188 188
v -10.148199 9.491600 19.964399 188 188 188
v -9.589397 9.694800 20.472401 188 188 188
v -9.589397 9.694800 20.472401 188 188 188
v -10.148199 9.491600 20.472401 188 188 188
v -9.690996 9.593201 20.472401 188 188 188
v -10.148199 9.491600 20.472401 188 188 188
v -10.148199 9.491600 20.472401 188 188 188
v -10.706995 9.339201 20.472401 188 188 188
v -10.452995 9.339201 20.472401 188 188 188
v -10.452995 9.339201 20.472401 188 188 188
v -10.706995 9.339201 20.472401 188 188 188
v -11.367395 9.136001 20.472401 188 188 188
v -10.452995 9.339201 20.472401 188 188 188
v -10.452995 9.339201 20.472401 188 188 188
v -10.452995 9.339201 20.828001 188 188 188
v -10.452995 9.339201 20.828001 188 188 188
v -7.404998 6.392801 20.828001 188 188 188
v -9.690996 9.593201 20.828001 188 188 188
v -9.690996 9.593201 20.828001 188 188 188
v -7.404998 6.392801 20.828001 188 188 188
v -8.827398 9.898002 20.828001 188 188 188
v -8.827398 9.898002 20.828001 188 188 188
v -9.690996 9.593201 20.472401 188 188 188
v -9.690996 9.593201 20.828001 188 188 188
v -7.404998 6.392801 20.828001 188 188 188
v -10.452995 9.339201 20.828001 188 188 188
v -12.230994 8.831202 20.828001 188 188 188
v -7.404998 6.392801 20.828001 188 188 188
v -11.367395 9.136001 20.828001 188 188 188
v -11.367395 9.136001 20.828001 188 188 188
v -11.367395 9.136001 20.472401 188 188 188
v -12.230994 8.831202 20.828001 188 188 188
v -7.404998 6.392801 20.828001 188 188 188
v -12.230994 8.831202 20.828001 188 188 188
v -12.230994 8.831202 20.828001 188 188 188
v -12.688197 8.374002 20.828001 188 188 188
v -12.688197 8.475601 20.828001 188 188 188
v -12.688197 8.374002 20.828001 188 188 188
v -12.688197 8.374002 20.828001 188 188 188
v -12.688197 8.475601 20.472401 188 188 188
v -12.789796 8.374002 20.472401 188 188 188
v -12.688197 8.374002 20.472401 188 188 188
v -12.688197 8.475601 20.472401 188 188 188
v -12.789796 8.374002 20.472401 188 188 188
v -12.688197 8.475601 20.472401 188 188 188
v -12.789796 8.475601 20.472401 188 188 188
v -12.789796 8.374002 20.472401 188 188 188
v -12.789796 8.475601 20.472401 188 188 188
v -12.688197 8.577202 20.472401 188 188 188
v -12.789796 8.475601 20.472401 188 188 188
v -12.688197 8.475601 20.472401 188 188 188
v -12.688197 8.374002 20.828001 188 188 188
v -12.688197 8.374002 20.472401 188 188 188
v -12.027797 6.291201 20.472401 188 188 188
v -12.027797 6.291201 20.828001 188 188 188
v -12.688197 8.374002 20.472401 188 188 188
v -12.027797 6.291201 20.828001 188 188 188
v -12.027797 6.291201 20.472401 188 188 188
v -7.404998 6.392801 20.828001 188 188 188
v -12.027797 6.291201 20.828001 188 188 188
v -11.468994 4.208400 20.828001 188 188 188
v -11.468994 4.208400 20.828001 188 188 188
v -6.846197 4.665601 20.828001 188 188 188
v -7.404998 6.392801 20.828001 188 188 188
v -6.846197 4.665601 20.828001 188 188 188
v -11.468994 4.208400 20.828001 188 188 188
v -10.808594 2.024001 20.828001 188 188 188
v -5.779395 1.160400 20.828001 188 188 188
v -6.846197 4.665601 20.828001 188 188 188
v -5.779395 1.160400 20.828001 188 188 188
v -10.808594 2.024001 20.828001 188 188 188
v -5.779395 1.160400 20.828001 188 188 188
v -10.148199 -0.058799 20.828001 188 188 188
v -9.487799 -2.243199 20.828001 188 188 188
v -5.779395 1.160400 20.828001 188 188 188
v -4.763396 -2.497200 20.828001 188 188 188
v -9.487799 -2.243199 20.828001 188 188 188
v -8.928997 -4.325999 20.828001 188 188 188
v -4.763396 -2.497200 20.828001 188 188 188
v -4.763396 -2.497200 20.828001 188 188 188
v -4.204594 -4.224399 20.828001 188 188 188
v -4.560199 -2.903600 19.964399 188 188 188
v -4.204594 -4.224399 20.828001 188 188 188
v -4.356996 -3.817999 19.964399 188 188 188
v -4.204594 -4.224399 20.828001 188 188 188
v -4.204594 -4.224399 19.964399 188 188 188
v -4.204594 -4.224399 20.828001 188 188 188
v -4.102995 -4.681599 19.964399 188 188 188
v -4.204594 -4.224399 20.828001 188 188 188
v -4.102995 -4.681599 19.964399 188 188 188
v -3.696595 -6.002400 20.828001 188 188 188
v -10.452995 0.500001 20.472401 188 188 188
v -10.452995 0.347600 19.964399 188 188 188
v -10.452995 0.500001 20.472401 188 188 188
v -11.265798 3.090801 20.472401 188 188 188
v -11.265798 3.090801 20.472401 188 188 188
v -11.265798 3.090801 19.964399 188 188 188
v -11.113396 2.582802 19.964399 188 188 188
v -11.265798 3.090801 20.472401 188 188 188
v -10.452995 0.500001 19.964399 188 188 188
v -11.265798 3.090801 20.472401 188 188 188
v -11.011797 2.125602 19.964399 188 188 188
v -2.680596 -9.710799 20.828001 188 188 188
v -2.680596 -9.609200 19.964399 188 188 188
v -2.680596 -9.710799 20.828001 188 188 188
v -2.680596 -9.710799 19.964399 188 188 188
v -2.680596 -9.710799 20.828001 188 188 188
v -2.782194 -9.406000 20.828001 188 188 188
v -2.782194 -9.406000 19.964399 188 188 188
v -2.782194 -9.304399 19.964399 188 188 188
v -2.782194 -9.406000 20.828001 188 188 188
v -2.883799 -9.152000 19.964399 188 188 188
v -2.883799 -9.152000 20.828001 188 188 188
v -2.883799 -9.152000 20.828001 188 188 188
v -2.883799 -8.948799 19.964399 188 188 188
v -3.036194 -8.593200 20.828001 188 188 188
v -3.036194 -8.593200 20.828001 188 188 188
v -3.036194 -8.491599 19.964399 188 188 188
v -1.613794 -8.186800 19.964399 188 188 188
v -1.054999 -8.186800 20.828001 188 188 188
v -3.137799 -8.288399 20.828001 188 188 188
v -1.613794 -8.186800 19.964399 188 188 188
v -3.137799 -8.288399 20.828001 188 188 188
v -1.054999 -8.186800 20.828001 188 188 188
v -3.137799 -8.288399 20.828001 188 188 188
v -3.239398 -7.831200 20.828001 188 188 188
v -1.054999 -8.186800 20.828001 188 188 188
v -3.239398 -7.831200 20.828001 188 188 188
v -3.239398 -7.628000 20.828001 188 188 188
v -3.239398 -7.628000 20.828001 188 188 188
v -3.239398 -7.831200 20.472401 188 188 188
v -3.239398 -7.831200 20.472401 188 188 188
v -3.239398 -7.628000 20.472401 188 188 188
v -3.340996 -7.323199 20.472401 188 188 188
v -3.239398 -7.628000 20.472401 188 188 188
v -3.239398 -7.526400 20.472401 188 188 188
v -3.239398 -7.628000 20.472401 188 188 188
v -3.239398 -7.526400 20.472401 188 188 188
v -3.239398 -7.526400 20.828001 188 188 188
v -3.239398 -7.424799 20.828001 188 188 188
v -3.239398 -7.526400 20.472401 188 188 188
v -3.239398 -7.424799 20.472401 188 188 188
v -3.239398 -7.424799 20.828001 188 188 188
v -3.239398 -7.221599 20.828001 188 188 188
v -3.239398 -7.424799 20.472401 188 188 188
v -3.239398 -7.221599 20.472401 188 188 188
v -3.340996 -7.323199 20.472401 188 188 188
v -3.239398 -7.424799 20.472401 188 188 188
v -3.340996 -7.323199 20.472401 188 188 188
v -3.239398 -7.221599 20.472401 188 188 188
v -3.340996 -7.323199 20.472401 188 188 188
v -3.340996 -7.069200 20.472401 188 188 188
v -3.340996 -7.069200 20.472401 188 188 188
v -3.340996 -7.323199 19.964399 188 188 188
v -3.340996 -7.323199 20.472401 188 188 188
v -3.340996 -7.323199 20.472401 188 188 188
v -3.544194 -6.865999 19.964399 188 188 188
v -3.340996 -6.764399 20.472401 188 188 188
v -3.340996 -6.865999 19.964399 188 188 188
v -3.340996 -6.967599 20.472401 188 188 188
v -3.340996 -6.764399 20.472401 188 188 188
v -3.340996 -6.764399 20.472401 188 188 188
v -3.239398 -6.865999 20.472401 188 188 188
v -3.239398 -6.662799 20.472401 188 188 188
v -3.239398 -6.865999 20.472401 188 188 188
v -3.239398 -6.865999 20.472401 188 188 188
v -3.239398 -6.662799 20.828001 188 188 188
v -3.239398 -6.865999 20.828001 188 188 188
v -1.054999 -8.186800 20.828001 188 188 188
v -3.239398 -6.662799 20.828001 188 188 188
v -3.239398 -6.662799 20.828001 188 188 188
v -1.054999 -8.186800 20.828001 188 188 188
v -3.239398 -6.561199 20.828001 188 188 188
v -1.054999 -8.186800 20.828001 188 188 188
v -3.239398 -6.408799 20.828001 188 188 188
v -3.239398 -6.561199 20.828001 188 188 188
v -3.239398 -6.561199 20.828001 188 188 188
v -3.239398 -6.408799 20.472401 188 188 188
v -3.239398 -6.408799 20.472401 188 188 188
v -3.239398 -6.561199 20.472401 188 188 188
v -3.239398 -6.561199 20.472401 188 188 188
v -3.340996 -6.408799 20.472401 188 188 188
v -3.340996 -6.561199 20.472401 188 188 188
v -3.340996 -6.408799 20.472401 188 188 188
v -3.340996 -6.408799 20.472401 188 188 188
v -3.340996 -6.561199 19.964399 188 188 188
v -3.340996 -6.561199 20.472401 188 188 188
v -3.340996 -6.764399 19.964399 188 188 188
v -1.054999 -8.186800 20.828001 188 188 188
v 0.062605 -8.186800 19.964399 188 188 188
v -1.054999 -8.186800 20.828001 188 188 188
v -1.054999 -8.186800 20.828001 188 188 188
v 1.027802 -8.186800 19.964399 188 188 188
v 1.027802 -8.186800 19.964399 188 188 188
v 1.027802 -8.186800 20.828001 188 188 188
v 1.485005 -8.186800 19.964399 188 188 188
v 1.027802 -8.186800 20.828001 188 188 188
v 1.027802 -8.186800 20.828001 188 188 188
v 2.450202 -8.186800 19.964399 188 188 188
v 2.450202 -8.186800 19.964399 188 188 188
v 3.009004 -8.186800 20.828001 188 188 188
v 3.009004 -8.186800 19.964399 188 188 188
v 3.009004 -8.186800 20.828001 188 188 188
v 3.669404 -8.186800 19.964399 188 188 188
v 3.009004 -8.186800 20.828001 188 188 188
v 3.009004 -8.186800 20.828001 188 188 188
v 4.126601 -8.186800 19.964399 188 188 188
v 17.487001 -6.408799 20.828001 188 188 188
v 17.487001 -6.408799 19.964399 188 188 188
v 17.487001 -6.408799 20.828001 188 188 188
v 13.524604 -6.408799 19.964399 188 188 188
v 12.559402 -6.408799 20.472401 188 188 188
v 17.487001 -6.408799 20.828001 188 188 188
v 12.559402 -6.408799 20.472401 188 188 188
v -3.239398 -6.408799 20.828001 188 188 188
v 17.487001 -6.408799 20.828001 188 188 188
v -3.239398 -6.408799 20.828001 188 188 188
v 17.487001 -6.408799 20.828001 188 188 188
v 7.174604 -8.186800 20.828001 188 188 188
v 17.487001 -6.408799 20.828001 188 188 188
v 9.257404 -8.186800 20.828001 188 188 188
v 17.487001 -6.408799 20.828001 188 188 188
v 11.238606 -8.186800 20.828001 188 188 188
v 17.487001 -6.408799 20.828001 188 188 188
v 13.423005 -8.186800 20.828001 188 188 188
v 17.487001 -6.408799 20.828001 188 188 188
v 15.404202 -8.186800 20.828001 188 188 188
v 17.487001 -8.186800 20.828001 188 188 188
v 15.404202 -8.186800 20.828001 188 188 188
v 15.404202 -8.186800 20.828001 188 188 188
v 13.423005 -8.186800 20.828001 188 188 188
v 13.423005 -8.186800 20.828001 188 188 188
v 11.238606 -8.186800 20.828001 188 188 188
v 11.238606 -8.186800 20.828001 188 188 188
v 9.257404 -8.186800 20.828001 188 188 188
v 9.257404 -8.186800 20.828001 188 188 188
v 7.174604 -8.186800 20.828001 188 188 188
v 7.174604 -8.186800 20.828001 188 188 188
v -3.239398 -6.408799 20.828001 188 188 188
v 7.174604 -8.186800 20.828001 188 188 188
v 5.193403 -8.186800 20.828001 188 188 188
v 5.193403 -8.186800 20.828001 188 188 188
v -3.239398 -6.408799 20.828001 188 188 188
v 3.009004 -8.186800 20.828001 188 188 188
v 12.559402 -6.408799 20.472401 188 188 188
v 12.559402 -6.408799 19.964399 188 188 188
v -3.239398 -6.408799 20.472401 188 188 188
v -3.239398 -6.408799 19.964399 188 188 188
v -3.239398 -6.408799 20.472401 188 188 188
v 12.559402 -6.408799 20.472401 188 188 188
v -0.292999 -6.408799 19.964399 188 188 188
v -3.239398 -6.408799 20.472401 188 188 188
v -0.292999 -6.408799 19.964399 188 188 188
v 12.559402 -6.408799 20.472401 188 188 188
v 9.816207 -6.408799 19.964399 188 188 188
v 13.524604 -6.408799 19.964399 188 188 188
v 17.487001 -6.408799 20.828001 188 188 188
v 16.267805 -6.408799 19.964399 188 188 188
v 17.487001 -6.408799 20.828001 188 188 188
v 17.487001 -8.186800 20.828001 188 188 188
v 17.487001 -6.967599 19.964399 188 188 188
v 17.487001 -6.967599 19.964399 188 188 188
v 17.487001 -8.186800 20.828001 188 188 188
v 17.487001 -7.831200 19.964399 188 188 188
v 17.487001 -8.186800 20.828001 188 188 188
v 16.826607 -8.186800 19.964399 188 188 188
v 17.487001 -8.186800 19.964399 188 188 188
v 17.487001 -8.186800 20.828001 188 188 188
v 16.826607 -8.186800 19.964399 188 188 188
v 15.404202 -8.186800 20.828001 188 188 188
v 15.861404 -8.186800 19.964399 188 188 188
v 15.404202 -8.186800 20.828001 188 188 188
v 14.845406 -8.186800 19.964399 188 188 188
v 15.404202 -8.186800 19.964399 188 188 188
v 15.404202 -8.186800 20.828001 188 188 188
v 14.845406 -8.186800 19.964399 188 188 188
v 13.423005 -8.186800 20.828001 188 188 188
v 13.423005 -8.186800 19.964399 188 188 188
v 13.880202 -8.186800 19.964399 188 188 188
v 13.423005 -8.186800 20.828001 188 188 188
v 13.423005 -8.186800 19.964399 188 188 188
v 11.238606 -8.186800 20.828001 188 188 188
v 12.356204 -8.186800 19.964399 188 188 188
v 11.238606 -8.186800 20.828001 188 188 188
v 11.238606 -8.186800 19.964399 188 188 188
v 11.899007 -8.186800 19.964399 188 188 188
v 11.238606 -8.186800 20.828001 188 188 188
v 11.238606 -8.186800 19.964399 188 188 188
v 9.257404 -8.186800 20.828001 188 188 188
v 10.273404 -8.186800 19.964399 188 188 188
v 9.257404 -8.186800 20.828001 188 188 188
v 9.816207 -8.186800 19.964399 188 188 188
v 9.257404 -8.186800 20.828001 188 188 188
v 8.698603 -8.186800 19.964399 188 188 188
v 9.257404 -8.186800 19.964399 188 188 188
v 9.257404 -8.186800 20.828001 188 188 188
v 8.698603 -8.186800 19.964399 188 188 188
v 7.174604 -8.186800 20.828001 188 188 188
v 7.631802 -8.186800 19.964399 188 188 188
v 7.174604 -8.186800 20.828001 188 188 188
v 6.615802 -8.186800 19.964399 188 188 188
v 7.174604 -8.186800 19.964399 188 188 188
v 7.174604 -8.186800 20.828001 188 188 188
v 6.615802 -8.186800 19.964399 188 188 188
v 5.193403 -8.186800 20.828001 188 188 188
v 5.193403 -8.186800 19.964399 188 188 188
v 5.650606 -8.186800 19.964399 188 188 188
v 5.193403 -8.186800 20.828001 188 188 188
v 5.193403 -8.186800 19.964399 188 188 188
v 5.193403 -8.186800 20.828001 188 188 188
v 3.009004 -8.186800 20.828001 188 188 188
v 3.009004 -8.186800 20.828001 188 188 188
v -3.239398 -6.408799 20.828001 188 188 188
v 1.027802 -8.186800 20.828001 188 188 188
v -3.340996 -6.408799 20.472401 188 188 188
v -3.340996 -6.408799 19.964399 188 188 188
v -3.340996 -6.510399 19.964399 188 188 188
v -3.340996 -6.561199 20.472401 188 188 188
v -3.340996 -6.561199 19.964399 188 188 188
v -3.340996 -6.662799 19.964399 188 188 188
v -3.239398 -6.561199 20.472401 188 188 188
v -3.340996 -6.561199 20.472401 188 188 188
v -3.239398 -6.662799 20.472401 188 188 188
v -3.239398 -6.408799 20.472401 188 188 188
v -3.340996 -6.408799 19.964399 188 188 188
v -3.340996 -6.408799 20.472401 188 188 188
v -3.239398 -6.561199 20.828001 188 188 188
v -3.239398 -6.561199 20.472401 188 188 188
v -3.239398 -6.662799 20.472401 188 188 188
v -3.239398 -6.408799 20.472401 188 188 188
v -3.239398 -6.408799 20.828001 188 188 188
v 12.559402 -6.408799 20.472401 188 188 188
v 1.027802 -8.186800 20.828001 188 188 188
v -3.239398 -6.408799 20.828001 188 188 188
v -1.054999 -8.186800 20.828001 188 188 188
v -1.054999 -8.186800 20.828001 188 188 188
v -3.239398 -6.865999 20.828001 188 188 188
v -3.239398 -6.967599 20.828001 188 188 188
v -3.239398 -6.865999 20.828001 188 188 188
v -3.239398 -6.967599 20.828001 188 188 188
v -3.239398 -6.967599 20.472401 188 188 188
v -3.239398 -7.069200 20.472401 188 188 188
v -3.239398 -6.967599 20.828001 188 188 188
v -3.239398 -7.069200 20.828001 188 188 188
v -3.239398 -7.069200 20.472401 188 188 188
v -3.239398 -7.221599 20.828001 188 188 188
v -3.239398 -7.221599 20.828001 188 188 188
v -1.054999 -8.186800 20.828001 188 188 188
v -3.239398 -7.069200 20.828001 188 188 188
v -3.239398 -6.967599 20.472401 188 188 188
v -3.340996 -7.069200 20.472401 188 188 188
v -3.239398 -7.069200 20.472401 188 188 188
v -3.340996 -7.069200 20.472401 188 188 188
v -3.239398 -6.967599 20.472401 188 188 188
v -3.340996 -6.967599 20.472401 188 188 188
v -3.340996 -7.069200 20.472401 188 188 188
v -3.340996 -6.967599 20.472401 188 188 188
v -3.340996 -6.967599 20.472401 188 188 188
v -3.340996 -7.069200 19.964399 188 188 188
v -3.239398 -7.069200 20.828001 188 188 188
v -1.054999 -8.186800 20.828001 188 188 188
v -3.239398 -6.967599 20.828001 188 188 188
v -3.239398 -6.865999 20.828001 188 188 188
v -3.239398 -6.865999 20.472401 188 188 188
v -3.239398 -6.967599 20.472401 188 188 188
v -3.239398 -6.662799 20.472401 188 188 188
v -3.239398 -6.662799 20.828001 188 188 188
v -3.239398 -6.561199 20.828001 188 188 188
v -3.340996 -6.764399 20.472401 188 188 188
v -3.239398 -6.662799 20.472401 188 188 188
v -3.340996 -6.561199 20.472401 188 188 188
v -3.239398 -6.865999 20.472401 188 188 188
v -3.340996 -6.967599 20.472401 188 188 188
v -3.239398 -6.967599 20.472401 188 188 188
v -3.340996 -6.764399 19.964399 188 188 188
v -3.340996 -6.764399 20.472401 188 188 188
v -3.340996 -6.561199 20.472401 188 188 188
v -3.340996 -6.967599 19.964399 188 188 188
v -3.340996 -6.967599 20.472401 188 188 188
v -3.340996 -6.865999 19.964399 188 188 188
v -3.696595 -6.002400 19.964399 188 188 188
v -3.696595 -6.002400 20.828001 188 188 188
v -3.340996 -7.323199 20.472401 188 188 188
v -3.696595 -6.002400 20.828001 188 188 188
v -3.239398 -7.831200 20.828001 188 188 188
v -3.340996 -7.323199 20.472401 188 188 188
v -7.709795 -8.491599 20.828001 188 188 188
v -3.239398 -7.831200 20.828001 188 188 188
v -3.696595 -6.002400 20.828001 188 188 188
v -3.696595 -6.002400 20.828001 188 188 188
v -7.709795 -8.491599 20.828001 188 188 188
v -3.340996 -7.069200 20.472401 188 188 188
v -3.340996 -7.069200 19.964399 188 188 188
v -3.340996 -7.170800 19.964399 188 188 188
v -3.340996 -7.323199 19.964399 188 188 188
v -3.442595 -7.069200 19.964399 188 188 188
v -3.340996 -7.323199 20.472401 188 188 188
v -3.239398 -7.069200 20.472401 188 188 188
v -3.340996 -7.069200 20.472401 188 188 188
v -3.239398 -7.221599 20.472401 188 188 188
v -3.239398 -7.221599 20.472401 188 188 188
v -3.239398 -7.221599 20.828001 188 188 188
v -3.239398 -7.069200 20.472401 188 188 188
v -3.239398 -7.424799 20.828001 188 188 188
v -1.054999 -8.186800 20.828001 188 188 188
v -3.239398 -7.221599 20.828001 188 188 188
v -3.239398 -7.526400 20.828001 188 188 188
v -1.054999 -8.186800 20.828001 188 188 188
v -3.239398 -7.424799 20.828001 188 188 188
v -3.239398 -7.424799 20.472401 188 188 188
v -3.340996 -7.323199 20.472401 188 188 188
v -3.239398 -7.526400 20.472401 188 188 188
v -3.239398 -7.628000 20.472401 188 188 188
v -3.239398 -7.628000 20.828001 188 188 188
v -3.239398 -7.526400 20.828001 188 188 188
v -3.239398 -7.831200 20.472401 188 188 188
v -3.340996 -7.323199 20.472401 188 188 188
v -3.239398 -7.831200 20.828001 188 188 188
v -3.239398 -7.628000 20.828001 188 188 188
v -1.054999 -8.186800 20.828001 188 188 188
v -3.239398 -7.526400 20.828001 188 188 188
v -1.054999 -8.186800 19.964399 188 188 188
v -0.394598 -8.186800 19.964399 188 188 188
v -1.054999 -8.186800 20.828001 188 188 188
v -3.137799 -8.288399 19.964399 188 188 188
v -2.680596 -8.288399 19.964399 188 188 188
v -3.137799 -8.288399 20.828001 188 188 188
v -3.036194 -8.593200 19.964399 188 188 188
v -2.883799 -9.152000 20.828001 188 188 188
v -2.934596 -8.847199 19.964399 188 188 188
v -3.696595 -6.002400 19.964399 188 188 188
v -3.798193 -5.545199 19.964399 188 188 188
v -3.696595 -6.002400 20.828001 188 188 188
v -8.268597 -6.408799 20.828001 188 188 188
v -3.696595 -6.002400 20.828001 188 188 188
v -4.204594 -4.224399 20.828001 188 188 188
v -4.204594 -4.224399 20.828001 188 188 188
v -8.928997 -4.325999 20.828001 188 188 188
v -8.268597 -6.408799 20.828001 188 188 188
v -8.268597 -6.408799 20.472401 188 188 188
v -8.268597 -6.408799 20.828001 188 188 188
v -8.928997 -4.325999 20.828001 188 188 188
v -8.268597 -6.408799 20.828001 188 188 188
v -8.268597 -6.408799 20.472401 188 188 188
v -7.709795 -8.491599 20.472401 188 188 188
v -9.487799 -2.243199 20.828001 188 188 188
v -9.487799 -2.243199 20.472401 188 188 188
v -8.928997 -4.325999 20.828001 188 188 188
v -10.148199 -0.058799 20.828001 188 188 188
v -10.148199 -0.058799 20.472401 188 188 188
v -9.487799 -2.243199 20.828001 188 188 188
v -10.148199 -0.058799 20.472401 188 188 188
v -10.148199 -0.058799 20.828001 188 188 188
v -10.808594 2.024001 20.828001 188 188 188
v -10.808594 2.024001 20.472401 188 188 188
v -10.808594 2.024001 20.828001 188 188 188
v -11.468994 4.208400 20.828001 188 188 188
v -12.688197 8.475601 20.472401 188 188 188
v -12.688197 8.475601 20.828001 188 188 188
v -12.688197 8.577202 20.472401 188 188 188
v -7.404998 6.392801 20.828001 188 188 188
v -12.688197 8.374002 20.828001 188 188 188
v -12.027797 6.291201 20.828001 188 188 188
v -10.452995 9.339201 20.828001 188 188 188
v -11.367395 9.136001 20.472401 188 188 188
v -11.367395 9.136001 20.828001 188 188 188
v -10.706995 9.339201 20.472401 188 188 188
v -10.148199 9.491600 20.472401 188 188 188
v -10.605396 9.390001 19.964399 188 188 188
v -10.148199 9.491600 20.472401 188 188 188
v -10.706995 9.339201 20.472401 188 188 188
v -10.605396 9.390001 19.964399 188 188 188
v -10.452995 9.339201 20.472401 188 188 188
v -9.690996 9.593201 20.828001 188 188 188
v -9.690996 9.593201 20.472401 188 188 188
v -10.249798 9.491600 19.964399 188 188 188
v -10.148199 9.491600 20.472401 188 188 188
v -10.148199 9.491600 19.964399 188 188 188
v -9.690996 9.694800 19.964399 188 188 188
v -9.792595 9.593201 19.964399 188 188 188
v -9.589397 9.694800 20.472401 188 188 188
v -9.690996 9.593201 20.472401 188 188 188
v -8.827398 9.898002 20.472401 188 188 188
v -9.589397 9.694800 20.472401 188 188 188
v -9.030596 9.898002 20.472401 188 188 188
v -8.522596 9.999601 20.472401 188 188 188
v -9.690996 9.593201 20.472401 188 188 188
v -8.827398 9.898002 20.828001 188 188 188
v -8.827398 9.898002 20.472401 188 188 188
v -8.827398 9.898002 20.828001 188 188 188
v -7.404998 6.392801 20.828001 188 188 188
v -8.370195 9.999601 20.828001 188 188 188
v -8.928997 9.898002 19.964399 188 188 188
v -8.522596 9.999601 20.472401 188 188 188
v -8.624195 9.999601 19.964399 188 188 188
v -8.522596 9.999601 19.964399 188 188 188
v -8.370195 9.999601 20.828001 188 188 188
v -8.370195 9.999601 19.964399 188 188 188
v -9.030596 9.898002 19.964399 188 188 188
v -9.030596 9.898002 20.472401 188 188 188
v -8.928997 9.898002 19.964399 188 188 188
v -9.589397 9.694800 19.964399 188 188 188
v -9.030596 9.898002 20.472401 188 188 188
v -9.284595 9.796401 19.964399 188 188 188
v -10.808594 9.339201 19.964399 188 188 188
v -10.706995 9.339201 20.472401 188 188 188
v -10.706995 9.339201 19.964399 188 188 188
v -11.367395 9.136001 20.472401 188 188 188
v -10.706995 9.339201 20.472401 188 188 188
v -11.265798 9.237600 20.472401 188 188 188
v -11.265798 9.237600 20.472401 188 188 188
v -11.773797 9.034402 20.472401 188 188 188
v -11.367395 9.136001 20.472401 188 188 188
v -12.230994 8.831202 20.472401 188 188 188
v -11.367395 9.136001 20.472401 188 188 188
v -11.773797 9.034402 20.472401 188 188 188
v -11.773797 9.034402 20.472401 188 188 188
v -11.265798 9.237600 20.472401 188 188 188
v -11.773797 9.034402 19.964399 188 188 188
v -11.265798 9.237600 20.472401 188 188 188
v -11.367395 9.237600 19.964399 188 188 188
v -11.468994 9.136001 19.964399 188 188 188
v -11.265798 9.237600 20.472401 188 188 188
v -11.773797 9.034402 19.964399 188 188 188
v -11.875396 9.034402 19.964399 188 188 188
v -11.773797 9.034402 20.472401 188 188 188
v -12.789796 8.729601 20.472401 188 188 188
v -12.789796 8.678802 19.964399 188 188 188
v -12.332599 8.932801 19.964399 188 188 188
v -12.434197 8.831202 19.964399 188 188 188
v -12.230994 8.932801 20.472401 188 188 188
v -12.789796 8.729601 19.964399 188 188 188
v -12.789796 8.729601 20.472401 188 188 188
v -12.688197 8.729601 19.964399 188 188 188
v -11.773797 9.034402 20.472401 188 188 188
v -12.230994 8.932801 20.472401 188 188 188
v -12.230994 8.831202 20.472401 188 188 188
v -12.230994 8.831202 20.472401 188 188 188
v -12.230994 8.831202 20.828001 188 188 188
v -11.367395 9.136001 20.472401 188 188 188
v -12.688197 8.475601 20.828001 188 188 188
v -12.230994 8.831202 20.828001 188 188 188
v -12.688197 8.577202 20.828001 188 188 188
v -12.688197 8.678802 20.472401 188 188 188
v -12.688197 8.678802 20.828001 188 188 188
v -12.688197 8.729601 20.472401 188 188 188
v -12.688197 8.577202 20.828001 188 188 188
v -12.688197 8.577202 20.472401 188 188 188
v -12.688197 8.475601 20.828001 188 188 188
v -12.789796 8.678802 20.472401 188 188 188
v -12.688197 8.678802 20.472401 188 188 188
v -12.789796 8.729601 20.472401 188 188 188
v -12.789796 8.678802 19.964399 188 188 188
v -12.789796 8.678802 20.472401 188 188 188
v -12.789796 8.729601 20.472401 188 188 188
v -12.789796 8.577202 20.320000 188 188 188
v -12.789796 8.577202 20.167601 188 188 188
v -12.840598 8.577202 20.269201 188 188 188
v -12.840598 8.577202 20.269201 188 188 188
v -12.789796 8.577202 20.472401 188 188 188
v -12.789796 8.577202 20.320000 188 188 188
v -12.688197 8.577202 20.472401 188 188 188
v -12.789796 8.577202 20.472401 188 188 188
v -12.789796 8.475601 20.472401 188 188 188
v -12.789796 8.475601 20.472401 188 188 188
v -12.789796 8.475601 19.964399 188 188 188
v -12.789796 8.374002 19.964399 188 188 188
v -12.891395 8.577202 20.472401 188 188 188
v -12.891395 8.577202 20.167601 188 188 188
v -12.840598 8.577202 20.066000 188 188 188
v -12.789796 8.577202 20.066000 188 188 188
v -12.789796 8.577202 19.964399 188 188 188
v -12.840598 8.577202 20.066000 188 188 188
v -12.891395 8.577202 19.964399 188 188 188
v -12.891395 8.577202 20.066000 188 188 188
v -12.840598 8.577202 20.015202 188 188 188
v -8.370195 9.999601 20.828001 188 188 188
v -7.404998 6.392801 20.828001 188 188 188
v -8.370195 9.999601 19.964399 188 188 188
v -7.404998 6.392801 19.964399 188 188 188
v -7.404998 6.392801 20.828001 188 188 188
v -6.846197 4.665601 20.828001 188 188 188
v -6.541394 3.649601 19.964399 188 188 188
v -6.846197 4.665601 20.828001 188 188 188
v -5.779395 1.160400 20.828001 188 188 188
v -5.525395 0.144401 19.964399 188 188 188
v -5.779395 1.160400 20.828001 188 188 188
v -4.763396 -2.497200 20.828001 188 188 188
v -5.525395 0.144401 19.964399 188 188 188
v -4.763396 -2.497200 20.828001 188 188 188
v -4.966594 -1.735199 19.964399 188 188 188
v -4.763396 -2.497200 20.828001 188 188 188
v -4.763396 -2.497200 20.828001 188 188 188
v -4.560199 -2.903600 19.964399 188 188 188
v -4.763396 -2.497200 19.964399 188 188 188
v -11.468994 3.649601 19.964399 188 188 188
v -12.027797 5.732400 20.472401 188 188 188
v -12.027797 5.732400 20.472401 188 188 188
v -11.926198 5.326001 19.964399 188 188 188
v -12.789796 8.374002 19.964399 188 188 188
v -12.688197 7.815201 19.964399 188 188 188
v -12.789796 8.374002 20.472401 188 188 188
v -12.027797 5.732400 19.964399 188 188 188
v -12.027797 5.732400 20.472401 188 188 188
v -12.230994 6.189600 19.964399 188 188 188
v -12.789796 8.374002 20.472401 188 188 188
v -12.027797 6.291201 20.472401 188 188 188
v -12.688197 8.374002 20.472401 188 188 188
v -11.468994 4.208400 20.472401 188 188 188
v -11.468994 4.208400 20.828001 188 188 188
v -12.027797 6.291201 20.472401 188 188 188
v -11.468994 3.649601 19.964399 188 188 188
v -11.265798 3.090801 20.472401 188 188 188
v -12.027797 5.732400 20.472401 188 188 188
v -11.468994 4.208400 20.828001 188 188 188
v -11.468994 4.208400 20.472401 188 188 188
v -10.808594 2.024001 20.472401 188 188 188
v -10.452995 0.500001 19.964399 188 188 188
v -10.452995 0.500001 20.472401 188 188 188
v -11.265798 3.090801 20.472401 188 188 188
v -10.808594 2.024001 20.828001 188 188 188
v -10.808594 2.024001 20.472401 188 188 188
v -10.148199 -0.058799 20.472401 188 188 188
v -9.690996 -2.243199 20.472401 188 188 188
v -10.452995 0.500001 20.472401 188 188 188
v -9.690996 -2.243199 20.472401 188 188 188
v -9.792595 -1.836799 19.964399 188 188 188
v -9.690996 -2.243199 20.472401 188 188 188
v -9.690996 -2.243199 19.964399 188 188 188
v -9.487799 -2.243199 20.472401 188 188 188
v -9.487799 -2.243199 20.828001 188 188 188
v -10.148199 -0.058799 20.472401 188 188 188
v -8.928997 -4.325999 20.472401 188 188 188
v -8.928997 -4.325999 20.828001 188 188 188
v -9.487799 -2.243199 20.472401 188 188 188
v -8.928997 -4.325999 20.828001 188 188 188
v -8.928997 -4.325999 20.472401 188 188 188
v -8.268597 -6.408799 20.472401 188 188 188
v -7.709795 -8.491599 20.472401 188 188 188
v -8.268597 -6.408799 20.472401 188 188 188
v -8.166998 -7.526400 20.472401 188 188 188
v -7.404998 -10.066400 20.472401 188 188 188
v -7.404998 -10.066400 19.964399 188 188 188
v -7.303394 -10.676000 19.964399 188 188 188
v -7.404998 -10.066400 20.472401 188 188 188
v -7.404998 -10.066400 20.472401 188 188 188
v -7.201795 -11.133200 19.964399 188 188 188
v -4.458594 -12.250799 19.964399 188 188 188
v -4.560199 -12.352400 20.828001 188 188 188
v -4.763396 -12.352400 19.964399 188 188 188
v -4.560199 -12.352400 19.964399 188 188 188
v -4.560199 -12.352400 20.828001 188 188 188
v -4.560199 -12.352400 20.828001 188 188 188
v -4.306199 -12.250799 19.964399 188 188 188
v -3.899798 -12.149199 19.964399 188 188 188
v -3.798193 -12.047600 20.828001 188 188 188
v -4.560199 -12.352400 20.828001 188 188 188
v -3.798193 -12.047600 20.828001 188 188 188
v -7.100196 -10.726799 20.828001 188 188 188
v -4.560199 -12.352400 20.828001 188 188 188
v -4.560199 -12.352400 20.828001 188 188 188
v -7.100196 -10.726799 20.828001 188 188 188
v -5.322198 -12.555599 20.828001 188 188 188
v -3.899798 -12.149199 19.964399 188 188 188
v -3.798193 -12.047600 20.828001 188 188 188
v -3.798193 -12.047600 19.964399 188 188 188
v -3.798193 -12.047600 20.828001 188 188 188
v -4.763396 -12.352400 19.964399 188 188 188
v -4.560199 -12.352400 20.828001 188 188 188
v -5.322198 -12.555599 20.828001 188 188 188
v -5.322198 -12.555599 20.828001 188 188 188
v -7.100196 -10.726799 20.828001 188 188 188
v -5.779395 -12.657200 20.828001 188 188 188
v -5.779395 -12.657200 20.828001 188 188 188
v -7.100196 -10.726799 20.828001 188 188 188
v -6.185796 -12.707999 20.828001 188 188 188
v -6.185796 -12.707999 20.828001 188 188 188
v -7.100196 -10.726799 20.828001 188 188 188
v -6.541394 -12.707999 20.472401 188 188 188
v -6.541394 -12.707999 20.828001 188 188 188
v -7.100196 -10.726799 20.828001 188 188 188
v -6.185796 -12.707999 20.828001 188 188 188
v -6.541394 -12.707999 20.828001 188 188 188
v -6.388999 -12.707999 20.472401 188 188 188
v -6.541394 -12.707999 20.472401 188 188 188
v -6.388999 -12.707999 20.472401 188 188 188
v -6.541394 -12.707999 20.828001 188 188 188
v -6.642999 -12.707999 19.964399 188 188 188
v -6.541394 -12.707999 19.964399 188 188 188
v -6.642999 -12.707999 20.472401 188 188 188
v -6.642999 -12.707999 19.964399 188 188 188
v -6.642999 -12.707999 20.472401 188 188 188
v -7.404998 -10.066400 20.472401 188 188 188
v -8.166998 -7.526400 20.472401 188 188 188
v -7.404998 -10.066400 20.472401 188 188 188
v -7.709795 -8.491599 20.472401 188 188 188
v -7.709795 -8.491599 20.472401 188 188 188
v -7.709795 -8.491599 20.828001 188 188 188
v -8.268597 -6.408799 20.828001 188 188 188
v -7.100196 -10.726799 20.828001 188 188 188
v -7.100196 -10.726799 20.472401 188 188 188
v -6.541394 -12.707999 20.472401 188 188 188
v -7.709795 -8.491599 20.828001 188 188 188
v -3.137799 -8.288399 20.828001 188 188 188
v -3.239398 -7.831200 20.828001 188 188 188
v -3.137799 -8.288399 20.828001 188 188 188
v -3.036194 -8.593200 20.828001 188 188 188
v -3.137799 -8.288399 19.964399 188 188 188
v -3.036194 -8.593200 20.828001 188 188 188
v -2.883799 -9.152000 20.828001 188 188 188
v -3.036194 -8.593200 19.964399 188 188 188
v -2.883799 -9.152000 20.828001 188 188 188
v -2.782194 -9.406000 20.828001 188 188 188
v -2.883799 -9.152000 19.964399 188 188 188
v -2.782194 -9.406000 20.828001 188 188 188
v -2.680596 -9.710799 20.828001 188 188 188
v -2.782194 -9.406000 19.964399 188 188 188
v -2.680596 -9.710799 20.828001 188 188 188
v -2.578997 -10.066400 20.828001 188 188 188
v -2.680596 -9.812399 19.964399 188 188 188
v -2.578997 -10.066400 19.964399 188 188 188
v -2.578997 -10.066400 20.828001 188 188 188
v -2.680596 -9.812399 19.964399 188 188 188
v -2.578997 -10.066400 20.828001 188 188 188
v -2.578997 -9.964799 19.964399 188 188 188
v -9.792595 -1.836799 19.964399 188 188 188
v -10.452995 0.500001 20.472401 188 188 188
v -10.351397 -0.058799 19.964399 188 188 188
v -9.030596 -4.325999 19.964399 188 188 188
v -9.690996 -2.243199 20.472401 188 188 188
v -9.589397 -2.700399 19.964399 188 188 188
v -9.030596 -4.325999 19.964399 188 188 188
v -8.928997 -4.783199 19.964399 188 188 188
v -8.928997 -4.783199 20.472401 188 188 188
v -3.594996 -11.996799 19.964399 188 188 188
v -3.239398 -11.895200 19.964399 188 188 188
v -3.798193 -12.047600 20.828001 188 188 188
v -2.477398 -10.371200 20.828001 188 188 188
v -7.100196 -10.726799 20.828001 188 188 188
v -3.798193 -12.047600 20.828001 188 188 188
v -2.477398 -10.371200 19.964399 188 188 188
v -2.477398 -10.371200 20.828001 188 188 188
v -2.375794 -10.726799 20.828001 188 188 188
v -2.375794 -10.726799 20.828001 188 188 188
v -2.274195 -11.031600 20.828001 188 188 188
v -2.375794 -10.726799 19.964399 188 188 188
v -2.274195 -11.031600 19.964399 188 188 188
v -2.274195 -11.031600 20.828001 188 188 188
v -2.274195 -11.234799 20.828001 188 188 188
v -2.223399 -11.336400 20.116800 188 188 188
v -2.274195 -11.234799 20.828001 188 188 188
v -2.223399 -11.336400 20.472401 188 188 188
v -2.223399 -11.387200 20.472401 188 188 188
v 19.011005 -8.389999 20.472401 188 188 188
v -2.223399 -11.336400 20.472401 188 188 188
v -2.223399 -11.488799 20.472401 188 188 188
v -2.223399 -11.387200 20.472401 188 188 188
v -2.223399 -11.488799 20.828001 188 188 188
v -2.223399 -11.336400 20.828001 188 188 188
v -2.680596 -11.691999 20.828001 188 188 188
v -2.223399 -11.387200 20.828001 188 188 188
v -2.223399 -11.488799 20.828001 188 188 188
v -2.223399 -11.590400 20.828001 188 188 188
v -2.223399 -11.488799 20.472401 188 188 188
v -2.223399 -11.488799 20.472401 188 188 188
v 19.011005 -8.389999 20.472401 188 188 188
v -2.223399 -11.387200 20.472401 188 188 188
v -2.223399 -11.590400 20.066000 188 188 188
v -2.223399 -11.590400 20.472401 188 188 188
v -2.274195 -11.590400 20.828001 188 188 188
v -2.223399 -12.707999 19.964399 188 188 188
v -2.223399 -12.707999 20.472401 188 188 188
v 1.688202 -12.707999 19.964399 188 188 188
v -2.223399 -12.707999 20.472401 188 188 188
v 5.549001 -12.707999 19.964399 188 188 188
v -2.223399 -12.707999 20.472401 188 188 188
v 19.011005 -12.707999 20.472401 188 188 188
v -2.223399 -12.707999 20.472401 188 188 188
v 19.011005 -12.707999 19.964399 188 188 188
v 19.011005 -12.707999 19.964399 188 188 188
v 19.011005 -12.707999 20.472401 188 188 188
v -2.223399 -11.590400 19.964399 188 188 188
v -2.223399 -11.590400 20.066000 188 188 188
v -2.274195 -11.590400 20.828001 188 188 188
v 19.011005 -11.234799 19.964399 188 188 188
v 19.011005 -12.707999 20.472401 188 188 188
v 19.011005 -11.996799 19.964399 188 188 188
v 19.011005 -8.389999 20.472401 188 188 188
v -2.223399 -12.707999 20.472401 188 188 188
v 19.011005 -12.707999 20.472401 188 188 188
v 1.688202 -8.389999 19.964399 188 188 188
v 19.011005 -8.389999 20.472401 188 188 188
v 15.201004 -8.389999 19.964399 188 188 188
v -3.036194 -11.895200 19.964399 188 188 188
v -3.036194 -11.895200 20.828001 188 188 188
v -2.934596 -11.793599 19.964399 188 188 188
v -3.036194 -11.895200 20.828001 188 188 188
v -2.680596 -11.691999 19.964399 188 188 188
v -3.036194 -11.895200 20.828001 188 188 188
v -2.883799 -11.793599 19.964399 188 188 188
v -2.680596 -11.691999 19.964399 188 188 188
v -2.680596 -11.691999 20.828001 188 188 188
v -2.578997 -11.691999 19.964399 188 188 188
v -2.680596 -11.691999 20.828001 188 188 188
v -2.477398 -11.691999 19.964399 188 188 188
v -2.274195 -11.590400 19.964399 188 188 188
v -2.680596 -11.691999 20.828001 188 188 188

f 5054 4906 5040
f 5987 4648 5988
f 5989 5990 5041
f 5073 5071 4663
f 5991 4649 5992
f 4907 5993 5994
f 5995 5996 5997
f 5998 5999 4918
f 6000 6001 4979
f 6002 4978 6003
f 4977 6004 6005
f 6006 4964 6007
f 6008 6009 5070
f 6010 6011 6012
f 4965 6013 6014
f 6015 6016 4908
f 6017 4909 6018
f 4963 6019 6020
f 6021 4983 6022
f 6023 6024 6025
f 6026 6027 4985
f 6028 4984 6029
f 6030 6031 5099
f 6032 6033 4986
f 6034 6035 4997
f 6036 4998 6037
f 6038 6039 5304
f 6040 5301 6041
f 5060 4910 5053
f 6042 6043 6044
f 6045 6046 6047
f 5089 6048 6049
f 6050 5074 6051
f 5076 6052 6053
f 6054 6055 5122
f 6056 6057 6058
f 6059 5077 6060
f 6061 6062 6063
f 5289 6064 6065
f 6066 5947 6067
f 6068 5949 6069
f 5282 6070 6071
f 5281 5944 6072
f 6073 6074 6075
f 5268 6076 6077
f 6078 5267 6079
f 5975 6080 6081
f 6082 4996 6083
f 4966 6084 6085
f 6086 6087 4995
f 6088 6089 4967
f 6090 6091 4968
f 6092 6093 4994
f 6094 6095 5000
f 6096 5001 6097
f 4919 6098 6099
f 6100 4900 6101
f 6102 6103 4923
f 6104 4678 6105
f 4643 6106 6107
f 6108 6109 4658
f 6110 4676 6111
f 6112 4672 6113
f 4644 6114 6115
f 6116 4653 6117
f 6118 4655 6119
f 4654 6120 6121
f 6122 4670 6123
f 6124 4681 6125
f 6126 5655 6127
f 4988 6128 6129
f 6130 5958 6131
f 6132 5957 6133
f 6134 5956 6135
f 4987 6136 6137
f 6138 5951 6139
f 5950 6140 6141
f 4902 5616 5968
f 5967 6142 6143
f 5667 6144 6145
f 6146 6147 6148
f 6149 6150 5346
f 4958 5349 5348
f 6151 6152 6153
f 6154 5141 6155
f 6156 6157 6158
f 6159 6160 4901
f 6161 6162 4921
f 6163 4920 6164
f 5169 6165 6166
f 6167 6168 4922
f 6169 4962 6170
f 4961 6171 6172
f 6173 4960 6174
f 4959 6175 6176
f 6177 4954 6178
f 4953 6179 6180
f 6181 6182 4935
f 6183 4934 6184
f 5432 6185 6186
f 6187 6188 5433
f 5013 5430 5447
f 6189 5443 6190
f 5448 6191 6192
f 5509 5520 5022
f 6193 6194 6195
f 6196 5521 6197
f 5522 6198 6199
f 5106 5016 5529
f 5528 6200 6201
f 6202 6203 6204
f 5032 5466 5463
f 5034 6205 6206
f 6207 6208 5465
f 6209 5475 6210
f 6211 5036 6212
f 6213 5035 6214
f 6215 6216 6217
f 6218 6219 6220
f 6221 6222 6223
f 6224 6225 6226
f 6227 6228 5476
f 4952 6229 6230
f 6231 4938 6232
f 6233 6234 4940
f 6235 6236 6237
f 6238 6239 5449
f 6240 6241 5501
f 6242 6243 6244
f 6245 5469 6246
f 6247 5493 6248
f 6249 6250 6251
f 5450 6252 6253
f 6254 6255 6256
f 4941 6257 6258
f 6259 4939 6260
f 4942 6261 6262
f 6263 5023 6264
f 5028 6265 6266
f 6267 5019 6268
f 6269 6270 5030
f 6271 4955 6272
f 6273 6274 6275
f 6276 6277 4957
f 6278 6279 4956
f 6280 4943 6281
f 6282 6283 6284
f 5636 6285 6286
f 6287 6288 5640
f 5650 6289 5649
f 6290 6291 4932
f 6292 6293 5651
f 5546 4931 5544
f 5556 6294 6295
f 6296 6297 4947
f 6298 6299 5557
f 5602 5600 4949
f 6300 6301 5603
f 5628 4948 5105
f 6302 6303 5027
f 5026 6304 6305
f 4950 6306 6307
f 6308 6309 6310
f 4951 6311 6312
f 6313 5595 6314
f 5594 6315 6316
f 5685 6317 5686
f 6318 4946 6319
f 6320 6321 4945
f 4944 6322 6323
f 6324 6325 6326
f 4933 6327 6328
f 6329 5025 6330
f 5029 6331 6332
f 6333 6334 6335
f 6336 6337 6338
f 6339 6340 6341
f 5024 6342 6343
f 6344 6345 6346
f 6347 6348 6349
f 5017 6350 6351
f 6352 5020 6353
f 6354 4937 6355
f 4936 6356 6357
f 6358 6359 6360
f 6361 6362 6363
f 5483 6364 6365
f 6366 6367 6368
f 6369 6370 5018
f 6371 6372 6373
f 6374 6375 5021
f 6376 6377 6378
f 6379 6380 6381
f 6382 6383 5014
f 6384 6385 6386
f 6387 6388 5015
f 6389 6390 4981
f 6391 4980 6392
f 6393 6394 4982
f 6395 4993 6396
f 5417 6397 6398
f 6399 6400 5416
f 5413 6401 6402
f 5236 6403 6404
f 6405 6406 4992
f 6407 6408 5235
f 6409 5381 5375
f 6410 5365 6411
f 5756 6412 5744
f 6413 6414 5389
f 6415 5386 6416
f 6417 6418 6419
f 5255 6420 5939
f 5970 6421 6422
f 5941 6423 6424
f 5446 6425 5935
f 6426 6427 6428
f 6429 5934 6430
f 5977 6431 6432
f 5978 5931 6433
f 5249 6434 6435
f 5272 5778 4971
f 6436 6437 6438
f 6439 6440 5248
f 6441 5004 6442
f 6443 6444 4989
f 4903 6445 6446
f 6447 4904 6448
f 6449 6450 4905
f 4925 6451 6452
f 4990 6453 6454
f 6455 6456 4972
f 6457 4924 6458
f 6459 6460 4973
f 6461 4914 6462
f 6463 6464 6465
f 6466 6467 4912
f 5142 6468 6469
f 6470 5148 6471
f 5245 5239 6472
f 5238 6473 6474
f 4917 5156 5157
f 6475 6476 4915
f 6477 4916 6478
f 4928 6479 6480
f 4976 6481 6482
f 6483 4975 6484
f 6485 6486 6487
f 6488 6489 5003
f 6490 6491 4970
f 6492 4930 6493
f 4926 6494 6495
f 6496 4929 6497
f 4927 6498 6499
f 5146 6500 6501
f 6502 5164 6503
f 6504 5163 6505
f 5777 5783 6506
f 6507 5785 6508
f 4969 6509 6510
f 6511 5790 6512
f 6513 5788 6514
f 5002 6515 6516
f 6517 5787 6518
f 6519 5795 6520
f 6521 5798 6522
f 5799 6523 6524
f 5007 5895 5872
f 5876 6525 6526
f 5880 5885 5875
f 6527 6528 6529
f 6530 6531 6532
f 6533 6534 5006
f 6535 6536 5012
f 6537 6538 5011
f 6539 6540 5008
f 6541 6542 5009
f 6543 6544 5010
f 6545 6546 5844
f 6547 6548 5842
f 6549 6550 5840
f 6551 6552 5827
f 6553 6554 5814
f 6555 6556 5005
f 6557 6558 5808
f 6559 6560 6561
f 5886 6562 6563
f 5143 6564 5890
f 6565 6566 5883
f 6567 6568 6569
f 6570 6571 6572
f 6573 6574 6575
f 6576 6577 6578
f 6579 6580 5899
f 5845 6581 6582
f 6583 6584 6585
f 5811 6586 6587
f 5843 6588 6589
f 6590 6591 6592
f 5841 6593 6594
f 6595 6596 6597
f 5839 6598 6599
f 5828 6600 6601
f 6602 6603 6604
f 5836 6605 6606
f 5826 6607 6608
f 5824 6609 6610
f 6611 6612 6613
f 5813 6614 6615
f 5812 6616 6617
f 6618 6619 6620
f 5807 6621 6622
f 6623 6624 6625
f 6626 6627 6628
f 6629 6630 6631
f 6632 6633 6634
f 6635 6636 6637
f 6638 6639 6640
f 6641 6642 6643
f 6644 6645 6646
f 6647 6648 6649
f 6650 6651 6652
f 4974 6653 6654
f 4911 6655 6656
f 6657 6658 4913
f 6659 5031 6660
f 6661 6662 6663
f 6664 6665 6666
f 6667 6668 6669
f 6670 6671 6672
f 5150 6673 6674
f 6675 5161 6676
f 6677 6678 6679
f 6680 6681 6682
f 6683 6684 6685
f 6686 6687 6688
f 6689 6690 6691
f 6692 6693 6694
f 6695 6696 6697
f 6698 6699 6700
f 6701 6702 6703
f 6704 6705 6706
f 6707 4991 6708
f 6709 6710 6711
f 6712 6713 6714
f 6715 6716 6717
f 6718 6719 6720
f 6721 6722 6723
f 6724 6725 6726
f 6727 6728 6729
f 6730 6731 6732
f 6733 6734 6735
f 6736 6737 6738
f 6739 6740 6741
f 6742 6743 6744
f 6745 6746 6747
f 6748 6749 6750
f 6751 6752 6753
f 6754 6755 6756
f 6757 6758 6759
f 6760 6761 6762
f 6763 6764 6765
f 6766 6767 6768
f 6769 6770 6771
f 6772 6773 6774
f 6775 6776 6777
f 6778 6779 6780
f 6781 6782 6783
f 5581 6784 6785
f 6786 6787 5582
f 5572 6788 6789
f 6790 6791 6792
f 6793 6794 6795
f 6796 6797 6798
f 6799 6800 6801
f 5606 6802 6803
f 6804 6805 6806
f 6807 6808 6809
f 6810 6811 6812
f 6813 6814 6815
f 6816 6817 6818
f 6819 6820 6821
f 6822 6823 6824
f 6825 6826 6827
f 6828 6829 6830
f 6831 6832 6833
f 5654 6834 6835
f 6836 6837 5657
f 6838 6839 6840
f 6841 6842 6843
f 6844 5494 6845
f 6846 6847 6848
f 6849 6850 6851
f 6852 6853 6854
f 6855 6856 6857
f 6858 6859 6860
f 6861 6862 6863
f 6864 6865 6866
f 6867 6868 6869
f 6870 6871 6872
f 6873 6874 6875
f 6876 6877 6878
f 6879 6880 6881
f 6882 6883 6884
f 6885 6886 6887
f 6888 6889 6890
f 6891 6892 6893
f 6894 6895 6896
f 6897 6898 6899
f 6900 6901 6902
f 6903 6904 6905
f 6906 6907 5431
f 5428 6908 6909
f 6910 6911 6912
f 6913 6914 5743
f 6915 5741 6916
f 6917 6918 6919
f 6920 6921 6922
f 6923 6924 6925
f 6926 6927 6928
f 6929 6930 6931
f 6932 6933 6934
f 6935 6936 6937
f 6938 6939 6940
f 5360 6941 6942
f 5359 6943 6944
f 6945 6946 5357
f 6947 6948 6949
f 6950 6951 6952
f 6953 6954 6955
f 6956 6957 6958
f 6959 6960 5966
f 6961 5964 6962
f 4659 6963 6964
f 5953 5340 4999
f 5952 6965 6966
f 6967 6968 6969
f 5322 6970 6971
f 6972 6973 6974
f 6975 6976 6977
f 6978 6979 6980
f 6981 5318 6982
f 6983 5317 6984
f 6985 6986 6987
f 6988 6989 6990
f 6991 6992 6993
f 6994 6995 4645
f 6996 6997 6998
f 6999 7000 7001
f 7002 7003 7004
f 7005 7006 7007
f 7008 7009 7010
f 7011 7012 7013
f 7014 7015 7016
f 7017 7018 7019
f 7020 7021 7022
f 7023 7024 7025
f 7026 7027 7028
f 7029 7030 7031
f 7032 7033 7034
f 7035 7036 7037
f 7038 5974 7039
f 7040 7041 7042
f 7043 7044 7045
f 7046 7047 7048
f 7049 7050 7051
f 7052 7053 7054
f 7055 7056 7057
f 7058 7059 7060
f 7061 7062 7063
f 7064 7065 7066
f 7067 7068 7069
f 7070 7071 7072
f 7073 7074 7075
f 7076 7077 7078
f 7079 7080 7081
f 7082 7083 7084
f 7085 7086 7087
f 7088 4656 7089
f 7090 4657 7091
f 7092 4650 7093
f 7094 7095 7096
f 7097 5049 7098
f 7099 7100 7101
f 7102 7103 7104
f 7105 7106 7107
f 7108 7109 7110
f 7111 5299 7112
f 7113 5124 7114
f 7115 7116 7117
f 7118 5098 7119
f 7120 5126 7121
f 7122 7123 7124

usemtl BaseColor_0
f 4640 4641 4642
f 4640 4642 4646
f 4640 4646 4695
f 4646 5087 4695
f 5069 4695 5087
f 5300 5302 5110
f 5102 5110 4721
f 4721 4708 5102
f 4708 4707 5102
f 5101 5102 4707
f 5104 5101 4707
f 5101 5104 5103
f 5104 5102 5103
f 5102 5101 5103
f 4706 4707 4708
f 4708 4715 4706
f 4706 4715 4716
f 4696 4706 4716
f 4696 4716 4697
f 4695 4696 4697
f 4697 4745 4695
f 4712 4695 4745
f 4745 5120 4712
f 4712 5120 5091
f 4712 5091 4699
f 4712 4699 4641
f 4698 4641 4699
f 4699 5048 4698
f 4699 5055 5048
f 5056 5048 5055
f 5046 5048 5051
f 5051 5048 5052
f 5046 5047 5048
f 5045 5048 5047
f 5044 5048 5045
f 4642 5044 5050
f 4642 5050 5043
f 4642 5043 5042
f 4642 5042 4665
f 4665 4664 4642
f 4664 4669 4642
f 4669 4668 4642
f 4668 4667 4642
f 4667 4666 4642
f 4666 4647 4642
f 5305 5313 5303
f 5313 5314 5303
f 5310 5303 5314
f 5184 5321 5320
f 5185 5184 5320
f 5185 5320 5186
f 5186 5320 5961
f 5186 5961 4757
f 5184 5186 4757
f 5110 5184 4757
f 5961 5959 4757
f 5959 4756 4757
f 4757 4756 4752
f 4868 4757 4752
f 4869 4868 4752
f 4870 4869 4752
f 4871 4870 4752
f 4721 4871 4752
f 4721 4752 4716
f 4720 4721 4716
f 4722 4720 4716
f 4708 4722 4716
f 4721 4720 4722
f 4752 4760 4716
f 4760 4758 4716
f 4758 4759 4716
f 4759 5350 4716
f 5138 4716 5350
f 5139 5138 5350
f 5358 5114 5113
f 5114 5361 5113
f 5362 5113 5361
f 5364 4724 5362
f 4867 5362 4724
f 4867 4724 4717
f 4717 5111 4867
f 5111 5113 4867
f 5111 5112 5113
f 5115 5113 5112
f 5114 5115 5112
f 4717 5112 5111
f 4734 5112 4717
f 4717 4697 4734
f 4739 4697 4717
f 4717 4744 4739
f 4743 4739 4744
f 5200 4743 4744
f 5200 4744 5201
f 5507 5200 5508
f 5508 5753 5507
f 5269 5270 5266
f 4739 5269 5266
f 5266 4746 4739
f 4746 4747 4739
f 4747 4746 5286
f 5286 4797 4747
f 4747 4797 4748
f 4748 4745 4747
f 5121 4745 4748
f 4745 5121 5119
f 5086 5120 5090
f 5086 5090 5081
f 5085 5086 5081
f 5085 5081 5080
f 5085 5080 5078
f 5085 5078 5079
f 5085 5079 5084
f 5085 5084 5058
f 5058 4699 5085
f 5092 5085 4699
f 5092 5120 5085
f 5057 4699 5058
f 5059 4699 5057
f 5085 5120 5086
f 5279 5948 5945
f 5279 5945 5286
f 5946 5945 5948
f 5280 4746 5283
f 5283 4746 5285
f 5271 5266 5265
f 5264 5265 5266
f 5284 5285 4746
f 5279 4746 5280
f 5735 5945 5946
f 5735 5121 4797
f 4748 4797 5121
f 4797 5286 5735
f 5279 5286 4746
f 4746 5266 5284
f 5264 5266 5270
f 5732 5733 5519
f 5647 5954 5955
f 4774 5231 5647
f 4785 4774 5647
f 5647 5646 4785
f 4789 4785 5646
f 4789 5646 5720
f 4789 5720 5644
f 4787 4789 5644
f 4787 5644 5643
f 5643 5698 4787
f 4791 4787 5698
f 4787 4791 4775
f 4786 4787 4775
f 4788 4786 4775
f 4789 4788 4775
f 4787 4786 4788
f 4791 4790 4775
f 4790 4683 4775
f 4662 4775 4683
f 4662 4683 4671
f 4662 4671 4682
f 4682 4652 4662
f 4652 4651 4662
f 4651 4661 4662
f 4661 4674 4662
f 4675 4662 4674
f 4675 4674 5673
f 4675 5673 4793
f 4675 4793 4794
f 4675 4794 4767
f 4675 4767 4769
f 4767 4768 4769
f 4778 4769 4768
f 4792 4778 4768
f 4792 4768 4890
f 4891 4792 4890
f 4891 4890 4889
f 4889 5669 4891
f 5568 4891 5669
f 5669 5670 5568
f 5568 5670 5671
f 5563 5568 5671
f 5564 5563 5671
f 5564 5565 5566
f 5567 5564 5566
f 5570 5569 5571
f 5569 4892 5571
f 4892 5569 5559
f 5559 5567 4892
f 5569 5570 5559
f 5570 5560 5559
f 5558 5559 5560
f 5560 4892 5558
f 4891 5558 4892
f 4891 5559 5558
f 5560 5570 4892
f 5570 4775 4892
f 4792 4892 4775
f 4769 4792 4775
f 5334 4775 5570
f 4775 5334 5338
f 4775 5338 4781
f 4775 4781 4885
f 4751 4775 4885
f 4751 4885 4752
f 4750 4751 4752
f 4753 4750 4752
f 4754 4753 4752
f 4755 4754 4752
f 4755 4872 4754
f 4751 4754 4872
f 4751 4872 4756
f 4872 4755 4756
f 4751 4753 4754
f 4751 4750 4753
f 4751 4777 4775
f 4777 4776 4775
f 4776 4773 4775
f 4773 4774 4775
f 4774 4773 4776
f 4774 4776 4777
f 4774 4777 4751
f 4752 4885 4781
f 5330 4752 4781
f 5328 5330 4781
f 4781 4896 5328
f 4896 4752 5328
f 5329 5328 4752
f 4752 5337 5329
f 5337 5183 5329
f 5329 5183 5599
f 5599 5198 5329
f 5599 5611 5198
f 5212 5198 5611
f 5212 5611 5183
f 5611 5599 5183
f 5183 5337 5198
f 5337 4752 5198
f 5328 5329 5198
f 4752 4896 4780
f 4780 5598 4752
f 5598 5215 4752
f 5183 4752 5215
f 5212 5214 5576
f 5614 5212 5576
f 5613 5614 5576
f 5612 5613 5576
f 5334 5635 5613
f 5613 5610 5334
f 5610 5331 5334
f 5331 5198 5334
f 5198 5333 5334
f 5333 5212 5334
f 5334 5212 5335
f 5335 5336 5334
f 5583 5334 5336
f 4784 5583 5336
f 4784 5336 5596
f 5596 5635 4784
f 4784 5635 5597
f 4784 5597 4782
f 4784 4782 4781
f 4782 4783 4781
f 4783 4779 4781
f 4779 4780 4781
f 4779 5576 4780
f 5576 4779 5577
f 4782 5577 4779
f 5585 4782 4779
f 5584 5585 4779
f 5585 5584 5597
f 5597 5634 5585
f 5634 4782 5585
f 4782 5634 5635
f 4779 4783 5584
f 4783 4782 5584
f 4782 5597 5584
f 5634 5597 5635
f 5212 5635 5596
f 5583 4784 5338
f 5336 5335 5596
f 5212 5596 5335
f 5212 5333 5613
f 5333 5198 5613
f 5331 5610 5198
f 5610 5613 5198
f 5613 5635 5212
f 5577 4782 5635
f 5183 5617 5343
f 5343 5181 5183
f 5182 4760 5183
f 5181 5343 5182
f 5344 5182 5343
f 5345 5344 5343
f 5347 4758 5344
f 5182 5344 4758
f 5617 5183 5619
f 5619 5618 5617
f 5618 5619 5612
f 5619 5196 5612
f 5196 5195 5612
f 5198 5612 5195
f 5197 5183 5331
f 5331 5332 5197
f 5332 5331 5612
f 5183 5613 5331
f 5332 5198 5197
f 5198 5332 5612
f 5196 5619 5183
f 5435 5218 5434
f 5434 5218 5738
f 5218 5211 5738
f 5211 5737 5738
f 5737 5736 5738
f 5740 5739 5742
f 5739 5223 5742
f 5193 5742 5223
f 5193 5224 5747
f 5224 5902 5747
f 5902 5903 5747
f 5903 4894 5747
f 5905 5747 4894
f 5905 4894 5904
f 5904 5862 5905
f 5906 5905 5862
f 5752 5906 5862
f 5194 5752 5862
f 5192 5194 5862
f 5192 5862 5859
f 5909 5192 5859
f 5859 5915 5909
f 5915 5905 5909
f 5909 5905 5761
f 5905 5915 5863
f 4802 5905 5863
f 4802 5863 5862
f 4802 5858 5905
f 5985 5905 5858
f 5863 5985 5858
f 5863 5858 5367
f 5860 5863 5367
f 5859 5860 5367
f 5861 5859 5367
f 5192 5861 5367
f 5752 5192 5367
f 5752 5751 5746
f 5747 5752 5746
f 5746 4864 5745
f 5913 5745 4864
f 4803 5913 4864
f 4725 4803 4864
f 4725 4864 4802
f 4802 4859 4725
f 4725 4859 4765
f 4765 4898 4725
f 5371 4725 4898
f 4898 5370 5371
f 5370 5216 5371
f 5374 5371 5216
f 5216 5689 5374
f 5373 5374 5689
f 5414 5373 5689
f 5418 5414 5689
f 5418 5689 5179
f 5419 5418 5179
f 5179 5427 5419
f 5427 5424 5419
f 5405 5429 5408
f 5408 5406 5405
f 5404 5405 5406
f 5404 5406 5407
f 5415 5404 5407
f 5415 5407 5202
f 5202 5441 5415
f 5415 5441 5442
f 5292 5288 4811
f 4811 5293 5292
f 5293 4811 5287
f 5351 5293 5287
f 5351 5287 4812
f 5376 5351 4812
f 5376 4812 4814
f 4814 5517 5376
f 5376 5517 5516
f 5725 5525 5524
f 5116 5117 5109
f 5116 5109 5530
f 5116 5530 5631
f 5725 5925 5107
f 5926 5107 5925
f 5923 5926 5925
f 4816 5923 5925
f 5923 4816 4847
f 4846 4847 4816
f 4816 4818 4846
f 4818 4857 4846
f 4857 4829 4846
f 4829 4857 5172
f 5171 4829 5172
f 5172 5173 5171
f 5171 5173 5174
f 5173 5278 5174
f 5173 5928 5278
f 5928 4829 5278
f 4837 4829 5928
f 5929 4837 5928
f 4837 5929 5517
f 5714 5517 5929
f 5929 5173 5714
f 5173 5715 5714
f 5173 5716 5715
f 4837 4838 4829
f 4829 4838 4814
f 4828 4829 4814
f 4834 4828 4814
f 4813 4834 4814
f 4813 4814 4686
f 4850 4813 4686
f 4815 4850 4686
f 4801 4815 4686
f 4685 4801 4686
f 4684 4685 4686
f 4684 4686 4694
f 4694 4689 4684
f 4689 5482 4684
f 5682 4684 5482
f 5482 5481 5682
f 5481 5480 5682
f 5683 5682 5480
f 5676 5683 5480
f 5676 5480 5506
f 5506 5484 5676
f 5484 5675 5676
f 5675 5484 5678
f 5037 5471 5539
f 5471 5474 5539
f 5474 5460 5539
f 5460 5451 5539
f 5451 5534 5539
f 5534 5535 5539
f 5537 5539 5535
f 4684 5537 5535
f 4684 5535 4801
f 4684 5536 5537
f 5536 5506 5537
f 5506 5536 5549
f 5506 5549 5681
f 5681 4684 5506
f 5506 4684 5680
f 5680 5675 5506
f 5682 5675 5680
f 5681 4882 4684
f 4882 5548 4684
f 5548 5549 4684
f 5549 5548 5734
f 5731 5549 5734
f 5734 5222 5436
f 5222 5220 5436
f 5221 5436 5220
f 5221 5217 5435
f 5217 5219 5435
f 5219 5609 5435
f 5609 5574 5435
f 4690 5435 5574
f 4690 5574 4687
f 4690 4687 4689
f 4691 4690 4689
f 4691 5608 4690
f 5608 5218 4690
f 5608 5574 5218
f 4691 5574 5608
f 5575 5574 4691
f 4687 5575 4691
f 4687 4691 4693
f 4820 4687 4693
f 4693 5551 4820
f 5551 5555 4820
f 5555 5554 4820
f 5553 4820 5554
f 5554 5211 5553
f 5552 5553 5211
f 5222 5552 5211
f 5222 4882 5552
f 5552 4882 5553
f 4820 5553 4882
f 4881 4820 4882
f 4881 4882 4688
f 4687 4881 4688
f 4882 5549 4688
f 4881 4819 4820
f 4819 4881 5574
f 5555 5894 5554
f 5894 5736 5554
f 5736 5894 4693
f 4693 5555 5736
f 5211 5736 5555
f 5211 5555 4692
f 4692 5209 5211
f 5209 5736 5210
f 5736 5209 5739
f 5210 5736 5211
f 5894 5555 4693
f 5555 5551 4692
f 5551 4693 4692
f 4819 4687 4820
f 4692 4693 4691
f 4694 4692 4691
f 4692 4694 4761
f 4692 4761 4762
f 4692 4762 4763
f 4692 4763 4764
f 4692 4764 4765
f 4765 4895 4692
f 4692 4895 4894
f 4802 4894 4895
f 4765 4802 4895
f 4802 4765 4860
f 4765 4764 4763
f 5384 4765 4763
f 4763 5424 5384
f 5383 5384 5424
f 4763 5385 5424
f 5668 5424 5385
f 5384 5668 5385
f 5384 5385 4694
f 5202 5384 4694
f 4694 5203 5202
f 5288 5204 5203
f 5203 5287 5288
f 4836 5287 5203
f 4810 5287 4836
f 4811 4810 4836
f 4811 4836 4686
f 4686 4812 4811
f 4810 4811 4812
f 5204 5288 5441
f 5203 4694 4836
f 5384 5202 5177
f 5384 5177 5382
f 5382 5177 5179
f 5179 5424 5382
f 5424 5179 5423
f 5424 5423 5177
f 5180 5177 5423
f 5423 5191 5180
f 5191 5423 5178
f 5179 5178 5423
f 5177 5202 5424
f 5668 5384 5382
f 5424 5668 5382
f 4763 4694 5385
f 5383 4765 5384
f 4765 5383 5372
f 5370 5372 5383
f 4763 4762 4694
f 4762 4766 4694
f 4762 4761 4766
f 4694 4766 4761
f 5575 4687 4819
f 5574 5575 4819
f 4687 4688 4689
f 4689 4688 5731
f 4881 4687 5574
f 5609 5218 5574
f 5219 5218 5609
f 5436 5221 5435
f 5734 4882 5222
f 5549 5731 4688
f 5548 4882 5734
f 4882 5681 5549
f 5536 4684 5549
f 5537 5506 5539
f 5535 5534 4801
f 5534 5451 4801
f 4801 5451 5452
f 4801 5452 5486
f 5486 5452 5451
f 4815 5486 5451
f 5479 4815 5451
f 5503 5479 5451
f 5495 5503 5451
f 5496 5495 5451
f 5504 5496 5451
f 5502 5504 5451
f 5499 5502 5451
f 5500 5499 5451
f 5451 5478 5500
f 5478 5464 5500
f 5492 5500 5464
f 5485 5480 5464
f 5464 5484 5485
f 5496 5503 5637
f 5637 5502 5496
f 5637 5500 5502
f 5502 5500 5479
f 5500 5477 5479
f 5477 5478 5479
f 5453 5479 5478
f 5453 5478 5491
f 5453 5491 5473
f 5453 5451 5454
f 5454 5505 5453
f 5505 5454 5979
f 5979 4815 5505
f 4815 5979 5980
f 4815 5980 4853
f 5979 4853 5980
f 5638 4853 5979
f 5638 5979 5489
f 4850 5514 5515
f 5514 4850 5648
f 5648 4850 5971
f 5648 5971 5641
f 4850 5641 5971
f 5656 5664 5515
f 5662 5515 5664
f 5545 5661 5660
f 5545 5660 5658
f 5258 5561 4835
f 5550 5258 4835
f 5550 4835 5542
f 5550 5542 5547
f 5547 5542 5543
f 5547 5543 5545
f 5540 5545 5543
f 5633 5545 5540
f 5540 4835 5633
f 5633 4835 5632
f 4840 5632 4835
f 4835 4839 4840
f 4840 4839 4829
f 4839 4835 4829
f 4835 4831 4829
f 4831 4830 4829
f 4830 4823 4829
f 4823 4879 4829
f 4879 4843 4829
f 4843 4845 4829
f 4845 4848 4829
f 4848 4827 4829
f 4827 4826 4829
f 4825 4829 4826
f 4824 4825 4826
f 4824 4877 4825
f 4877 4824 4851
f 4877 4851 4829
f 4851 4852 4829
f 4852 4847 4829
f 4876 4847 4852
f 4816 4876 4852
f 4876 4816 5926
f 4816 5096 5926
f 5096 5924 5926
f 5924 5096 5725
f 5725 5986 5924
f 5986 5107 5924
f 5107 5986 5526
f 5725 5096 4816
f 4847 4876 5926
f 4851 4816 4852
f 4824 4816 4851
f 4816 4824 4827
f 4827 5095 4816
f 5094 4816 5095
f 5094 5095 5601
f 5064 5094 5601
f 5702 5064 5601
f 5605 5624 5604
f 5622 5604 5624
f 5620 5622 5624
f 5624 5625 5620
f 5620 5625 5623
f 5064 5604 5621
f 5096 5097 5064
f 5532 5064 5097
f 5097 4857 5532
f 5532 4857 5531
f 4817 5531 4857
f 5531 4817 5064
f 4816 5064 4817
f 5532 5531 5064
f 5096 4857 5097
f 5109 4857 5096
f 5096 5107 5109
f 5109 5107 5630
f 5533 5724 5629
f 5724 5533 5107
f 4874 5237 5234
f 5234 4726 4874
f 4725 4874 4726
f 4725 4726 4727
f 4727 4799 4725
f 4799 4873 4725
f 4873 4733 4725
f 4732 4725 4733
f 4732 4733 4735
f 4732 4735 4728
f 4728 4717 4732
f 4717 4719 4732
f 4732 4719 4731
f 4731 5377 4732
f 5379 4732 5377
f 5377 5380 5379
f 5378 5379 5380
f 5366 5129 4719
f 5366 4719 5920
f 5366 5920 5363
f 5920 5128 5363
f 5128 5134 5363
f 5134 5226 5363
f 5226 5918 5363
f 5918 5919 5363
f 5919 4718 5363
f 4723 5363 4718
f 4717 4723 4718
f 5363 4723 5364
f 4718 5919 4730
f 4730 4719 4718
f 5919 5918 4730
f 5918 5226 4730
f 5225 4730 5226
f 4730 5225 4731
f 5225 5369 4731
f 5133 5129 5225
f 5129 5133 5128
f 5134 5128 5133
f 5128 5920 4719
f 5128 4719 5129
f 5369 5225 5129
f 5378 5387 5870
f 5403 5378 5870
f 5403 5870 5402
f 5403 5402 5379
f 5402 5864 5379
f 5864 4806 5379
f 4806 5864 5870
f 5864 5402 5870
f 5870 5387 4806
f 5402 4806 5387
f 5401 5402 5387
f 5400 5401 5387
f 5388 5400 5387
f 5400 5388 4893
f 5356 4893 5388
f 5391 5393 5388
f 5390 5391 5388
f 5367 4805 5355
f 4861 5355 4805
f 4805 4883 4861
f 4807 4861 4883
f 4725 4807 4883
f 4725 4883 4884
f 4725 4884 4805
f 4861 4807 4809
f 4893 4861 4809
f 4893 4809 4866
f 4893 4866 4806
f 4866 4808 4806
f 4806 4808 4809
f 4808 4866 4809
f 4809 4807 4806
f 4732 4806 4807
f 4805 4884 4883
f 4805 5367 4802
f 4802 4804 4805
f 4805 4804 4803
f 4802 4803 4804
f 4802 5907 4803
f 5907 5908 4803
f 5908 5907 5911
f 5910 5908 5911
f 5863 5910 5911
f 5916 5863 5911
f 4802 5916 5911
f 5916 4802 5908
f 5863 5916 5908
f 5917 5863 5908
f 5917 5908 5859
f 5859 5912 5917
f 5912 5859 5908
f 5912 5863 5917
f 5910 5863 5912
f 5908 5910 5912
f 5907 4802 5911
f 5754 5367 5755
f 5367 5754 5758
f 5758 5749 5367
f 5750 5749 5758
f 5745 5750 5758
f 5393 5394 5388
f 5355 4861 5356
f 5396 5397 5394
f 5397 5398 5394
f 5398 5399 5394
f 5388 5394 5399
f 4893 5356 4861
f 5401 5400 4893
f 5402 5401 4893
f 4806 5402 4893
f 5379 5378 5403
f 4732 5379 4806
f 5377 4731 5369
f 4730 4731 4719
f 4717 4718 4719
f 4717 4728 4729
f 4717 4729 4742
f 4717 4742 4711
f 4717 4711 4710
f 4717 4710 4737
f 4717 4737 4749
f 4749 4741 4717
f 4865 4717 4741
f 4705 4865 4741
f 4740 4705 4741
f 4740 4703 4705
f 4703 4704 4705
f 4703 4772 4704
f 4744 4704 4772
f 4740 4772 4703
f 4740 5205 4772
f 4772 5206 5753
f 5760 5753 5206
f 5759 5753 5760
f 5759 5760 5938
f 5937 5252 5256
f 5445 5937 5256
f 5445 5256 5444
f 5262 5242 5243
f 5147 5149 5153
f 5153 5244 5147
f 5240 5241 5136
f 5135 5136 5137
f 5135 5244 5921
f 4728 5921 5244
f 4728 5244 5168
f 4728 5168 4714
f 5168 5152 4714
f 5152 5160 4714
f 5154 4714 5160
f 5167 5145 5158
f 5158 4714 5167
f 5167 4714 5166
f 5165 5166 4714
f 5162 5165 4714
f 5162 4714 5155
f 4714 5158 4701
f 4701 4713 4714
f 4713 4729 4714
f 4713 4863 4729
f 4729 4863 5246
f 4729 5246 5247
f 4863 4862 5246
f 5242 5246 4862
f 4862 4713 5242
f 4713 4862 4863
f 4701 4738 4713
f 4713 4738 5794
f 5794 5792 4713
f 5791 4713 5792
f 5779 5780 4713
f 5780 5243 4713
f 5797 5779 4713
f 5784 5797 4713
f 5786 5784 4713
f 5793 5786 4713
f 4702 5897 5896
f 4702 5898 5897
f 5874 4800 5878
f 5878 4800 5877
f 5877 4800 5881
f 5888 4800 5887
f 5887 4800 5889
f 5889 4800 5158
f 5889 5158 5884
f 5882 5158 5892
f 5892 5158 5891
f 5891 5158 5144
f 5884 5158 5882
f 5893 4800 5888
f 5879 4800 5893
f 5881 4800 5879
f 5871 4800 5874
f 5873 4800 5871
f 5873 5901 4800
f 4702 4800 5901
f 4800 4702 4701
f 4700 4701 4702
f 4700 4702 5846
f 4702 5901 5900
f 4702 5900 5898
f 4702 5896 5837
f 5837 5838 4702
f 5838 5810 4702
f 5810 5809 4702
f 5809 5856 4702
f 5856 5855 4702
f 5855 5854 4702
f 5854 5853 4702
f 5853 5852 4702
f 5852 5851 4702
f 5851 5850 4702
f 5850 5849 4702
f 5849 5848 4702
f 5848 5846 4702
f 5846 5847 4700
f 5847 5857 4700
f 5857 5835 4700
f 5835 5834 4700
f 5834 5833 4700
f 5833 5832 4700
f 5832 5831 4700
f 5831 5830 4700
f 5830 5829 4700
f 5829 5823 4700
f 5823 5805 4700
f 5805 5802 4700
f 4738 4700 5802
f 4738 5802 5796
f 5796 5782 4738
f 5781 4738 5782
f 5789 4738 5781
f 5800 5801 5802
f 5804 5800 5802
f 5802 5805 5804
f 5823 5822 5805
f 5822 5818 5805
f 5818 5816 5805
f 5816 5817 5805
f 5817 5825 5805
f 5825 5821 5805
f 5821 5820 5805
f 5820 5819 5805
f 5819 5815 5805
f 5815 5806 5805
f 5806 5803 5805
f 5803 5804 5805
f 5793 4713 5791
f 5794 4738 5789
f 4701 4700 4738
f 4701 5158 4800
f 5144 5158 5145
f 5159 5151 5153
f 5152 5153 5151
f 5154 5155 4714
f 5168 5153 5152
f 4728 5922 5921
f 4728 4875 5922
f 4726 5922 4875
f 5233 5922 4726
f 4727 4875 4728
f 5233 5921 5922
f 5137 5244 5135
f 5168 5244 5153
f 5159 5153 5149
f 5243 5242 4713
f 5242 5247 5246
f 5247 5251 4729
f 5250 4729 5251
f 5250 5275 4729
f 5275 5250 5274
f 5275 5274 5276
f 5275 5276 5277
f 5277 4888 5275
f 4742 5275 4888
f 4888 5277 4886
f 4886 4887 4888
f 4711 4888 4887
f 4711 4887 5421
f 5438 4711 5421
f 5421 5437 5438
f 5437 5439 5438
f 5439 5773 5438
f 5773 5774 5438
f 5774 5773 5437
f 5933 5774 5437
f 5774 5933 5776
f 5774 5776 5766
f 4770 5774 5766
f 4770 5766 5762
f 4770 5762 4771
f 4711 4770 4771
f 4771 5764 4711
f 5764 5762 4711
f 4711 5762 5439
f 5439 4709 4711
f 4709 5439 5440
f 5440 4710 4709
f 4710 5440 5256
f 5256 4736 4710
f 5439 5770 5774
f 5775 5774 5770
f 5772 5775 5770
f 5770 5767 5772
f 5767 5766 5772
f 5772 5766 5768
f 5771 5772 5768
f 5770 5771 5768
f 5768 5769 5770
f 5769 5766 5770
f 5766 5769 5765
f 5769 5768 5765
f 5765 5768 4771
f 5771 5770 5421
f 5770 5776 5421
f 5772 5771 5421
f 5766 5763 5768
f 5763 5762 5768
f 5763 5766 5439
f 5766 5767 5439
f 5767 5770 5439
f 5762 5763 5439
f 5762 5764 5768
f 5764 4771 5768
f 5762 5765 4771
f 5765 5762 5766
f 4711 5774 4770
f 5776 5770 5766
f 5933 5421 5776
f 5773 5439 5437
f 5421 5933 5437
f 4711 5438 5774
f 5932 5421 4887
f 5422 5932 4887
f 5274 5422 4887
f 5932 5422 5439
f 5421 5932 5439
f 4887 4886 5420
f 5420 5276 4887
f 5420 4886 5277
f 5277 5276 5420
f 5274 4887 5276
f 5273 5274 5250
f 5422 5274 5273
f 5422 5421 5439
f 5440 5444 5256
f 4736 5256 5252
f 5252 4737 4736
f 5252 5253 4737
f 5254 4737 5253
f 5254 4798 4737
f 4798 5254 5205
f 5205 5254 5257
f 5257 5760 5205
f 5257 5938 5760
f 5205 4740 4798
f 4740 4749 4798
f 4865 4705 4704
f 4717 4865 4704
f 4740 4741 4749
f 4737 4798 4749
f 4736 4737 4710
f 4709 4710 4711
f 4888 4711 4742
f 4742 4729 5275
f 4728 4714 4729
f 4735 4799 4728
f 4725 4732 4807
f 4733 4873 4735
f 4799 4735 4873
f 4799 4727 4728
f 4875 4727 4726
f 4726 5234 5233
f 5237 4874 4725
f 5409 5410 5412
f 5410 5411 5412
f 5373 5412 5411
f 5587 5693 5586
f 5694 5586 5693
f 5690 5190 5694
f 5187 5694 5190
f 5189 5586 5187
f 5199 5586 5189
f 5227 5586 5199
f 5228 5579 5227
f 5578 5227 5579
f 5580 5578 5579
f 5188 5580 5579
f 5580 5188 5573
f 5208 5573 5188
f 5188 5207 5208
f 5352 5208 5207
f 5352 5207 5353
f 5353 5261 5352
f 5562 5352 5261
f 5561 5562 5261
f 5354 5261 5353
f 5353 4855 5354
f 4842 5354 4855
f 4842 4855 4830
f 5261 5354 4842
f 5261 4842 5865
f 5865 5983 5261
f 5983 5984 5261
f 5984 5869 5261
f 5868 5261 5869
f 5866 5261 5868
f 5983 5866 5868
f 5866 5983 5867
f 5261 5866 5867
f 5261 5867 4841
f 5261 4841 4831
f 4856 5261 4831
f 5261 4856 5259
f 5258 5261 5259
f 5258 5259 5260
f 4835 5260 5259
f 5260 4835 5261
f 5260 5261 5258
f 4856 4835 5259
f 4841 4842 4831
f 5867 5865 4841
f 5869 5984 5868
f 5984 5983 5868
f 5865 5867 5983
f 4842 4841 5865
f 4855 5353 5207
f 5207 5291 4855
f 4823 4855 5291
f 4823 5291 5290
f 4823 5290 4844
f 4844 4897 4823
f 4897 4854 4823
f 4854 4821 4823
f 4821 4822 4823
f 4878 4823 4822
f 4879 4878 4822
f 4879 4880 4878
f 4878 4880 4823
f 4822 4821 4879
f 4854 4843 4821
f 4843 4854 4844
f 4845 4844 4854
f 4854 4849 4845
f 4854 4897 4849
f 4897 4844 4849
f 4844 4858 4849
f 4858 5588 4849
f 4849 5588 4848
f 5591 4848 5588
f 5588 5690 5591
f 5591 5690 5589
f 5589 5690 5590
f 5589 5590 5061
f 5061 4848 5589
f 5593 5592 5697
f 5697 5592 5690
f 5696 5697 5690
f 5690 5688 5696
f 5695 5697 5696
f 5062 5061 5593
f 5061 5062 5063
f 5063 5066 5061
f 5066 5615 5061
f 5064 5061 5615
f 5064 5615 5962
f 5064 5962 5065
f 4827 5065 5962
f 5962 5601 4827
f 5062 5601 5962
f 4827 5061 5065
f 5064 5065 5061
f 5615 5066 5962
f 5063 5962 5066
f 5063 5062 5962
f 5590 5690 5592
f 5589 4848 5591
f 4858 5690 5588
f 4844 5290 4858
f 5291 4858 5290
f 5190 4858 5291
f 5352 5562 5208
f 5188 5291 5207
f 5573 5208 5562
f 5578 5580 5573
f 5188 5579 5228
f 5586 5227 5578
f 5190 5291 5188
f 5690 4858 5190
f 5692 5691 5690
f 5691 5587 5687
f 5693 5691 5692
f 5187 5586 5694
f 5693 5587 5691
f 5593 5697 5695
f 5627 5722 5607
f 5607 5722 5626
f 5607 5626 5605
f 5625 5626 5722
f 5629 5723 5627
f 5724 5107 5096
f 5723 5629 5724
f 5722 5627 5723
f 5722 5623 5625
f 5621 5604 5622
f 5624 5605 5626
f 5064 5702 5604
f 5064 4816 5094
f 4827 5601 5095
f 4825 4877 4829
f 4824 4826 4827
f 4848 5061 4827
f 4848 4845 4849
f 4843 4844 4845
f 4843 4879 4821
f 4880 4879 4823
f 4823 4830 4855
f 4831 4842 4830
f 4835 4856 4831
f 4840 5545 5632
f 5545 4840 5665
f 5545 5665 5666
f 5666 5665 5663
f 4828 5663 5665
f 5663 4828 5515
f 4813 5515 4828
f 4828 4832 4813
f 4813 4832 4833
f 4828 4833 4832
f 4828 5665 4840
f 5632 5545 5633
f 5541 5543 5542
f 5542 4835 5540
f 5561 5261 4835
f 5659 5656 5658
f 5545 5666 5661
f 5663 5661 5666
f 5664 5656 5659
f 5638 5641 4850
f 5489 5979 5473
f 5638 4850 4853
f 5451 5979 5454
f 5451 5730 5979
f 5730 5473 5979
f 5489 5473 5491
f 5637 5491 5478
f 5479 5453 5505
f 5478 5477 5637
f 5477 5500 5637
f 5496 5502 5503
f 5497 5496 5492
f 5037 5457 5458
f 5464 5458 5457
f 5464 5470 5458
f 5458 5470 5471
f 5468 5471 5470
f 5470 5464 5468
f 5467 5468 5464
f 5462 5460 5467
f 5462 5461 5460
f 5459 5460 5461
f 5459 5472 5460
f 5473 5487 5451
f 5487 5489 5451
f 5491 5490 5451
f 5490 5491 5464
f 5491 5488 5464
f 5488 5489 5464
f 5468 5467 5460
f 5478 5490 5464
f 5490 5478 5451
f 5499 5500 5492
f 5502 5499 5492
f 5504 5502 5492
f 5496 5504 5492
f 5495 5496 5497
f 5503 5495 5497
f 5479 5503 5502
f 5505 4815 5479
f 5451 5460 5472
f 5460 5474 5468
f 5474 5471 5468
f 5471 5037 5458
f 5675 5539 5506
f 5464 5678 5484
f 5485 5506 5480
f 5676 5675 5683
f 5683 5675 5682
f 5682 5680 4684
f 5482 4689 5731
f 4694 4691 4689
f 4694 4686 4836
f 4801 4685 4684
f 4801 5486 4815
f 4815 4853 4850
f 4850 5515 4813
f 4833 4834 4813
f 4834 4833 4828
f 4828 4840 4829
f 4838 4837 4814
f 5928 5173 5929
f 5173 5172 5176
f 5175 5176 5172
f 5172 5523 5175
f 5171 5278 4829
f 5109 5172 4857
f 4857 4818 4817
f 4816 4817 4818
f 4847 4846 4829
f 5926 5923 4847
f 5924 5107 5926
f 5725 4816 5925
f 5530 5630 5631
f 5109 5630 5530
f 5526 5117 5107
f 5986 5725 5526
f 5175 5523 5527
f 5517 4814 4837
f 4814 4812 4686
f 5287 4810 4812
f 5287 4811 5288
f 5441 5202 5204
f 5429 5426 5425
f 5424 5427 5383
f 5427 5179 5383
f 5179 5216 5383
f 5191 5179 5689
f 5414 5412 5373
f 5689 5216 5191
f 5373 5371 5374
f 5216 5370 5383
f 5370 4898 5372
f 4725 5371 5237
f 4898 4765 5372
f 4859 4860 4765
f 4802 4860 4859
f 4864 5908 4802
f 4725 4805 4803
f 4803 5908 5913
f 5913 5908 5745
f 5914 5745 5908
f 5914 5908 5746
f 5751 5745 5914
f 4864 5746 5908
f 5751 5914 5746
f 5748 5367 5749
f 5192 5752 5905
f 5861 5192 5905
f 5859 5861 5905
f 5860 5859 5905
f 5985 5863 5860
f 5905 5985 5860
f 5858 4802 5367
f 5915 5859 5863
f 5192 5909 5761
f 5192 5761 5193
f 5761 5752 5193
f 5863 5859 5862
f 5193 5752 5194
f 5906 5752 5761
f 5905 5906 5761
f 4802 5862 5904
f 4802 5904 4894
f 5747 5905 5752
f 4894 5903 4692
f 5903 5902 4692
f 5902 5224 4692
f 5209 4692 5224
f 5742 5193 5747
f 5223 5739 5209
f 5739 5740 5736
f 5736 5737 5554
f 5737 5211 5554
f 5435 4690 5218
f 5612 5331 5613
f 5614 5613 5213
f 5212 5614 5213
f 5183 5213 5613
f 5214 5215 5576
f 5215 5598 5576
f 5598 4780 5576
f 4896 4781 4780
f 5330 5328 5198
f 4752 5330 5198
f 4781 5338 4784
f 5338 5334 5583
f 4679 4796 4795
f 4795 5673 4679
f 5674 4679 5673
f 5684 4679 5674
f 4679 5684 4674
f 4680 4679 4674
f 4660 4680 4674
f 4677 4660 4674
f 4673 4677 4674
f 5672 5673 4795
f 5672 4795 4793
f 4795 4796 4793
f 4889 4793 4796
f 5566 5671 4796
f 5571 4892 5567
f 5567 5559 5564
f 5671 5566 5565
f 5563 5564 5559
f 5568 5563 5559
f 4796 5671 5670
f 5670 5669 4796
f 4891 5568 5559
f 5669 4889 4796
f 4890 4794 4889
f 4792 4891 4892
f 4769 4778 4792
f 4767 4890 4768
f 4890 4767 4794
f 4793 4889 4794
f 5672 4793 5673
f 4674 5674 5673
f 4662 4675 4769
f 4661 4673 4674
f 4683 5699 4671
f 5699 5706 5705
f 5703 5705 5706
f 5703 5704 5705
f 5699 4899 5706
f 4791 5706 4899
f 5700 5706 4791
f 5642 5700 4791
f 5642 4791 5643
f 5700 5642 5701
f 5706 5701 5642
f 5706 5642 5707
f 5711 5707 5710
f 5711 5710 5712
f 5713 5711 5712
f 5713 5712 5717
f 5718 5713 5717
f 5718 5717 5720
f 5719 5718 5720
f 5720 5647 5719
f 5645 5720 5717
f 5711 5708 5642
f 5708 5711 5709
f 5707 5708 5709
f 5721 5965 5717
f 5645 5642 5644
f 5712 5721 5717
f 5709 5710 5707
f 5708 5707 5642
f 5706 5700 5701
f 4683 4899 5699
f 4662 4769 4775
f 4683 4790 4899
f 4791 4899 4790
f 5643 4791 5698
f 5642 5643 5644
f 4787 4788 4789
f 5645 5644 5720
f 4785 4789 4775
f 5646 5647 5720
f 4774 4785 4775
f 4774 4751 5231
f 4751 5960 5231
f 5186 5231 5960
f 5973 5186 5960
f 5320 5973 5960
f 5972 5320 5960
f 5961 5972 5960
f 5972 5961 4756
f 5320 5972 4756
f 5973 5320 5323
f 5339 5341 5229
f 5229 5230 5339
f 5230 5186 5324
f 5232 5229 5341
f 5231 5232 5341
f 5231 5729 5511
f 5511 5519 5231
f 5513 5519 5511
f 5510 5513 5511
f 5510 5511 5512
f 5518 5512 5511
f 5726 5728 5727
f 5727 5325 5726
f 5327 5726 5325
f 5518 5519 5512
f 5728 5511 5729
f 5728 5729 5727
f 5325 5727 5342
f 5325 5326 5327
f 5306 5307 5308
f 5306 5308 5313
f 5311 5308 5307
f 5307 5315 5311
f 5324 5339 5230
f 5323 5324 5186
f 5186 5973 5323
f 4751 5961 5960
f 5942 5943 5200
f 5942 5200 5940
f 5753 5508 4772
f 4772 5508 5201
f 4772 5201 4744
f 4743 5200 5269
f 5269 4739 4743
f 4717 4704 4744
f 4697 4739 4747
f 5112 4734 5138
f 4723 4717 4724
f 4724 5364 4723
f 5362 4867 5113
f 5358 5113 5170
f 5140 5112 5139
f 5138 5139 5112
f 4716 5138 4734
f 5350 4759 5347
f 4758 5347 4759
f 4760 5182 4758
f 4752 5183 4760
f 4757 4871 4721
f 4757 4870 4871
f 4757 4869 4870
f 4757 4868 4869
f 4756 4755 4752
f 4756 5959 4751
f 5959 5961 4751
f 4756 5961 5320
f 5320 5321 5319
f 5981 5319 5321
f 5303 5309 5110
f 5981 5982 5319
f 5316 5319 5982
f 5307 5316 5315
f 5312 5311 5315
f 5303 5310 5309
f 5305 5306 5313
f 4642 5048 5044
f 5052 5048 5056
f 5055 4699 5059
f 5048 4641 4698
f 5091 5092 4699
f 5091 5120 5092
f 4745 5119 5120
f 4695 4712 4641
f 4697 4747 4745
f 4716 4734 4697
f 4715 4708 4716
f 4707 4706 4696
f 5093 4707 4696
f 5118 5093 4696
f 4696 5069 5118
f 5068 5118 5069
f 5118 5068 5130
f 5067 5118 5130
f 5068 5067 5130
f 5132 5118 5131
f 5125 5131 5118
f 5093 5297 4707
f 4721 4722 4708
f 4757 4721 5110
f 5303 5110 5302
f 5298 5300 5102
f 5296 5102 5295
f 5123 5295 5102
f 5123 5294 5295
f 5104 5123 5102
f 5100 5104 4707
f 5100 4707 5297
f 5125 5127 5131
f 5067 5125 5118
f 5067 5068 5069
f 4696 4695 5069
f 4647 4646 4642
f 4641 5048 4642
f 4640 4695 4641

usemtl BaseColor_0
f 5069 5072 5070
f 5067 5069 5070
f 5067 5070 5126
f 5125 5067 5126
f 5127 5125 5126
f 5127 5126 5098
f 5297 5127 5098
f 5100 5297 5098
f 5098 5099 5100
f 5104 5100 5099
f 5104 5099 5124
f 5123 5104 5124
f 5294 5123 5124
f 5294 5124 5299
f 5298 5294 5299
f 5300 5298 5299
f 5299 5301 5300
f 5300 5301 5302
f 5300 5110 5102
f 5301 5304 5303
f 5303 5304 5305
f 5310 5314 5312
f 5310 5312 5315
f 5310 5315 5316
f 5316 5982 5310
f 5982 5981 5310
f 5184 5310 5981
f 5184 5981 5321
f 5139 5350 5141
f 5140 5139 5141
f 5114 5140 5141
f 5114 5141 5169
f 5170 5114 5169
f 5358 5170 5169
f 5358 5169 5357
f 5358 5357 5114
f 5362 5361 5360
f 5362 5360 5365
f 5362 5365 5364
f 5113 5115 5170
f 5200 5201 5508
f 5507 5753 5941
f 5940 5507 5941
f 5942 5940 5941
f 5942 5941 5974
f 5942 5974 5975
f 5943 5942 5975
f 5943 5975 5267
f 5943 5267 5976
f 5270 5943 5976
f 5270 5269 5943
f 5943 5269 5200
f 5119 5121 5289
f 5119 5289 5122
f 5120 5119 5122
f 5120 5122 5090
f 5076 5075 5122
f 5090 5075 5082
f 5090 5082 5088
f 5090 5122 5075
f 5121 5735 5289
f 5735 5946 5289
f 5946 5947 5289
f 5279 5282 5949
f 5948 5279 5949
f 5735 5286 5945
f 5279 5280 5282
f 5283 5282 5280
f 5283 5285 5281
f 5285 5944 5281
f 5271 5268 5944
f 5266 5271 5944
f 5264 5268 5265
f 5267 5268 5264
f 5264 5270 5267
f 5271 5265 5268
f 5285 5266 5944
f 5285 5284 5266
f 5281 5282 5283
f 5947 5948 5949
f 5948 5947 5946
f 5270 5976 5267
f 5519 5950 5951
f 5732 5519 5951
f 5510 5519 5733
f 5647 5955 5956
f 5955 5732 5956
f 5671 5565 5564
f 5567 5566 5966
f 5571 5567 5966
f 5571 5966 5667
f 5571 5667 5570
f 5612 5576 5968
f 5616 5612 5968
f 5577 5967 5968
f 5577 5635 5967
f 5635 5667 5967
f 5635 5334 5667
f 5617 5616 5346
f 5346 5343 5617
f 5345 5348 5344
f 5347 5344 5348
f 5347 5348 5349
f 5350 5347 5349
f 5345 5346 5348
f 5345 5343 5346
f 5616 5617 5618
f 5434 5432 5433
f 5434 5433 5435
f 5736 5432 5738
f 5736 5741 5432
f 5736 5740 5741
f 5742 5741 5740
f 5747 5746 5743
f 5742 5747 5743
f 5745 5743 5746
f 5424 5417 5419
f 5428 5417 5424
f 5424 5426 5428
f 5426 5429 5428
f 5405 5428 5429
f 5415 5442 5447
f 5447 5430 5415
f 5292 5448 5443
f 5292 5443 5288
f 5376 5516 5509
f 5516 5520 5509
f 5293 5509 5448
f 5522 5521 5175
f 5175 5527 5522
f 5525 5522 5527
f 5525 5527 5523
f 5116 5631 5106
f 5116 5106 5529
f 5117 5529 5528
f 5117 5528 5725
f 5117 5725 5107
f 5516 5715 5716
f 5173 5520 5716
f 5517 5714 5715
f 5675 5678 5677
f 5675 5677 5538
f 5675 5538 5038
f 5675 5038 5039
f 5539 5675 5039
f 5539 5039 5037
f 5734 5483 5731
f 5482 5731 5483
f 5734 5433 5483
f 5734 5436 5433
f 5464 5456 5492
f 5456 5455 5492
f 5463 5492 5455
f 5033 5463 5455
f 5463 5033 5032
f 5538 5463 5034
f 5463 5538 5679
f 5498 5463 5679
f 5455 5498 5679
f 5677 5455 5679
f 5455 5677 5464
f 5455 5464 5480
f 5498 5455 5480
f 5463 5498 5480
f 5480 5476 5463
f 5640 5637 5636
f 5503 5636 5637
f 5473 5730 5453
f 5730 5451 5453
f 5638 5489 5637
f 5638 5637 5639
f 5638 5639 5640
f 5641 5638 5640
f 5641 5640 5650
f 5649 5641 5650
f 5514 5649 5651
f 5514 5651 5652
f 5653 5514 5652
f 5653 5515 5514
f 5653 5654 5515
f 5654 5656 5515
f 5545 5658 5546
f 5544 5545 5546
f 5258 5556 5557
f 5258 5557 5561
f 5550 5547 5544
f 5540 5543 5541
f 5540 5541 5542
f 5702 5601 5600
f 5602 5702 5600
f 5604 5602 5603
f 5604 5603 5605
f 5623 5064 5620
f 5620 5064 5621
f 5064 5623 5722
f 5064 5722 5723
f 5064 5723 5724
f 5064 5724 5096
f 5107 5106 5630
f 5107 5108 5106
f 5105 5106 5108
f 5105 5108 5533
f 5629 5105 5533
f 5629 5628 5105
f 5595 5593 5594
f 5593 5695 5594
f 5695 5688 5594
f 5688 5686 5594
f 5688 5687 5686
f 5687 5685 5686
f 5418 5417 5416
f 5236 5235 5234
f 5236 5234 5237
f 5381 5378 5380
f 5375 5381 5380
f 5368 5365 5375
f 5375 5369 5368
f 5368 5369 5129
f 5368 5129 5366
f 5366 5363 5365
f 5375 5377 5369
f 5368 5366 5365
f 5378 5381 5386
f 5378 5386 5387
f 5390 5388 5389
f 5757 5390 5389
f 5757 5389 5756
f 5757 5756 5755
f 5355 5757 5755
f 5355 5755 5367
f 5745 5758 5744
f 5754 5744 5758
f 5754 5756 5744
f 5754 5755 5756
f 5388 5386 5389
f 5390 5757 5391
f 5392 5391 5757
f 5395 5392 5757
f 5355 5395 5757
f 5388 5387 5386
f 5375 5380 5377
f 5938 5939 5759
f 5938 5969 5939
f 5254 5939 5969
f 5254 5255 5939
f 5753 5939 5970
f 5254 5253 5255
f 5253 5252 5255
f 5937 5255 5252
f 5445 5444 5446
f 5445 5446 5935
f 5445 5935 5936
f 5937 5936 5935
f 5444 5934 5446
f 5934 5772 5977
f 5772 5774 5977
f 5421 5977 5774
f 5421 5978 5977
f 5421 5422 5978
f 5422 5931 5978
f 5930 5249 5931
f 5931 5927 5930
f 5249 5930 5927
f 5422 5249 5927
f 5422 5273 5249
f 5273 5250 5249
f 5250 5251 5249
f 5251 5247 5249
f 5248 5249 5247
f 5263 5248 5247
f 5262 5263 5247
f 5247 5242 5262
f 5262 5243 5778
f 5778 5272 5262
f 5147 5142 5148
f 5148 5149 5147
f 5147 5244 5245
f 5244 5137 5245
f 5137 5239 5245
f 5240 5238 5239
f 5240 5239 5241
f 5235 5240 5136
f 5135 5235 5136
f 5235 5135 5233
f 5921 5233 5135
f 5160 5161 5154
f 5161 5157 5154
f 5156 5154 5157
f 5167 5146 5164
f 5164 5145 5167
f 5156 5162 5155
f 5162 5156 5163
f 5163 5165 5162
f 5165 5163 5166
f 5146 5166 5163
f 5791 5792 5790
f 5790 5785 5791
f 5793 5791 5785
f 5786 5793 5785
f 5785 5783 5786
f 5784 5786 5783
f 5783 5777 5784
f 5797 5784 5777
f 5779 5797 5777
f 5777 5778 5779
f 5780 5779 5778
f 5799 5798 5804
f 5804 5803 5799
f 5803 5806 5799
f 5807 5799 5806
f 5806 5815 5807
f 5815 5819 5807
f 5808 5807 5819
f 5819 5820 5808
f 5820 5821 5808
f 5812 5808 5821
f 5821 5825 5812
f 5825 5817 5812
f 5813 5812 5817
f 5817 5816 5813
f 5816 5818 5813
f 5814 5813 5818
f 5818 5822 5814
f 5824 5814 5822
f 5822 5823 5824
f 5823 5829 5824
f 5826 5824 5829
f 5829 5830 5826
f 5830 5831 5826
f 5836 5826 5831
f 5831 5832 5836
f 5827 5836 5832
f 5832 5833 5827
f 5833 5834 5827
f 5828 5827 5834
f 5834 5835 5828
f 5835 5857 5828
f 5839 5828 5857
f 5857 5847 5839
f 5847 5846 5839
f 5840 5839 5846
f 5846 5848 5840
f 5848 5849 5840
f 5849 5850 5840
f 5841 5840 5850
f 5850 5851 5841
f 5851 5852 5841
f 5842 5841 5852
f 5852 5853 5842
f 5853 5854 5842
f 5843 5842 5854
f 5854 5855 5843
f 5855 5856 5843
f 5811 5843 5856
f 5856 5809 5811
f 5809 5810 5811
f 5844 5811 5810
f 5810 5838 5844
f 5845 5844 5838
f 5838 5837 5845
f 5837 5896 5845
f 5897 5845 5896
f 5897 5898 5899
f 5900 5899 5898
f 5895 5899 5900
f 5895 5900 5901
f 5901 5872 5895
f 5872 5874 5876
f 5878 5876 5874
f 5881 5875 5877
f 5876 5877 5875
f 5875 5881 5880
f 5880 5888 5886
f 5887 5886 5888
f 5884 5883 5889
f 5886 5889 5883
f 5882 5883 5884
f 5892 5883 5882
f 5891 5890 5892
f 5144 5890 5891
f 5890 5144 5143
f 5143 5144 5145
f 5883 5892 5890
f 5893 5880 5879
f 5889 5886 5887
f 5888 5880 5893
f 5879 5880 5881
f 5871 5872 5873
f 5877 5876 5878
f 5874 5872 5871
f 5872 5901 5873
f 5899 5845 5897
f 5781 5782 5787
f 5789 5781 5787
f 5782 5796 5795
f 5795 5796 5801
f 5801 5796 5802
f 5801 5800 5798
f 5800 5804 5798
f 5801 5798 5795
f 5795 5787 5782
f 5787 5788 5789
f 5789 5788 5794
f 5788 5790 5792
f 5792 5794 5788
f 5145 5164 5143
f 5146 5167 5166
f 5152 5150 5161
f 5150 5152 5151
f 5150 5151 5148
f 5159 5148 5151
f 5156 5155 5154
f 5161 5160 5152
f 5137 5136 5241
f 5235 5238 5240
f 5137 5241 5239
f 5149 5148 5159
f 5147 5245 5142
f 5243 5780 5778
f 5263 5262 5272
f 5263 5272 5248
f 5444 5440 5439
f 5444 5439 5774
f 5774 5775 5934
f 5931 5422 5927
f 5772 5421 5774
f 5775 5772 5934
f 5444 5774 5934
f 5937 5445 5936
f 5937 5935 5255
f 5938 5257 5254
f 5938 5254 5969
f 5753 5759 5939
f 5206 5205 5760
f 5233 5234 5235
f 5237 5413 5236
f 5237 5412 5413
f 5412 5414 5413
f 5237 5409 5412
f 5237 5371 5411
f 5237 5411 5410
f 5409 5237 5410
f 5414 5416 5413
f 5586 5581 5582
f 5587 5586 5582
f 5685 5587 5582
f 5694 5693 5690
f 5592 5061 5590
f 5593 5061 5592
f 5562 5572 5573
f 5578 5573 5572
f 5578 5572 5581
f 5572 5562 5557
f 5693 5692 5690
f 5586 5578 5581
f 5587 5685 5687
f 5696 5688 5695
f 5062 5593 5595
f 5062 5595 5600
f 5628 5627 5606
f 5607 5606 5627
f 5605 5606 5607
f 5627 5628 5629
f 5107 5533 5108
f 5624 5626 5625
f 5620 5621 5622
f 5606 5605 5603
f 5702 5602 5604
f 5062 5600 5601
f 5562 5561 5557
f 5550 5556 5258
f 5550 5544 5556
f 5545 5544 5547
f 5658 5657 5546
f 5658 5656 5657
f 5654 5657 5656
f 5653 5651 5654
f 5653 5652 5651
f 5514 5648 5649
f 5641 5649 5648
f 5637 5489 5491
f 5636 5503 5494
f 5494 5503 5497
f 5497 5493 5494
f 5493 5497 5492
f 5637 5640 5639
f 5476 5481 5483
f 5032 5033 5034
f 5033 5038 5034
f 5033 5037 5038
f 5037 5033 5457
f 5464 5489 5467
f 5489 5487 5467
f 5487 5473 5467
f 5467 5473 5462
f 5461 5473 5459
f 5472 5459 5473
f 5473 5451 5472
f 5462 5473 5461
f 5489 5488 5451
f 5488 5491 5451
f 5457 5033 5464
f 5493 5492 5463
f 5455 5456 5033
f 5456 5464 5033
f 5037 5039 5038
f 5034 5038 5538
f 5679 5538 5677
f 5464 5677 5678
f 5484 5506 5485
f 5476 5480 5481
f 5482 5483 5481
f 5173 5176 5521
f 5631 5630 5106
f 5117 5116 5529
f 5525 5725 5528
f 5525 5528 5522
f 5175 5521 5176
f 5173 5521 5520
f 5516 5716 5520
f 5516 5517 5715
f 5351 5376 5509
f 5293 5351 5509
f 5442 5288 5443
f 5292 5293 5448
f 5430 5431 5428
f 5442 5443 5447
f 5442 5441 5288
f 5415 5430 5404
f 5405 5404 5430
f 5405 5430 5428
f 5418 5419 5417
f 5414 5418 5416
f 5745 5744 5743
f 5742 5743 5741
f 5436 5435 5433
f 5434 5738 5432
f 5114 5359 5360
f 5616 5618 5612
f 5577 5968 5576
f 5667 5334 5570
f 4679 4659 5964
f 4679 5964 4796
f 5684 5674 4674
f 4677 4673 4676
f 4660 4677 4658
f 4658 4659 4660
f 4680 4660 4659
f 5566 4796 5964
f 4679 4680 4659
f 5566 5964 5966
f 4673 4661 4672
f 4661 4651 4653
f 4651 4652 4653
f 4652 4682 4655
f 4682 4671 4655
f 5705 4671 5699
f 5706 4681 5703
f 5704 5703 4681
f 5704 5963 5705
f 5963 5704 5701
f 4671 5963 5701
f 4671 5701 5704
f 4671 5704 4670
f 5706 5707 5655
f 5711 5655 5707
f 5647 5957 5719
f 5718 5719 5957
f 5642 5645 5717
f 5642 5717 5965
f 5965 5721 5642
f 5721 5712 5642
f 5642 5712 5709
f 5642 5709 5711
f 5713 5718 5958
f 5711 5713 5958
f 5710 5709 5712
f 5963 4671 5705
f 5320 5322 5323
f 5324 5323 5322
f 5339 5324 5322
f 5339 5322 5340
f 5339 5340 5341
f 5341 5326 5231
f 5326 5325 5231
f 5325 5342 5231
f 5519 5513 5231
f 5511 5950 5518
f 5952 5950 5511
f 5511 5728 5952
f 5726 5952 5728
f 5726 5327 5953
f 5326 5953 5327
f 5326 5340 5953
f 5726 5953 5952
f 5326 5341 5340
f 5316 5317 5318
f 5316 5318 5319
f 5320 5319 5318
f 5316 5307 5317
f 5307 5306 5317
f 5306 5304 5317
f 5318 5322 5320
f 5513 5510 5231
f 5954 5733 5955
f 5510 5512 5519
f 5733 5732 5955
f 5519 5518 5950
f 5732 5951 5956
f 5647 5956 5957
f 5957 5958 5718
f 5711 5958 5655
f 5706 5655 4681
f 4681 4670 5704
f 4670 4655 4671
f 4655 4653 4652
f 4653 4672 4661
f 4672 4676 4673
f 4676 4658 4677
f 5970 5941 5753
f 5940 5200 5507
f 5363 5364 5365
f 5114 5360 5361
f 5114 5357 5359
f 5115 5114 5170
f 5114 5112 5140
f 5350 5349 5141
f 5184 5110 5310
f 5306 5305 5304
f 5093 5118 5132
f 5131 5093 5132
f 5127 5093 5131
f 5303 5302 5301
f 5102 5296 5298
f 5296 5295 5298
f 5295 5294 5298
f 5127 5297 5093
f 5071 5070 5072

usemtl BaseColor_0
f 5072 5069 5087
f 5055 5054 5056
f 5056 5054 5052
f 5040 5052 5054
f 5040 5041 5047
f 5040 5047 5046
f 5051 5040 5046
f 5044 5045 5041
f 5041 5049 5044
f 5044 5049 5050
f 4647 4666 4663
f 4646 4647 4663
f 4646 4663 5072
f 5071 5072 4663
f 5058 5060 5057
f 5053 5057 5060
f 5074 5075 5076
f 5074 5081 5075
f 5081 5082 5075
f 5083 5090 5088
f 5082 5083 5088
f 5083 5082 5081
f 5080 5074 5077
f 5060 5079 5077
f 5057 5053 5059
f 5059 5053 5055
f 5060 5058 5084
f 5060 5084 5079
f 5078 5077 5079
f 5077 5078 5080
f 5074 5080 5081
f 5090 5083 5081
f 5049 4650 5043
f 4650 4657 4665
f 4657 4656 4669
f 4656 4663 4667
f 4666 4667 4663
f 4667 4668 4656
f 4668 4669 4656
f 4669 4664 4657
f 4664 4665 4657
f 4665 5042 4650
f 5043 4650 5042
f 5043 5050 5049
f 5047 5041 5045
f 5052 5040 5051
f 5054 5055 5053
f 5072 5087 4646

usemtl BaseColor_0
f 5510 5733 5954
f 5231 5510 5954
f 5647 5231 5954
f 5183 5198 5212
f 5183 5215 5214
f 5213 5183 5214
f 5212 5213 5214
f 5181 5182 5183
f 5197 5198 5195
f 5183 5197 5195
f 5183 5195 5196
f 5209 5193 5223
f 5209 5224 5193
f 5367 5748 5752
f 5748 5751 5752
f 5523 5524 5525
f 5526 5725 5524
f 5117 5526 5524
f 5524 5109 5117
f 5171 5174 5278
f 5220 5217 5221
f 5222 5211 5217
f 5209 5210 5211
f 5202 5203 5204
f 5191 5178 5180
f 5177 5180 5178
f 5177 5178 5179
f 5424 5202 5425
f 5217 5218 5219
f 5222 5217 5220
f 5664 5663 5662
f 5659 5663 5664
f 5661 5663 5659
f 5659 5660 5661
f 5225 5226 5134
f 5225 5134 5133
f 5388 5399 5356
f 5399 5398 5356
f 5398 5397 5356
f 5397 5396 5356
f 5355 5356 5396
f 5396 5394 5355
f 5395 5355 5394
f 5394 5393 5395
f 5392 5395 5393
f 5391 5392 5393
f 5748 5750 5745
f 5748 5749 5750
f 4772 5205 5206
f 5373 5411 5371
f 5190 5188 5187
f 5187 5188 5189
f 5199 5188 5227
f 5227 5188 5228
f 5189 5188 5199
f 5687 5690 5691
f 5688 5690 5687
f 5659 5658 5660
f 5515 5662 5663
f 5172 5109 5523
f 5523 5109 5524
f 5425 5202 5407
f 5425 5407 5406
f 5425 5406 5408
f 5425 5408 5429
f 5424 5425 5426
f 5216 5179 5191
f 5748 5745 5751
f 5192 5193 5194
f 5217 5211 5218
f 5229 5186 5230
f 5231 5342 5727
f 5231 5727 5729
f 5231 5229 5232
f 5308 5311 5313
f 5311 5312 5313
f 5231 5186 5229
f 5184 5185 5186
f 5309 5310 5110
f 5314 5313 5312


o Object.15
v 34.708206 -12.707999 19.964399 188 188 188
v 38.111801 -12.707999 19.964399 188 188 188
v 32.828602 -12.707999 20.472401 188 188 188
v 33.387405 -12.707999 19.050001 255 255 255
v 33.438202 -12.707999 19.050001 255 255 255
v 32.828602 -12.707999 19.964399 188 188 188
v 35.775002 -12.707999 19.050001 255 255 255
v 35.825806 -12.707999 19.050001 255 255 255
v 33.692207 -12.707999 19.964399 188 188 188
v 38.061005 -12.707999 19.050001 255 255 255
v 35.165405 -12.707999 19.050001 255 255 255
v 38.111801 -12.707999 20.472401 188 188 188
v 38.111801 -12.707999 0.000000 255 255 255
v 38.111801 -12.707999 19.050001 255 255 255
v 32.828602 -12.707999 19.050001 255 255 255
v 32.828602 -12.707999 0.000000 255 255 255
v 32.828602 11.015600 0.000000 255 255 255
v 38.111801 11.015600 0.000000 255 255 255
v 32.828602 11.015600 20.472401 188 188 188
v 38.111801 11.015600 20.472401 188 188 188
v 38.111801 -8.389999 19.964399 188 188 188
v 38.111801 -9.863200 19.050001 255 255 255
v 38.111801 -9.964799 19.050001 255 255 255
v 38.111801 0.703200 19.050001 255 255 255
v 38.111801 -2.090799 19.050001 255 255 255
v 38.111801 0.855601 19.050001 255 255 255
v 38.111801 11.015600 19.050001 255 255 255
v 38.111801 10.558402 19.050001 255 255 255
v 38.111801 11.015600 19.964399 188 188 188
v 38.111801 -4.122799 19.964399 188 188 188
v 37.197403 11.015600 19.964399 188 188 188
v 36.791008 11.015600 19.050001 255 255 255
v 36.232204 11.015600 19.964399 188 188 188
v 37.451408 11.015600 19.050001 255 255 255
v 37.502205 11.015600 19.050001 255 255 255
v 36.841805 11.015600 19.050001 255 255 255
v 32.828602 11.015600 19.964399 188 188 188
v 34.555805 11.015600 19.050001 255 255 255
v 34.606602 11.015600 19.050001 255 255 255
v 32.828602 11.015600 19.050001 255 255 255
v 32.828602 8.272401 19.050001 255 255 255
v 32.828602 8.170801 19.050001 255 255 255
v 32.828602 -8.389999 19.964399 188 188 188
v 32.828602 -4.986399 19.050001 255 255 255
v 32.828602 6.748401 19.964399 188 188 188
v 32.828602 -1.684399 19.050001 255 255 255
v 32.828602 -2.090799 19.050001 255 255 255
v 32.828602 -4.884799 19.050001 255 255 255

v 34.708206 -12.707999 19.964399 188 188 188
v 32.828602 -12.707999 20.472401 188 188 188
v 33.692207 -12.707999 19.964399 188 188 188
v 32.828602 -12.707999 20.472401 188 188 188
v 32.828602 -12.707999 19.964399 188 188 188
v 32.828602 -12.707999 20.472401 188 188 188
v 38.111801 -12.707999 19.964399 188 188 188
v 38.111801 -8.389999 19.964399 188 188 188
v 38.111801 -12.707999 20.472401 188 188 188
v 38.111801 -12.707999 20.472401 188 188 188
v 38.111801 -4.122799 19.964399 188 188 188
v 38.111801 -12.707999 20.472401 188 188 188
v 38.111801 11.015600 19.964399 188 188 188
v 38.111801 11.015600 20.472401 188 188 188
v 38.111801 11.015600 19.964399 188 188 188
v 38.111801 11.015600 20.472401 188 188 188
v 37.197403 11.015600 19.964399 188 188 188
v 32.828602 11.015600 20.472401 188 188 188
v 32.828602 6.748401 19.964399 188 188 188
v 32.828602 -8.389999 19.964399 188 188 188
v 38.111801 11.015600 20.472401 188 188 188
v 32.828602 11.015600 19.964399 188 188 188
v 32.828602 11.015600 20.472401 188 188 188
v 32.828602 11.015600 19.964399 188 188 188
v 38.111801 11.015600 20.472401 188 188 188
v 36.232204 11.015600 19.964399 188 188 188
v 38.111801 11.015600 20.472401 188 188 188
v 32.828602 11.015600 20.472401 188 188 188
v 38.111801 -12.707999 20.472401 188 188 188
v 32.828602 -12.707999 20.472401 188 188 188
v 38.111801 -12.707999 20.472401 188 188 188
v 32.828602 11.015600 20.472401 188 188 188
v 32.828602 11.015600 20.472401 188 188 188
v 32.828602 -8.389999 19.964399 188 188 188
v 32.828602 -12.707999 20.472401 188 188 188
v 38.111801 -12.707999 20.472401 188 188 188
v 32.828602 -12.707999 20.472401 188 188 188
v 38.111801 -12.707999 19.964399 188 188 188

f 7125 7126 7127
f 7133 7173 7174
f 7130 7175 7176
f 7177 7178 7167
f 7154 7136 7145
f 7179 7180 7181
f 7153 7182 7183
f 7144 7184 7185
f 7155 7186 7187
f 7157 7188 7189
f 7143 7161 7169
f 7190 7191 7192
f 7193 7194 7195
f 7196 7197 7198
f 7199 7200 7201
f 7202 7203 7204
f 7205 7206 7207
f 7208 7209 7210

usemtl BaseColor_0
f 7130 7167 7168
f 7139 7130 7168
f 7158 7153 7159
f 7159 7153 7151
f 7153 7154 7151
f 7151 7154 7152
f 7152 7154 7150
f 7145 7150 7154
f 7145 7126 7146
f 7146 7149 7145
f 7148 7145 7149
f 7128 7129 7130
f 7129 7135 7133
f 7135 7131 7133
f 7131 7132 7133
f 7132 7134 7125
f 7134 7138 7125
f 7138 7147 7126
f 7146 7126 7147
f 7150 7145 7148
f 7155 7156 7157
f 7163 7157 7156
f 7164 7161 7162
f 7157 7162 7161
f 7161 7164 7165
f 7161 7165 7166
f 7161 7166 7169
f 7169 7171 7167
f 7162 7157 7163
f 7156 7155 7160
f 7160 7155 7158
f 7153 7158 7155
f 7170 7169 7166
f 7169 7170 7171
f 7171 7172 7167
f 7139 7128 7130
f 7172 7168 7167
f 7133 7130 7129
f 7125 7133 7132
f 7126 7125 7138

usemtl BaseColor_0
f 7140 7139 7168
f 7140 7168 7172
f 7140 7172 7171
f 7140 7171 7170
f 7140 7170 7166
f 7140 7166 7141
f 7140 7141 7137
f 7142 7137 7141
f 7141 7158 7142
f 7159 7142 7158
f 7151 7152 7142
f 7150 7142 7152
f 7137 7148 7149
f 7137 7150 7148
f 7137 7149 7146
f 7137 7146 7147
f 7137 7147 7138
f 7138 7134 7137
f 7134 7132 7137
f 7132 7131 7137
f 7131 7135 7137
f 7135 7129 7137
f 7129 7128 7137
f 7128 7139 7137
f 7156 7141 7163
f 7163 7141 7162
f 7162 7141 7164
f 7164 7141 7165
f 7160 7141 7156
f 7151 7142 7159
f 7158 7141 7160
f 7137 7142 7150
f 7166 7165 7141
f 7140 7137 7139


o Object.16
v -41.491798 -12.707999 19.050001 255 255 255
v -41.085396 -12.707999 19.050001 255 255 255
v -41.694996 -12.707999 19.964399 188 188 188
v -41.593395 -12.707999 19.050001 255 255 255
v -41.085396 -12.707999 0.000000 255 255 255
v -41.847397 -12.707999 19.964399 188 188 188
v -41.948997 -12.707999 20.472401 188 188 188
v -41.085396 -12.707999 19.964399 188 188 188
v -40.932995 -12.707999 19.964399 188 188 188
v -40.882198 -12.707999 19.050001 255 255 255
v -41.948997 -12.707999 19.964399 188 188 188
v -41.948997 -12.707999 0.000000 255 255 255
v -41.948997 -12.707999 17.322802 255 255 255
v -41.085396 -12.707999 20.472401 188 188 188
v -41.898197 -12.707999 19.050001 255 255 255
v -41.948997 -12.707999 19.050001 255 255 255
v -40.983799 -12.707999 19.050001 255 255 255
v -40.831398 -12.707999 19.050001 255 255 255
v -40.831398 -12.707999 0.000000 255 255 255
v -44.743000 9.593201 0.000000 255 255 255
v -44.895401 9.542401 0.000000 255 255 255
v -44.946198 9.542401 0.000000 255 255 255
v -44.539799 9.644002 0.000000 255 255 255
v -44.641399 9.593201 0.000000 255 255 255
v -44.895401 9.491600 -0.050800 255 255 255
v -43.574600 8.526401 0.000000 255 255 255
v -43.523796 8.424801 0.000000 255 255 255
v -43.523796 8.374002 0.000000 255 255 255
v -44.235001 -5.189600 0.000000 255 255 255
v -44.235001 -5.138800 0.000000 255 255 255
v -44.184196 -5.596000 0.000000 255 255 255
v -38.342197 -9.304399 0.000000 255 255 255
v -38.392998 -9.304399 0.000000 255 255 255
v -38.443798 -9.050400 0.000000 255 255 255
v -38.240597 -9.761600 0.000000 255 255 255
v -38.291397 -9.660000 0.000000 255 255 255
v -38.291397 -9.507600 0.000000 255 255 255
v -37.834198 -11.183999 0.000000 255 255 255
v -37.681797 -11.590400 0.000000 255 255 255
v -38.240597 -9.710799 0.000000 255 255 255
v -44.590599 -4.325999 0.000000 255 255 255
v -44.336597 -4.783199 0.000000 255 255 255
v -39.002598 -7.323199 0.000000 255 255 255
v -38.342197 -9.507600 0.000000 255 255 255
v -38.646999 -8.339200 0.000000 255 255 255
v -38.646999 -8.339200 6.299200 255 255 255
v -38.392998 -9.101199 0.000000 255 255 255
v -38.596195 -12.047600 -0.050800 255 255 255
v -38.392998 -11.996799 0.000000 255 255 255
v -38.240597 -11.996799 0.000000 255 255 255
v -38.443798 -11.996799 0.000000 255 255 255
v -46.724197 8.983601 0.000000 255 255 255
v -46.571800 9.034402 0.000000 255 255 255
v -46.520996 9.034402 0.000000 255 255 255
v -46.774998 8.932801 0.000000 255 255 255
v -43.574600 -7.526400 0.000000 255 255 255
v -43.625397 -7.475599 0.000000 255 255 255
v -43.676197 -7.170800 0.000000 255 255 255
v -38.748596 -12.047600 0.000000 255 255 255
v -39.002598 -12.149199 0.000000 255 255 255
v -39.104195 -12.149199 0.000000 255 255 255
v -43.168198 7.154802 0.000000 255 255 255
v -43.523796 8.272401 0.000000 255 255 255
v -45.606598 9.288402 0.000000 255 255 255
v -45.657398 9.237600 0.000000 255 255 255
v -45.758999 9.237600 0.000000 255 255 255
v -43.218998 -8.643999 0.000000 255 255 255
v -43.371399 -8.085199 0.000000 255 255 255
v -40.831398 -0.719199 0.000000 255 255 255
v -48.299000 8.374002 0.000000 255 255 255
v -40.831398 -0.668399 0.000000 255 255 255
v -40.831398 -0.668399 19.050001 255 255 255
v -46.673397 3.090801 0.000000 255 255 255
v -47.333797 5.427601 0.000000 255 255 255
v -47.435398 5.732400 0.000000 255 255 255
v -40.069397 -3.563999 0.000000 255 255 255
v -44.336597 9.694800 0.000000 255 255 255
v -43.574600 8.577202 0.000000 255 255 255
v -44.438198 9.694800 0.000000 255 255 255
v -42.355396 4.513201 0.000000 255 255 255
v -42.355396 4.411601 -0.050800 255 255 255
v -42.355396 4.411601 0.000000 255 255 255
v -40.831398 -0.769999 0.000000 255 255 255
v -46.266998 9.136001 0.000000 255 255 255
v -46.470196 9.085201 0.000000 255 255 255
v -41.593395 1.770002 0.000000 255 255 255
v -41.542599 1.770002 0.000000 255 255 255
v -41.491798 1.566801 0.000000 255 255 255
v -41.085396 0.144401 0.000000 255 255 255
v -40.831398 -0.617599 0.000000 255 255 255
v -47.841797 7.154802 0.000000 255 255 255
v -39.662998 -4.681599 0.000000 255 255 255
v -39.662998 -4.986399 0.000000 255 255 255
v -44.539799 -4.325999 0.000000 255 255 255
v -39.154999 -12.199999 0.000000 255 255 255
v -39.205799 -12.199999 0.000000 255 255 255
v -40.374199 -12.555599 0.000000 255 255 255
v -40.628197 -12.657200 0.000000 255 255 255
v -40.424995 -12.555599 0.000000 255 255 255
v -40.526596 -12.555599 0.000000 255 255 255
v -47.740200 8.678802 0.000000 255 255 255
v -48.095798 8.577202 0.000000 255 255 255
v -47.790997 8.678802 0.000000 255 255 255
v -40.120197 -12.504800 0.000000 255 255 255
v -40.069397 -12.454000 0.000000 255 255 255
v -40.069397 -12.504800 0.000000 255 255 255
v -42.152199 -12.149199 0.000000 255 255 255
v -42.914200 -9.914000 0.000000 255 255 255
v -39.307400 -12.250799 0.000000 255 255 255
v -39.510597 -12.352400 0.000000 255 255 255
v -40.323399 -12.555599 0.000000 255 255 255
v -39.866199 -12.454000 0.000000 255 255 255
v -46.978195 8.932801 0.000000 255 255 255
v -46.774998 8.983601 0.000000 255 255 255
v -44.133396 -5.646799 0.000000 255 255 255
v -38.088196 -11.895200 0.000000 255 255 255
v -38.037395 -11.895200 0.000000 255 255 255
v -37.986599 -11.895200 0.000000 255 255 255
v -37.834198 -11.844399 0.000000 255 255 255
v -38.189796 -11.895200 0.000000 255 255 255
v -37.681797 -11.691999 0.000000 255 255 255
v -37.681797 -11.793599 0.000000 255 255 255
v -37.783398 -11.793599 0.000000 255 255 255
v -44.031796 -6.053199 0.000000 255 255 255
v -43.676197 -7.119999 0.000000 255 255 255
v -45.708199 -0.262000 0.000000 255 255 255
v -45.758999 0.042801 0.000000 255 255 255
v -45.911400 0.500001 0.000000 255 255 255
v -45.149399 -2.243199 0.000000 255 255 255
v -44.946198 -2.954400 0.000000 255 255 255
v -44.743000 -3.614799 0.000000 255 255 255
v -44.692196 -3.665600 0.000000 255 255 255
v -44.590599 -3.970399 0.000000 255 255 255
v -44.590599 -4.021200 0.000000 255 255 255
v -42.304600 4.462402 0.000000 255 255 255
v -45.454197 -1.125599 0.000000 255 255 255
v -45.454197 -1.074799 0.000000 255 255 255
v -39.510597 -5.443599 0.000000 255 255 255
v -39.104195 -6.865999 0.000000 255 255 255
v -40.882198 -0.617599 0.000000 255 255 255
v -39.662998 -4.884799 0.000000 255 255 255
v -39.205799 -6.307199 0.000000 255 255 255
v -39.104195 -6.561199 0.000000 255 255 255
v -39.002598 -7.272399 0.000000 255 255 255
v -45.454197 -0.973199 0.000000 255 255 255
v -47.079800 4.513201 0.000000 255 255 255
v -46.317799 1.668401 0.000000 255 255 255
v -46.571800 2.786000 0.000000 255 255 255
v -46.216198 1.363601 0.000000 255 255 255
v -45.911400 0.347600 0.000000 255 255 255
v -42.304600 4.310000 0.000000 255 255 255
v -42.304600 4.411601 0.000000 255 255 255
v -43.473000 8.272401 0.000000 255 255 255
v -43.574600 8.475601 0.000000 255 255 255
v -43.523796 8.221601 0.000000 255 255 255
v -43.727001 9.034402 0.000000 255 255 255
v -43.828598 9.593201 0.000000 255 255 255
v -43.828598 9.491600 0.000000 255 255 255
v -43.676197 9.034402 0.000000 255 255 255
v -45.250999 9.390001 0.000000 255 255 255
v -44.996998 9.491600 0.000000 255 255 255
v -45.454197 9.339201 0.000000 255 255 255
v -43.828598 9.542401 0.000000 255 255 255
v -47.536995 8.729601 0.000000 255 255 255
v -47.181396 8.831202 0.000000 255 255 255
v -42.456997 4.818002 0.000000 255 255 255
v -42.812599 5.986402 0.000000 255 255 255
v -43.168198 7.002401 0.000000 255 255 255
v -47.689396 8.678802 0.000000 255 255 255
v -45.860596 9.288402 0.000000 255 255 255
v -45.758999 9.288402 0.000000 255 255 255
v -47.232201 8.831202 0.000000 255 255 255
v -41.085396 0.093600 0.000000 255 255 255
v -41.136200 0.347600 0.000000 255 255 255
v -44.692196 9.593201 0.000000 255 255 255
v -45.962196 9.237600 0.000000 255 255 255
v -46.012997 9.237600 0.000000 255 255 255
v -47.333797 8.831202 0.000000 255 255 255
v -47.333797 8.831202 19.050001 255 255 255
v -44.133396 9.745602 0.000000 255 255 255
v -43.930199 9.898002 0.000000 255 255 255
v -44.133396 9.694800 0.000000 255 255 255
v -44.235001 9.694800 0.000000 255 255 255
v -47.536995 5.986402 0.000000 255 255 255
v -39.002598 -7.221599 0.000000 255 255 255
v -41.186996 0.449200 0.000000 255 255 255
v -40.272594 -12.555599 0.000000 255 255 255
v -45.200195 9.440801 0.000000 255 255 255
v -44.488998 9.694800 0.000000 255 255 255
v -46.216198 9.136001 0.000000 255 255 255
v -46.520996 9.034402 17.322802 255 255 255
v -48.197395 8.374002 0.000000 255 255 255
v -48.197395 8.475601 0.000000 255 255 255
v -48.197395 8.069201 0.000000 255 255 255
v -45.098598 9.491600 0.000000 255 255 255
v -39.612198 -5.037199 0.000000 255 255 255
v -45.454197 -1.277999 0.000000 255 255 255
v -43.168198 7.256401 0.000000 255 255 255
v -42.406197 4.513201 0.000000 255 255 255
v -44.438198 9.694800 16.865601 255 255 255
v -46.927399 8.932801 0.000000 255 255 255
v -38.342197 -9.456800 0.000000 255 255 255
v -38.342197 -9.406000 0.000000 255 255 255
v -38.342197 -9.253599 0.000000 255 255 255
v -40.475800 -2.090799 0.000000 255 255 255
v -45.454197 -1.277999 19.050001 255 255 255
v -44.590599 -3.919599 0.000000 255 255 255
v -45.098598 -2.497200 0.000000 255 255 255
v -43.269798 -8.593200 0.000000 255 255 255
v -40.475800 -12.555599 0.000000 255 255 255
v -47.841797 8.678802 0.000000 255 255 255
v -43.422199 -8.085199 0.000000 255 255 255
v -37.681797 -11.590400 20.472401 188 188 188
v -43.574600 -7.526400 20.472401 188 188 188
v -37.681797 -11.691999 20.472401 188 188 188
v -40.069397 -3.563999 20.472401 188 188 188
v -45.149399 -2.243199 20.472401 188 188 188
v -44.336597 -4.783199 20.472401 188 188 188
v -42.355396 4.513201 20.472401 188 188 188
v -47.435398 5.732400 20.472401 188 188 188
v -46.673397 3.090801 20.472401 188 188 188
v -40.628197 -12.657200 20.472401 188 188 188
v -39.307400 -6.307199 20.472401 188 188 188
v -45.911400 0.500001 20.472401 188 188 188
v -40.831398 -0.820799 20.472401 188 188 188
v -41.593395 1.770002 20.472401 188 188 188
v -39.510597 -12.352400 20.472401 188 188 188
v -39.866199 -12.454000 20.472401 188 188 188
v -37.681797 -11.793599 20.472401 188 188 188
v -37.783398 -11.793599 20.472401 188 188 188
v -38.240597 -11.996799 20.472401 188 188 188
v -38.748596 -12.047600 20.472401 188 188 188
v -39.104195 -12.149199 20.472401 188 188 188
v -40.323399 -12.555599 20.472401 188 188 188
v -43.168198 7.154802 20.472401 188 188 188
v -48.299000 8.374002 20.472401 188 188 188
v -48.197395 8.475601 20.472401 188 188 188
v -48.197395 8.577202 20.472401 188 188 188
v -48.095798 8.577202 20.472401 188 188 188
v -46.012997 9.237600 20.472401 188 188 188
v -45.454197 9.339201 20.472401 188 188 188
v -44.996998 9.491600 20.472401 188 188 188
v -44.488998 9.694800 20.472401 188 188 188
v -43.930199 9.898002 20.472401 188 188 188
v -47.536995 8.729601 20.472401 188 188 188
v -46.978195 8.932801 20.472401 188 188 188
v -46.520996 9.034402 20.472401 188 188 188
v -41.085396 0.042801 17.322802 255 255 255
v -41.136200 0.347600 17.322802 255 255 255
v -41.085396 0.093600 17.322802 255 255 255
v -40.882198 -0.617599 17.322802 255 255 255
v -44.539799 9.644002 17.322802 255 255 255
v -44.743000 9.593201 17.322802 255 255 255
v -44.641399 9.593201 17.322802 255 255 255
v -44.996998 9.491600 17.322802 255 255 255
v -44.946198 9.542401 17.322802 255 255 255
v -43.473000 8.272401 17.322802 255 255 255
v -43.523796 8.475601 17.322802 255 255 255
v -43.523796 8.424801 17.322802 255 255 255
v -43.574600 8.475601 17.322802 255 255 255
v -44.793797 9.542401 17.322802 255 255 255
v -40.272594 -12.555599 17.322802 255 255 255
v -40.069397 -12.504800 17.322802 255 255 255
v -40.120197 -12.504800 17.322802 255 255 255
v -45.200195 9.440801 17.322802 255 255 255
v -45.403400 9.390001 17.322802 255 255 255
v -45.250999 9.440801 17.322802 255 255 255
v -45.454197 9.339201 17.322802 255 255 255
v -44.235001 9.694800 17.322802 255 255 255
v -44.336597 9.694800 17.322802 255 255 255
v -46.317799 9.085201 17.322802 255 255 255
v -46.470196 9.085201 17.322802 255 255 255
v -46.266998 9.136001 17.322802 255 255 255
v -46.012997 9.237600 17.322802 255 255 255
v -46.216198 9.136001 17.322802 255 255 255
v -47.536995 8.729601 17.322802 255 255 255
v -47.740200 8.678802 17.322802 255 255 255
v -47.689396 8.678802 17.322802 255 255 255
v -38.392998 -9.101199 17.322802 255 255 255
v -38.697800 -8.186800 17.322802 255 255 255
v -38.443798 -8.999599 17.322802 255 255 255
v -38.342197 -9.253599 17.322802 255 255 255
v -38.646999 -8.339200 8.026401 255 255 255
v -43.371399 -8.085199 17.322802 255 255 255
v -43.574600 -7.526400 17.322802 255 255 255
v -43.422199 -8.085199 17.322802 255 255 255
v -44.133396 -5.646799 17.322802 255 255 255
v -43.625397 -7.475599 17.322802 255 255 255
v -44.031796 -6.103999 17.322802 255 255 255
v -43.676197 -7.069200 17.322802 255 255 255
v -43.980999 -6.205599 17.322802 255 255 255
v -43.676197 -7.119999 17.322802 255 255 255
v -43.676197 -7.170800 17.322802 255 255 255
v -43.371399 -8.136000 17.322802 255 255 255
v -43.269798 -8.593200 17.322802 255 255 255
v -38.088196 -11.895200 19.964399 188 188 188
v -38.189796 -11.895200 19.964399 188 188 188
v -38.037395 -11.895200 19.050001 255 255 255
v -38.088196 -11.895200 19.050001 255 255 255
v -48.197395 8.577202 0.000000 255 255 255
v -48.146599 8.577202 0.203200 255 255 255
v -48.146599 8.577202 0.000000 255 255 255
v -48.146599 8.577202 5.689600 255 255 255
v -48.146599 8.577202 12.395201 255 255 255
v -48.197395 8.577202 19.050001 255 255 255
v -48.146599 8.577202 17.322802 255 255 255
v -48.146599 8.577202 18.999201 255 255 255
v -48.146599 8.577202 19.050001 255 255 255
v -48.095798 8.577202 18.084801 255 255 255
v -48.146599 8.577202 18.440399 255 255 255
v -48.197395 8.577202 19.964399 188 188 188
v -48.146599 8.577202 9.499600 255 255 255
v -48.146599 8.577202 0.660400 255 255 255
v -48.146599 8.577202 0.609600 255 255 255
v -48.095798 8.577202 17.322802 255 255 255
v -48.197395 8.475601 5.791200 255 255 255
v -48.197395 8.475601 7.264400 255 255 255
v -48.197395 8.526401 7.213600 255 255 255
v -45.555798 9.339201 19.964399 188 188 188
v -45.454197 9.339201 19.964399 188 188 188
v -47.638599 8.729601 19.964399 188 188 188
v -47.536995 8.729601 19.964399 188 188 188
v -40.424995 -12.555599 18.034000 255 255 255
v -40.526596 -12.555599 19.050001 255 255 255
v -40.424995 -12.555599 18.135601 255 255 255
v -47.079800 8.932801 19.964399 188 188 188
v -46.978195 8.932801 19.964399 188 188 188
v -47.232201 8.831202 19.050001 255 255 255
v -47.181396 8.831202 19.050001 255 255 255
v -45.098598 9.491600 19.964399 188 188 188
v -44.996998 9.491600 19.964399 188 188 188
v -45.098598 9.491600 19.050001 255 255 255
v -45.047798 9.491600 19.050001 255 255 255
v -44.996998 9.491600 19.050001 255 255 255
v -39.612198 -12.352400 19.964399 188 188 188
v -39.510597 -12.352400 19.964399 188 188 188
v -39.561398 -12.352400 19.050001 255 255 255
v -39.510597 -12.352400 19.050001 255 255 255
v -40.729797 -12.657200 19.964399 188 188 188
v -40.628197 -12.657200 19.964399 188 188 188
v -40.729797 -12.657200 19.050001 255 255 255
v -40.628197 -12.657200 17.322802 255 255 255
v -40.678997 -12.657200 19.050001 255 255 255
v -40.628197 -12.657200 19.050001 255 255 255
v -47.181396 8.831202 0.406400 255 255 255
v -47.181396 8.831202 0.457200 255 255 255
v -38.088196 -11.895200 18.288000 255 255 255
v -38.088196 -11.895200 18.135601 255 255 255
v -38.037395 -11.895200 17.373600 255 255 255
v -37.834198 -11.844399 19.050001 255 255 255
v -38.037395 -11.895200 17.119600 255 255 255
v -38.037395 -11.895200 17.322802 255 255 255
v -37.681797 -11.590400 19.964399 188 188 188
v -37.681797 -11.691999 19.964399 188 188 188
v -37.681797 -11.590400 19.050001 255 255 255
v -37.681797 -11.641200 19.050001 255 255 255
v -37.681797 -11.691999 19.050001 255 255 255
v -37.681797 -11.590400 17.322802 255 255 255
v -37.884995 -11.031600 19.964399 188 188 188
v -38.088196 -9.964799 19.964399 188 188 188
v -39.205799 -6.662799 19.964399 188 188 188
v -38.443798 -8.999599 19.050001 255 255 255
v -38.392998 -9.101199 19.050001 255 255 255
v -39.104195 -6.865999 19.050001 255 255 255
v -39.104195 -6.561199 19.050001 255 255 255
v -37.834198 -11.183999 19.050001 255 255 255
v -37.783398 -11.234799 19.050001 255 255 255
v -37.783398 -11.234799 18.999201 255 255 255
v -39.002598 -7.272399 17.373600 255 255 255
v -39.205799 -6.307199 19.050001 255 255 255
v -39.510597 -5.443599 17.983200 255 255 255
v -39.510597 -5.443599 19.050001 255 255 255
v -39.256596 -6.307199 19.050001 255 255 255
v -39.408997 -5.748399 19.964399 188 188 188
v -38.392998 -9.152000 19.050001 255 255 255
v -38.392998 -9.152000 18.897600 255 255 255
v -39.307400 -6.307199 19.964399 188 188 188
v -39.510597 -5.240400 19.964399 188 188 188
v -40.069397 -3.563999 19.964399 188 188 188
v -40.069397 -3.563999 19.050001 255 255 255
v -40.018597 -3.563999 19.050001 255 255 255
v -39.662998 -4.681599 19.050001 255 255 255
v -40.069397 -3.563999 17.322802 255 255 255
v -40.170998 -3.259199 19.050001 255 255 255
v -40.120197 -3.259199 19.050001 255 255 255
v -40.424995 -2.141599 19.050001 255 255 255
v -41.085396 0.093600 19.050001 255 255 255
v -40.831398 -0.719199 19.964399 188 188 188
v -40.475800 -2.090799 19.050001 255 255 255
v -40.831398 -0.820799 19.964399 188 188 188
v -40.831398 -0.769999 19.050001 255 255 255
v -40.628197 -1.379599 19.964399 188 188 188
v -40.170998 -3.055999 19.964399 188 188 188
v -40.831398 -0.769999 0.050800 255 255 255
v -40.831398 -0.769999 0.203200 255 255 255
v -40.170998 -3.208399 19.050001 255 255 255
v -45.250999 -1.836799 19.964399 188 188 188
v -45.758999 -0.058799 19.964399 188 188 188
v -45.504997 -1.024000 19.050001 255 255 255
v -45.454197 -1.024000 19.050001 255 255 255
v -45.454197 -1.074799 19.050001 255 255 255
v -45.809799 0.093600 19.050001 255 255 255
v -45.758999 0.042801 19.050001 255 255 255
v -45.454197 -1.074799 17.322802 255 255 255
v -45.504997 -0.973199 17.322802 255 255 255
v -45.758999 0.042801 17.322802 255 255 255
v -46.216198 1.363601 19.050001 255 255 255
v -46.317799 1.668401 19.050001 255 255 255
v -46.012997 0.906401 19.964399 188 188 188
v -46.165398 1.312801 19.050001 255 255 255
v -46.520996 2.582802 19.964399 188 188 188
v -46.622597 2.836802 19.050001 255 255 255
v -46.571800 2.786000 19.050001 255 255 255
v -46.673397 3.090801 19.964399 188 188 188
v -46.673397 3.090801 19.050001 255 255 255
v -46.673397 3.090801 17.322802 255 255 255
v -46.978195 4.208400 19.050001 255 255 255
v -47.079800 4.513201 19.050001 255 255 255
v -47.435398 5.732400 19.050001 255 255 255
v -47.384598 5.427601 19.050001 255 255 255
v -47.435398 5.732400 19.964399 188 188 188
v -47.333797 5.427601 19.050001 255 255 255
v -43.523796 8.424801 17.881601 255 255 255
v -43.523796 8.221601 19.050001 255 255 255
v -43.523796 8.323202 18.389601 255 255 255
v -43.523796 8.475601 19.050001 255 255 255
v -47.333797 5.275200 19.964399 188 188 188
v -47.181396 4.767201 19.964399 188 188 188
v -42.253796 4.005201 19.964399 188 188 188
v -41.745796 2.227200 19.964399 188 188 188
v -44.235001 -5.189600 19.050001 255 255 255
v -44.184196 -5.596000 19.050001 255 255 255
v -42.304600 4.411601 19.050001 255 255 255
v -42.304600 4.310000 19.050001 255 255 255
v -42.304600 4.462402 18.999201 255 255 255
v -42.355396 4.513201 18.999201 255 255 255
v -42.355396 4.513201 18.948400 255 255 255
v -42.406197 4.513201 19.050001 255 255 255
v -41.593395 1.770002 17.322802 255 255 255
v -42.355396 4.513201 19.050001 255 255 255
v -42.304600 4.462402 19.050001 255 255 255
v -42.355396 4.513201 19.964399 188 188 188
v -42.507797 4.970401 19.964399 188 188 188
v -42.609394 5.427601 19.964399 188 188 188
v -43.168198 7.154802 19.964399 188 188 188
v -43.168198 7.154802 19.050001 255 255 255
v -43.168198 7.104001 19.050001 255 255 255
v -42.812599 5.986402 19.050001 255 255 255
v -43.574600 -7.526400 19.050001 255 255 255
v -43.625397 -7.475599 17.119600 255 255 255
v -43.625397 -7.475599 19.050001 255 255 255
v -43.676197 -7.170800 19.050001 255 255 255
v -43.574600 8.475601 19.050001 255 255 255
v -43.168198 7.154802 17.322802 255 255 255
v -43.168198 7.256401 19.050001 255 255 255
v -43.168198 7.205601 19.050001 255 255 255
v -43.269798 7.256401 19.964399 188 188 188
v -43.371399 7.815201 19.964399 188 188 188
v -43.828598 9.491600 19.964399 188 188 188
v -42.456997 4.818002 18.694401 255 255 255
v -42.456997 4.868801 18.999201 255 255 255
v -42.456997 4.818002 19.050001 255 255 255
v -42.710999 5.681601 19.050001 255 255 255
v -42.710999 5.732400 19.050001 255 255 255
v -41.186996 0.449200 19.050001 255 255 255
v -43.828598 9.593201 19.050001 255 255 255
v -38.240597 -11.996799 17.322802 255 255 255
v -37.783398 -11.793599 19.050001 255 255 255
v -37.986599 -11.895200 17.322802 255 255 255
v -43.930199 9.898002 19.050001 255 255 255
v -43.930199 9.898002 17.322802 255 255 255
v -43.828598 9.593201 17.322802 255 255 255
v -44.235001 9.694800 17.881601 255 255 255
v -44.133396 9.796401 19.050001 255 255 255
v -44.082600 9.796401 19.050001 255 255 255
v -43.930199 9.898002 19.964399 188 188 188
v -43.930199 9.847202 19.050001 255 255 255
v -44.031796 9.796401 19.964399 188 188 188
v -44.336597 9.694800 19.964399 188 188 188
v -44.336597 9.694800 19.050001 255 255 255
v -44.133396 9.745602 19.050001 255 255 255
v -44.184196 9.694800 18.999201 255 255 255
v -44.235001 9.694800 18.186399 255 255 255
v -44.336597 9.694800 18.999201 255 255 255
v -44.336597 9.694800 17.373600 255 255 255
v -47.841797 7.154802 19.050001 255 255 255
v -48.197395 8.069201 19.050001 255 255 255
v -48.146599 8.018401 19.050001 255 255 255
v -47.892597 7.154802 19.050001 255 255 255
v -48.095798 7.815201 19.964399 188 188 188
v -48.197395 8.374002 19.964399 188 188 188
v -48.197395 8.374002 19.050001 255 255 255
v -48.299000 8.374002 17.322802 255 255 255
v -48.299000 8.374002 19.964399 188 188 188
v -48.248199 8.374002 19.050001 255 255 255
v -48.299000 8.374002 19.050001 255 255 255
v -38.291397 -9.660000 18.237202 255 255 255
v -38.342197 -9.406000 18.084801 255 255 255
v -38.291397 -9.660000 18.338800 255 255 255
v -38.291397 -9.660000 18.846802 255 255 255
v -38.291397 -9.660000 18.542000 255 255 255
v -48.095798 8.577202 18.440399 255 255 255
v -48.197395 8.475601 17.881601 255 255 255
v -48.197395 8.475601 19.964399 188 188 188
v -48.197395 8.475601 19.050001 255 255 255
v -48.197395 8.475601 18.999201 255 255 255
v -48.197395 8.475601 2.895600 255 255 255
v -48.146599 8.526401 4.368800 255 255 255
v -48.197395 8.475601 8.737600 255 255 255
v -48.197395 8.475601 17.322802 255 255 255
v -48.197395 8.475601 13.055600 255 255 255
v -48.197395 8.424801 19.050001 255 255 255
v -48.095798 8.577202 19.964399 188 188 188
v -48.095798 8.577202 19.050001 255 255 255
v -48.197395 8.526401 19.050001 255 255 255
v -48.197395 8.526401 8.636000 255 255 255
v -48.197395 8.526401 8.686800 255 255 255
v -38.392998 -9.152000 17.475201 255 255 255
v -38.392998 -9.152000 18.846802 255 255 255
v -38.392998 -9.152000 17.424400 255 255 255
v -42.304600 4.310000 18.999201 255 255 255
v -38.240597 -9.761600 19.050001 255 255 255
v -38.240597 -9.761600 18.999201 255 255 255
v -47.841797 8.678802 19.050001 255 255 255
v -47.740200 8.678802 19.050001 255 255 255
v -47.689396 8.678802 19.050001 255 255 255
v -47.536995 8.729601 19.050001 255 255 255
v -47.689396 8.678802 17.373600 255 255 255
v -47.181396 8.831202 19.964399 188 188 188
v -47.486198 8.780400 19.050001 255 255 255
v -46.978195 8.932801 17.322802 255 255 255
v -46.978195 8.932801 19.050001 255 255 255
v -39.154999 -12.199999 1.625600 255 255 255
v -39.104195 -12.149199 19.050001 255 255 255
v -46.673397 9.034402 19.964399 188 188 188
v -46.774998 8.983601 19.050001 255 255 255
v -39.154999 -12.199999 18.948400 255 255 255
v -39.154999 -12.199999 18.135601 255 255 255
v -39.307400 -12.250799 19.050001 255 255 255
v -39.205799 -12.199999 19.050001 255 255 255
v -39.205799 -12.199999 0.914400 255 255 255
v -46.774998 8.932801 19.050001 255 255 255
v -46.724197 8.983601 19.050001 255 255 255
v -46.571800 9.034402 19.964399 188 188 188
v -46.571800 9.034402 19.050001 255 255 255
v -46.724197 8.983601 0.457200 255 255 255
v -46.520996 9.034402 19.964399 188 188 188
v -46.520996 9.034402 19.050001 255 255 255
v -48.095798 8.577202 18.491201 255 255 255
v -48.095798 8.577202 18.999201 255 255 255
v -47.740200 8.678802 19.964399 188 188 188
v -48.044998 8.628001 19.050001 255 255 255
v -40.069397 -12.504800 19.050001 255 255 255
v -47.740200 8.678802 5.029200 255 255 255
v -47.841797 8.678802 9.499600 255 255 255
v -46.012997 9.237600 19.964399 188 188 188
v -40.120197 -12.504800 19.050001 255 255 255
v -40.120197 -12.504800 17.373600 255 255 255
v -40.069397 -12.504800 10.668000 255 255 255
v -40.069397 -12.504800 8.534401 255 255 255
v -46.012997 9.237600 19.050001 255 255 255
v -46.216198 9.136001 17.373600 255 255 255
v -46.216198 9.136001 19.050001 255 255 255
v -46.266998 9.136001 19.050001 255 255 255
v -46.470196 9.085201 19.050001 255 255 255
v -46.470196 9.085201 17.576801 255 255 255
v -46.520996 9.085201 18.999201 255 255 255
v -46.114597 9.136001 19.964399 188 188 188
v -39.866199 -12.454000 17.322802 255 255 255
v -39.866199 -12.454000 19.050001 255 255 255
v -45.758999 9.237600 19.050001 255 255 255
v -45.454197 9.339201 19.050001 255 255 255
v -45.606598 9.288402 19.050001 255 255 255
v -44.539799 9.694800 0.000000 255 255 255
v -44.539799 9.694800 19.050001 255 255 255
v -44.488998 9.694800 17.322802 255 255 255
v -44.488998 9.694800 19.050001 255 255 255
v -44.488998 9.694800 19.964399 188 188 188
v -44.590599 9.694800 19.964399 188 188 188
v -45.352596 9.390001 19.964399 188 188 188
v -45.250999 9.390001 19.050001 255 255 255
v -45.200195 9.440801 19.050001 255 255 255
v -40.272594 -12.555599 19.964399 188 188 188
v -40.170998 -12.555599 19.964399 188 188 188
v -40.323399 -12.555599 18.186399 255 255 255
v -40.323399 -12.555599 17.322802 255 255 255
v -40.272594 -12.555599 19.050001 255 255 255
v -40.323399 -12.555599 19.050001 255 255 255
v -40.323399 -12.555599 19.964399 188 188 188
v -40.323399 -12.555599 16.865601 255 255 255
v -45.149399 9.440801 9.042400 255 255 255
v -45.149399 9.440801 4.470400 255 255 255
v -45.200195 9.440801 6.197600 255 255 255
v -45.149399 9.491600 0.050800 255 255 255
v -39.510597 -12.352400 17.322802 255 255 255
v -44.692196 9.593201 19.964399 188 188 188
v -44.641399 9.593201 19.050001 255 255 255
v -44.743000 9.593201 19.050001 255 255 255
v -44.438198 9.694800 17.322802 255 255 255
v -44.438198 9.694800 19.050001 255 255 255
v -40.374199 -12.555599 19.050001 255 255 255
v -40.374199 -12.555599 18.999201 255 255 255
v -44.946198 9.542401 19.050001 255 255 255
v -44.793797 9.593201 19.050001 255 255 255
v -44.793797 9.593201 18.186399 255 255 255
v -45.758999 9.288402 19.050001 255 255 255
v -45.708199 9.288402 19.050001 255 255 255
v -45.657398 9.339201 19.964399 188 188 188
v -45.962196 9.237600 19.050001 255 255 255
v -42.152199 -12.149199 19.050001 255 255 255
v -42.202999 -12.098400 19.050001 255 255 255
v -42.202999 -12.098400 0.000000 255 255 255
v -42.202999 -12.047600 15.900401 255 255 255
v -42.202999 -12.047600 19.050001 255 255 255
v -43.371399 -8.389999 19.964399 188 188 188
v -42.914200 -9.863200 0.000000 255 255 255
v -43.269798 -8.593200 3.657600 255 255 255
v -43.269798 -8.643999 12.039600 255 255 255
v -43.066601 -9.253599 18.186399 255 255 255
v -42.914200 -9.914000 19.050001 255 255 255
v -43.218998 -8.643999 17.322802 255 255 255
v -43.269798 -8.593200 3.606800 255 255 255
v -42.914200 -9.863200 19.050001 255 255 255
v -43.269798 -8.593200 5.384800 255 255 255
v -43.371399 -8.136000 19.050001 255 255 255
v -48.146599 8.577202 17.678400 255 255 255
v -48.146599 8.526401 17.271999 255 255 255
v -47.536995 6.189600 19.964399 188 188 188
v -47.536995 5.986402 19.050001 255 255 255
v -47.536995 6.037201 19.050001 255 255 255
v -47.536995 6.088000 0.000000 255 255 255
v -47.536995 6.088000 19.050001 255 255 255
v -47.435398 5.783201 19.050001 255 255 255
v -48.248199 8.374002 17.475201 255 255 255
v -40.932995 -0.262000 19.964399 188 188 188
v -41.491798 1.566801 19.050001 255 255 255
v -41.542599 1.770002 17.322802 255 255 255
v -41.542599 1.770002 17.475201 255 255 255
v -41.542599 1.770002 17.373600 255 255 255
v -41.593395 1.770002 19.050001 255 255 255
v -42.355396 4.513201 17.322802 255 255 255
v -41.593395 1.770002 19.964399 188 188 188
v -41.542599 1.770002 19.050001 255 255 255
v -41.491798 1.465201 19.964399 188 188 188
v -40.374199 -12.555599 17.322802 255 255 255
v -43.422199 -8.085199 19.050001 255 255 255
v -42.406197 4.767201 19.050001 255 255 255
v -43.168198 7.002401 17.424400 255 255 255
v -43.168198 7.002401 17.322802 255 255 255
v -43.168198 7.104001 17.373600 255 255 255
v -43.168198 7.104001 17.322802 255 255 255
v -43.117397 6.850001 17.678400 255 255 255
v -40.374199 -12.555599 8.890000 255 255 255
v -40.374199 -12.555599 8.737600 255 255 255
v -39.307400 -12.250799 18.288000 255 255 255
v -43.168198 7.104001 17.221201 255 255 255
v -43.168198 7.002401 16.510000 255 255 255
v -43.168198 7.002401 1.371600 255 255 255
v -45.911400 0.500001 19.964399 188 188 188
v -45.809799 0.347600 19.964399 188 188 188
v -43.218998 -8.643999 3.810000 255 255 255
v -43.218998 -8.643999 5.842000 255 255 255
v -45.911400 0.398401 19.050001 255 255 255
v -45.911400 0.347600 19.050001 255 255 255
v -45.911400 0.500001 19.050001 255 255 255
v -45.911400 0.500001 17.322802 255 255 255
v -44.539799 9.644002 0.050800 255 255 255
v -45.200195 9.440801 13.258801 255 255 255
v -44.539799 9.644002 0.152400 255 255 255
v -45.200195 9.440801 7.772400 255 255 255
v -44.590599 9.593201 0.050800 255 255 255
v -45.200195 9.440801 0.152400 255 255 255
v -45.149399 9.491600 3.098800 255 255 255
v -40.882198 -0.617599 0.101600 255 255 255
v -41.136200 0.347600 7.112000 255 255 255
v -40.882198 -0.617599 0.558800 255 255 255
v -41.136200 0.347600 13.970000 255 255 255
v -39.612198 -5.037199 19.050001 255 255 255
v -39.510597 -5.443599 17.475201 255 255 255
v -39.612198 -5.037199 18.999201 255 255 255
v -45.149399 -2.243199 17.322802 255 255 255
v -44.590599 -4.325999 19.050001 255 255 255
v -44.539799 -4.325999 19.050001 255 255 255
v -44.235001 -5.341999 19.964399 188 188 188
v -44.336597 -4.783199 19.964399 188 188 188
v -44.590599 -3.970399 19.050001 255 255 255
v -44.692196 -3.665600 18.694401 255 255 255
v -44.692196 -3.665600 19.050001 255 255 255
v -44.488998 -4.325999 19.964399 188 188 188
v -44.996998 -2.700399 19.964399 188 188 188
v -44.743000 -3.614799 19.050001 255 255 255
v -45.047798 -2.548000 19.050001 255 255 255
v -45.047798 -2.548000 18.897600 255 255 255
v -45.098598 -2.497200 18.999201 255 255 255
v -44.793797 -3.309999 18.643600 255 255 255
v -45.149399 -2.243199 19.964399 188 188 188
v -45.149399 -2.243199 19.050001 255 255 255
v -45.098598 -2.497200 19.050001 255 255 255
v -45.403400 -1.328799 19.050001 255 255 255
v -38.748596 -12.047600 17.322802 255 255 255
v -38.900997 -12.149199 19.050001 255 255 255
v -44.793797 -3.309999 18.389601 255 255 255
v -43.727001 -7.069200 19.964399 188 188 188
v -43.676197 -7.119999 19.050001 255 255 255
v -44.031796 -6.053199 19.050001 255 255 255
v -38.494598 -11.996799 17.678400 255 255 255
v -38.443798 -11.996799 19.050001 255 255 255
v -38.443798 -11.996799 17.678400 255 255 255
v -38.392998 -11.996799 18.999201 255 255 255
v -38.392998 -11.996799 19.050001 255 255 255
v -47.892597 7.154802 0.000000 255 255 255
v -37.681797 -11.793599 19.050001 255 255 255
v -37.681797 -11.793599 19.964399 188 188 188
v -37.783398 -11.793599 19.964399 188 188 188
v -37.732597 -11.793599 19.050001 255 255 255
v -38.342197 -11.996799 19.964399 188 188 188
v -38.240597 -11.996799 19.964399 188 188 188
v -38.240597 -11.996799 19.050001 255 255 255
v -38.189796 -11.895200 19.050001 255 255 255
v -38.240597 -11.945999 19.050001 255 255 255
v -38.189796 -11.895200 18.999201 255 255 255
v -38.596195 -11.996799 19.050001 255 255 255
v -38.646999 -11.996799 19.050001 255 255 255
v -38.646999 -11.996799 19.964399 188 188 188
v -38.748596 -12.047600 19.964399 188 188 188
v -38.748596 -12.047600 19.050001 255 255 255
v -39.104195 -12.149199 19.964399 188 188 188
v -39.002598 -12.149199 19.964399 188 188 188
v -39.053398 -12.149199 19.050001 255 255 255
v -39.002598 -12.149199 19.050001 255 255 255
v -39.154999 -12.199999 1.828800 255 255 255
v -39.408997 -12.250799 19.050001 255 255 255
v -39.408997 -12.250799 19.964399 188 188 188
v -39.459797 -12.301600 19.050001 255 255 255
v -39.713799 -12.352400 19.050001 255 255 255
v -39.866199 -12.352400 19.964399 188 188 188
v -39.764595 -12.352400 19.050001 255 255 255
v -39.866199 -12.454000 19.964399 188 188 188
v -39.916996 -12.454000 19.050001 255 255 255
v -42.253796 -11.793599 19.964399 188 188 188
v -41.999798 -12.707999 19.050001 255 255 255
v -43.574600 -7.526400 19.964399 188 188 188
v -40.729797 -12.707999 19.050001 255 255 255
v -40.424995 -12.555599 19.964399 188 188 188
v -40.526596 -12.606400 19.050001 255 255 255
v -40.475800 -12.606400 18.999201 255 255 255
v -39.154999 -12.199999 19.050001 255 255 255
v -38.748596 -12.098400 19.050001 255 255 255
v -38.646999 -12.047600 19.050001 255 255 255
v -42.202999 -11.996799 19.050001 255 255 255
v -40.374199 -12.606400 18.999201 255 255 255
v -45.403400 -1.328799 18.999201 255 255 255
v -44.743000 -3.614799 18.643600 255 255 255
v -39.612198 -5.037199 0.152400 255 255 255
v -39.612198 -5.037199 18.288000 255 255 255
v -39.002598 -7.272399 15.595600 255 255 255
v -39.002598 -7.272399 0.812800 255 255 255
v -45.454197 -1.074799 0.711200 255 255 255
v -45.454197 -1.074799 14.173201 255 255 255
v -45.504997 -1.024000 0.000000 255 255 255
v -45.454197 -1.074799 17.373600 255 255 255
v -43.168198 7.104001 0.000000 255 255 255
v -43.473000 8.272401 14.173201 255 255 255
v -43.473000 8.272401 9.956800 255 255 255
v -47.740200 8.678802 11.887200 255 255 255
v -47.740200 8.678802 5.588000 255 255 255
v -47.740200 8.678802 12.903200 255 255 255
v -48.146599 8.018401 0.000000 255 255 255
v -47.994198 8.577202 5.791200 255 255 255
v -47.994198 8.577202 5.740400 255 255 255
v -46.876598 8.932801 7.264400 255 255 255
v -46.774998 8.983601 14.173201 255 255 255
v -46.876598 8.932801 9.753600 255 255 255
v -46.927399 8.932801 4.876800 255 255 255
v -46.876598 8.932801 9.652000 255 255 255
v -48.044998 8.628001 0.000000 255 255 255
v -46.470196 9.034402 17.322802 255 255 255
v -46.470196 9.085201 17.373600 255 255 255
v -45.098598 9.491600 9.550401 255 255 255
v -45.149399 9.440801 0.101600 255 255 255
v -45.149399 9.491600 0.000000 255 255 255
v -45.250999 9.390001 0.050800 255 255 255
v -44.539799 9.694800 0.050800 255 255 255
v -44.743000 9.593201 18.186399 255 255 255
v -45.758999 9.288402 16.256001 255 255 255
v -45.962196 9.237600 0.508000 255 255 255
v -45.962196 9.237600 2.133600 255 255 255
v -45.860596 9.237600 8.991600 255 255 255
v -45.962196 9.237600 2.387600 255 255 255
v -45.200195 9.440801 0.101600 255 255 255

v -40.729797 -12.657200 19.964399 188 188 188
v -41.085396 -12.707999 20.472401 188 188 188
v -40.628197 -12.657200 20.472401 188 188 188
v -41.085396 -12.707999 20.472401 188 188 188
v -41.085396 -12.707999 20.472401 188 188 188
v -43.574600 -7.526400 20.472401 188 188 188
v -41.085396 -12.707999 20.472401 188 188 188
v -41.948997 -12.707999 20.472401 188 188 188
v -41.085396 -12.707999 19.964399 188 188 188
v -41.948997 -12.707999 20.472401 188 188 188
v -41.948997 -12.707999 20.472401 188 188 188
v -43.574600 -7.526400 20.472401 188 188 188
v -42.253796 -11.793599 19.964399 188 188 188
v -43.574600 -7.526400 20.472401 188 188 188
v -40.628197 -12.657200 20.472401 188 188 188
v -40.424995 -12.555599 19.964399 188 188 188
v -40.628197 -12.657200 20.472401 188 188 188
v -40.424995 -12.555599 19.964399 188 188 188
v -40.323399 -12.555599 20.472401 188 188 188
v -40.323399 -12.555599 19.964399 188 188 188
v -40.323399 -12.555599 20.472401 188 188 188
v -40.272594 -12.555599 19.964399 188 188 188
v -40.323399 -12.555599 20.472401 188 188 188
v -40.323399 -12.555599 20.472401 188 188 188
v -40.170998 -12.555599 19.964399 188 188 188
v -39.866199 -12.454000 19.964399 188 188 188
v -39.866199 -12.454000 20.472401 188 188 188
v -39.866199 -12.352400 19.964399 188 188 188
v -39.612198 -12.352400 19.964399 188 188 188
v -39.510597 -12.352400 19.964399 188 188 188
v -39.510597 -12.352400 20.472401 188 188 188
v -39.510597 -12.352400 20.472401 188 188 188
v -39.408997 -12.250799 19.964399 188 188 188
v -38.748596 -12.047600 19.964399 188 188 188
v -39.104195 -12.149199 20.472401 188 188 188
v -38.748596 -12.047600 20.472401 188 188 188
v -43.574600 -7.526400 20.472401 188 188 188
v -39.104195 -12.149199 20.472401 188 188 188
v -39.104195 -12.149199 20.472401 188 188 188
v -43.574600 -7.526400 20.472401 188 188 188
v -39.510597 -12.352400 20.472401 188 188 188
v -39.510597 -12.352400 20.472401 188 188 188
v -43.574600 -7.526400 20.472401 188 188 188
v -39.866199 -12.454000 20.472401 188 188 188
v -39.866199 -12.454000 20.472401 188 188 188
v -43.574600 -7.526400 20.472401 188 188 188
v -40.323399 -12.555599 20.472401 188 188 188
v -43.574600 -7.526400 20.472401 188 188 188
v -38.748596 -12.047600 20.472401 188 188 188
v -38.240597 -11.996799 20.472401 188 188 188
v -38.748596 -12.047600 20.472401 188 188 188
v -38.342197 -11.996799 19.964399 188 188 188
v -38.748596 -12.047600 20.472401 188 188 188
v -38.240597 -11.996799 20.472401 188 188 188
v -38.189796 -11.895200 19.964399 188 188 188
v -38.240597 -11.996799 20.472401 188 188 188
v -38.088196 -11.895200 19.964399 188 188 188
v -38.240597 -11.996799 20.472401 188 188 188
v -38.240597 -11.996799 20.472401 188 188 188
v -37.783398 -11.793599 19.964399 188 188 188
v -37.783398 -11.793599 19.964399 188 188 188
v -37.783398 -11.793599 20.472401 188 188 188
v -37.783398 -11.793599 20.472401 188 188 188
v -37.681797 -11.793599 19.964399 188 188 188
v -37.681797 -11.793599 19.964399 188 188 188
v -37.681797 -11.793599 20.472401 188 188 188
v -37.681797 -11.793599 20.472401 188 188 188
v -37.681797 -11.691999 19.964399 188 188 188
v -37.681797 -11.691999 19.964399 188 188 188
v -37.681797 -11.691999 20.472401 188 188 188
v -37.681797 -11.691999 20.472401 188 188 188
v -37.681797 -11.590400 19.964399 188 188 188
v -37.681797 -11.590400 19.964399 188 188 188
v -37.681797 -11.590400 20.472401 188 188 188
v -37.884995 -11.031600 19.964399 188 188 188
v -37.681797 -11.590400 20.472401 188 188 188
v -37.681797 -11.590400 20.472401 188 188 188
v -38.088196 -9.964799 19.964399 188 188 188
v -39.205799 -6.662799 19.964399 188 188 188
v -39.307400 -6.307199 19.964399 188 188 188
v -39.307400 -6.307199 20.472401 188 188 188
v -39.408997 -5.748399 19.964399 188 188 188
v -39.307400 -6.307199 20.472401 188 188 188
v -39.307400 -6.307199 20.472401 188 188 188
v -39.510597 -5.240400 19.964399 188 188 188
v -40.069397 -3.563999 19.964399 188 188 188
v -40.069397 -3.563999 20.472401 188 188 188
v -40.170998 -3.055999 19.964399 188 188 188
v -40.628197 -1.379599 19.964399 188 188 188
v -40.069397 -3.563999 20.472401 188 188 188
v -40.069397 -3.563999 20.472401 188 188 188
v -40.831398 -0.820799 20.472401 188 188 188
v -40.831398 -0.820799 20.472401 188 188 188
v -45.149399 -2.243199 20.472401 188 188 188
v -45.149399 -2.243199 20.472401 188 188 188
v -45.911400 0.500001 20.472401 188 188 188
v -45.250999 -1.836799 19.964399 188 188 188
v -45.911400 0.500001 20.472401 188 188 188
v -45.149399 -2.243199 20.472401 188 188 188
v -45.149399 -2.243199 20.472401 188 188 188
v -44.996998 -2.700399 19.964399 188 188 188
v -44.488998 -4.325999 19.964399 188 188 188
v -44.336597 -4.783199 19.964399 188 188 188
v -44.336597 -4.783199 20.472401 188 188 188
v -44.336597 -4.783199 20.472401 188 188 188
v -44.235001 -5.341999 19.964399 188 188 188
v -43.574600 -7.526400 20.472401 188 188 188
v -43.727001 -7.069200 19.964399 188 188 188
v -43.727001 -7.069200 19.964399 188 188 188
v -43.574600 -7.526400 20.472401 188 188 188
v -44.336597 -4.783199 20.472401 188 188 188
v -39.307400 -6.307199 20.472401 188 188 188
v -44.336597 -4.783199 20.472401 188 188 188
v -43.574600 -7.526400 20.472401 188 188 188
v -43.574600 -7.526400 20.472401 188 188 188
v -37.681797 -11.590400 20.472401 188 188 188
v -39.307400 -6.307199 20.472401 188 188 188
v -44.336597 -4.783199 20.472401 188 188 188
v -39.307400 -6.307199 20.472401 188 188 188
v -40.069397 -3.563999 20.472401 188 188 188
v -44.488998 -4.325999 19.964399 188 188 188
v -44.336597 -4.783199 20.472401 188 188 188
v -45.149399 -2.243199 20.472401 188 188 188
v -40.831398 -0.820799 20.472401 188 188 188
v -40.831398 -0.719199 19.964399 188 188 188
v -40.831398 -0.820799 20.472401 188 188 188
v -40.831398 -0.820799 20.472401 188 188 188
v -40.932995 -0.262000 19.964399 188 188 188
v -42.609394 5.427601 19.964399 188 188 188
v -42.355396 4.513201 20.472401 188 188 188
v -42.507797 4.970401 19.964399 188 188 188
v -42.355396 4.513201 20.472401 188 188 188
v -42.355396 4.513201 20.472401 188 188 188
v -42.355396 4.513201 19.964399 188 188 188
v -42.253796 4.005201 19.964399 188 188 188
v -41.593395 1.770002 20.472401 188 188 188
v -41.745796 2.227200 19.964399 188 188 188
v -41.593395 1.770002 20.472401 188 188 188
v -41.491798 1.465201 19.964399 188 188 188
v -41.593395 1.770002 19.964399 188 188 188
v -42.253796 4.005201 19.964399 188 188 188
v -42.355396 4.513201 20.472401 188 188 188
v -41.593395 1.770002 20.472401 188 188 188
v -41.593395 1.770002 20.472401 188 188 188
v -42.355396 4.513201 20.472401 188 188 188
v -42.355396 4.513201 20.472401 188 188 188
v -46.673397 3.090801 20.472401 188 188 188
v -46.673397 3.090801 20.472401 188 188 188
v -47.435398 5.732400 20.472401 188 188 188
v -46.673397 3.090801 19.964399 188 188 188
v -47.435398 5.732400 20.472401 188 188 188
v -45.454197 9.339201 19.964399 188 188 188
v -45.454197 9.339201 20.472401 188 188 188
v -43.168198 7.154802 19.964399 188 188 188
v -43.269798 7.256401 19.964399 188 188 188
v -43.168198 7.154802 20.472401 188 188 188
v -43.168198 7.154802 20.472401 188 188 188
v -43.371399 7.815201 19.964399 188 188 188
v -43.828598 9.491600 19.964399 188 188 188
v -43.930199 9.898002 19.964399 188 188 188
v -43.930199 9.898002 20.472401 188 188 188
v -43.930199 9.898002 20.472401 188 188 188
v -44.031796 9.796401 19.964399 188 188 188
v -44.488998 9.694800 19.964399 188 188 188
v -44.488998 9.694800 20.472401 188 188 188
v -44.336597 9.694800 19.964399 188 188 188
v -44.590599 9.694800 19.964399 188 188 188
v -44.488998 9.694800 20.472401 188 188 188
v -44.488998 9.694800 20.472401 188 188 188
v -44.692196 9.593201 19.964399 188 188 188
v -44.996998 9.491600 19.964399 188 188 188
v -44.996998 9.491600 19.964399 188 188 188
v -44.996998 9.491600 20.472401 188 188 188
v -44.488998 9.694800 20.472401 188 188 188
v -44.996998 9.491600 20.472401 188 188 188
v -43.168198 7.154802 20.472401 188 188 188
v -44.488998 9.694800 20.472401 188 188 188
v -44.488998 9.694800 20.472401 188 188 188
v -43.168198 7.154802 20.472401 188 188 188
v -43.930199 9.898002 20.472401 188 188 188
v -45.454197 9.339201 20.472401 188 188 188
v -43.168198 7.154802 20.472401 188 188 188
v -44.996998 9.491600 20.472401 188 188 188
v -43.168198 7.154802 20.472401 188 188 188
v -45.454197 9.339201 20.472401 188 188 188
v -45.454197 9.339201 20.472401 188 188 188
v -46.012997 9.237600 20.472401 188 188 188
v -46.012997 9.237600 19.964399 188 188 188
v -46.012997 9.237600 20.472401 188 188 188
v -46.012997 9.237600 20.472401 188 188 188
v -46.114597 9.136001 19.964399 188 188 188
v -46.520996 9.034402 19.964399 188 188 188
v -46.571800 9.034402 19.964399 188 188 188
v -46.520996 9.034402 20.472401 188 188 188
v -46.520996 9.034402 20.472401 188 188 188
v -46.673397 9.034402 19.964399 188 188 188
v -46.978195 8.932801 19.964399 188 188 188
v -47.079800 8.932801 19.964399 188 188 188
v -46.978195 8.932801 20.472401 188 188 188
v -46.978195 8.932801 20.472401 188 188 188
v -47.181396 8.831202 19.964399 188 188 188
v -47.536995 8.729601 19.964399 188 188 188
v -47.638599 8.729601 19.964399 188 188 188
v -47.536995 8.729601 20.472401 188 188 188
v -47.536995 8.729601 20.472401 188 188 188
v -47.740200 8.678802 19.964399 188 188 188
v -48.095798 8.577202 19.964399 188 188 188
v -48.095798 8.577202 20.472401 188 188 188
v -48.197395 8.577202 19.964399 188 188 188
v -48.197395 8.577202 20.472401 188 188 188
v -47.435398 5.732400 20.472401 188 188 188
v -48.095798 8.577202 20.472401 188 188 188
v -48.095798 8.577202 20.472401 188 188 188
v -47.435398 5.732400 20.472401 188 188 188
v -47.536995 8.729601 20.472401 188 188 188
v -46.978195 8.932801 20.472401 188 188 188
v -47.536995 8.729601 20.472401 188 188 188
v -47.435398 5.732400 20.472401 188 188 188
v -47.435398 5.732400 20.472401 188 188 188
v -46.520996 9.034402 20.472401 188 188 188
v -46.978195 8.932801 20.472401 188 188 188
v -47.435398 5.732400 20.472401 188 188 188
v -46.012997 9.237600 20.472401 188 188 188
v -46.520996 9.034402 20.472401 188 188 188
v -47.435398 5.732400 20.472401 188 188 188
v -48.197395 8.577202 20.472401 188 188 188
v -48.197395 8.475601 20.472401 188 188 188
v -48.197395 8.577202 20.472401 188 188 188
v -47.435398 5.732400 20.472401 188 188 188
v -48.197395 8.475601 20.472401 188 188 188
v -48.299000 8.374002 20.472401 188 188 188
v -48.197395 8.475601 20.472401 188 188 188
v -48.299000 8.374002 19.964399 188 188 188
v -48.299000 8.374002 20.472401 188 188 188
v -48.197395 8.374002 19.964399 188 188 188
v -48.299000 8.374002 20.472401 188 188 188
v -48.299000 8.374002 20.472401 188 188 188
v -48.095798 7.815201 19.964399 188 188 188
v -47.536995 6.189600 19.964399 188 188 188
v -47.435398 5.732400 20.472401 188 188 188
v -48.299000 8.374002 20.472401 188 188 188
v -48.197395 8.577202 20.472401 188 188 188
v -48.197395 8.577202 19.964399 188 188 188
v -48.197395 8.475601 19.964399 188 188 188
v -47.536995 8.729601 20.472401 188 188 188
v -48.095798 8.577202 19.964399 188 188 188
v -48.095798 8.577202 20.472401 188 188 188
v -46.978195 8.932801 20.472401 188 188 188
v -47.536995 8.729601 19.964399 188 188 188
v -47.536995 8.729601 20.472401 188 188 188
v -46.520996 9.034402 20.472401 188 188 188
v -46.978195 8.932801 19.964399 188 188 188
v -46.978195 8.932801 20.472401 188 188 188
v -46.012997 9.237600 20.472401 188 188 188
v -46.520996 9.034402 19.964399 188 188 188
v -46.520996 9.034402 20.472401 188 188 188
v -46.012997 9.237600 19.964399 188 188 188
v -45.454197 9.339201 20.472401 188 188 188
v -47.435398 5.732400 20.472401 188 188 188
v -43.168198 7.154802 20.472401 188 188 188
v -46.012997 9.237600 20.472401 188 188 188
v -44.336597 9.694800 19.964399 188 188 188
v -44.488998 9.694800 20.472401 188 188 188
v -43.930199 9.898002 20.472401 188 188 188
v -43.828598 9.491600 19.964399 188 188 188
v -43.930199 9.898002 20.472401 188 188 188
v -43.168198 7.154802 20.472401 188 188 188
v -45.352596 9.390001 19.964399 188 188 188
v -44.996998 9.491600 20.472401 188 188 188
v -45.098598 9.491600 19.964399 188 188 188
v -45.352596 9.390001 19.964399 188 188 188
v -45.454197 9.339201 20.472401 188 188 188
v -44.996998 9.491600 20.472401 188 188 188
v -45.555798 9.339201 19.964399 188 188 188
v -45.657398 9.339201 19.964399 188 188 188
v -45.454197 9.339201 20.472401 188 188 188
v -48.197395 8.475601 20.472401 188 188 188
v -48.197395 8.475601 19.964399 188 188 188
v -48.299000 8.374002 19.964399 188 188 188
v -45.911400 0.500001 20.472401 188 188 188
v -46.012997 0.906401 19.964399 188 188 188
v -45.911400 0.500001 20.472401 188 188 188
v -46.673397 3.090801 20.472401 188 188 188
v -46.012997 0.906401 19.964399 188 188 188
v -46.673397 3.090801 20.472401 188 188 188
v -47.435398 5.732400 20.472401 188 188 188
v -47.536995 6.189600 19.964399 188 188 188
v -47.435398 5.732400 20.472401 188 188 188
v -47.435398 5.732400 19.964399 188 188 188
v -47.333797 5.275200 19.964399 188 188 188
v -47.181396 4.767201 19.964399 188 188 188
v -47.435398 5.732400 20.472401 188 188 188
v -46.673397 3.090801 20.472401 188 188 188
v -46.673397 3.090801 19.964399 188 188 188
v -46.520996 2.582802 19.964399 188 188 188
v -47.435398 5.732400 20.472401 188 188 188
v -42.355396 4.513201 20.472401 188 188 188
v -43.168198 7.154802 20.472401 188 188 188
v -41.593395 1.770002 20.472401 188 188 188
v -46.673397 3.090801 20.472401 188 188 188
v -45.911400 0.500001 20.472401 188 188 188
v -43.168198 7.154802 20.472401 188 188 188
v -42.355396 4.513201 20.472401 188 188 188
v -43.168198 7.154802 19.964399 188 188 188
v -41.491798 1.465201 19.964399 188 188 188
v -41.593395 1.770002 20.472401 188 188 188
v -40.831398 -0.820799 20.472401 188 188 188
v -45.911400 0.500001 20.472401 188 188 188
v -45.911400 0.500001 19.964399 188 188 188
v -45.809799 0.347600 19.964399 188 188 188
v -45.758999 -0.058799 19.964399 188 188 188
v -45.911400 0.500001 20.472401 188 188 188
v -45.250999 -1.836799 19.964399 188 188 188
v -45.149399 -2.243199 19.964399 188 188 188
v -45.149399 -2.243199 20.472401 188 188 188
v -45.911400 0.500001 20.472401 188 188 188
v -40.831398 -0.820799 20.472401 188 188 188
v -41.593395 1.770002 20.472401 188 188 188
v -40.069397 -3.563999 20.472401 188 188 188
v -45.149399 -2.243199 20.472401 188 188 188
v -44.336597 -4.783199 20.472401 188 188 188
v -40.628197 -1.379599 19.964399 188 188 188
v -40.831398 -0.820799 19.964399 188 188 188
v -40.831398 -0.820799 20.472401 188 188 188
v -40.069397 -3.563999 19.964399 188 188 188
v -40.069397 -3.563999 20.472401 188 188 188
v -39.307400 -6.307199 20.472401 188 188 188
v -39.205799 -6.662799 19.964399 188 188 188
v -39.307400 -6.307199 20.472401 188 188 188
v -37.681797 -11.590400 20.472401 188 188 188
v -37.681797 -11.590400 20.472401 188 188 188
v -43.574600 -7.526400 20.472401 188 188 188
v -37.681797 -11.691999 20.472401 188 188 188
v -37.681797 -11.691999 20.472401 188 188 188
v -43.574600 -7.526400 20.472401 188 188 188
v -37.681797 -11.793599 20.472401 188 188 188
v -37.681797 -11.793599 20.472401 188 188 188
v -43.574600 -7.526400 20.472401 188 188 188
v -37.783398 -11.793599 20.472401 188 188 188
v -38.342197 -11.996799 19.964399 188 188 188
v -38.240597 -11.996799 19.964399 188 188 188
v -38.240597 -11.996799 20.472401 188 188 188
v -37.783398 -11.793599 20.472401 188 188 188
v -43.574600 -7.526400 20.472401 188 188 188
v -38.240597 -11.996799 20.472401 188 188 188
v -38.748596 -12.047600 19.964399 188 188 188
v -38.646999 -11.996799 19.964399 188 188 188
v -38.748596 -12.047600 20.472401 188 188 188
v -39.104195 -12.149199 19.964399 188 188 188
v -39.002598 -12.149199 19.964399 188 188 188
v -39.104195 -12.149199 20.472401 188 188 188
v -39.104195 -12.149199 19.964399 188 188 188
v -39.104195 -12.149199 20.472401 188 188 188
v -39.510597 -12.352400 20.472401 188 188 188
v -39.612198 -12.352400 19.964399 188 188 188
v -39.510597 -12.352400 20.472401 188 188 188
v -39.866199 -12.454000 20.472401 188 188 188
v -39.866199 -12.454000 19.964399 188 188 188
v -39.866199 -12.454000 20.472401 188 188 188
v -40.323399 -12.555599 20.472401 188 188 188
v -43.574600 -7.526400 20.472401 188 188 188
v -43.574600 -7.526400 19.964399 188 188 188
v -43.371399 -8.389999 19.964399 188 188 188
v -40.323399 -12.555599 20.472401 188 188 188
v -43.574600 -7.526400 20.472401 188 188 188
v -40.628197 -12.657200 20.472401 188 188 188
v -40.729797 -12.657200 19.964399 188 188 188
v -40.628197 -12.657200 19.964399 188 188 188
v -40.628197 -12.657200 20.472401 188 188 188
v -41.085396 -12.707999 19.964399 188 188 188
v -40.932995 -12.707999 19.964399 188 188 188
v -41.085396 -12.707999 20.472401 188 188 188
v -41.948997 -12.707999 20.472401 188 188 188
v -42.253796 -11.793599 19.964399 188 188 188
v -41.948997 -12.707999 19.964399 188 188 188
v -41.948997 -12.707999 20.472401 188 188 188
v -41.847397 -12.707999 19.964399 188 188 188
v -41.694996 -12.707999 19.964399 188 188 188
v -41.948997 -12.707999 20.472401 188 188 188

f 7549 7224 7219
f 8001 7432 8002
f 8003 7424 8004
f 8005 8006 7217
f 8007 8008 7218
f 7213 8009 8010
f 7950 8011 8012
f 8013 8014 7825
f 7954 8015 7550
f 8016 7444 8017
f 8018 7799 8019
f 8020 7793 8021
f 8022 7794 8023
f 7948 8024 8025
f 8026 7946 7438
f 7545 8027 8028
f 8029 7546 7437
f 8030 7943 8031
f 7937 8032 8033
f 7935 7443 7938
f 8034 7442 8035
f 8036 8037 8038
f 8039 8040 8041
f 8042 8043 8044
f 8045 8046 8047
f 7441 8048 8049
f 7926 8050 8051
f 8052 8053 7934
f 7507 7506 8054
f 7927 8055 8056
f 8057 7924 8058
f 7440 8059 8060
f 8061 7923 8062
f 7439 8063 8064
f 8065 7564 8066
f 7425 8067 8068
f 8069 7563 8070
f 7423 8071 8072
f 8073 7569 8074
f 8075 7570 8076
f 7571 8077 8078
f 8079 7587 7433
f 8080 7584 8081
f 8082 7588 8083
f 7589 8084 8085
f 8086 7603 7426
f 7602 8087 8088
f 8089 7435 8090
f 7427 8091 8092
f 8093 7434 8094
f 7607 8095 8096
f 8097 8098 7608
f 8099 7906 7900
f 7899 8100 8101
f 8102 7895 7428
f 8103 7894 8104
f 7913 8105 8106
f 7952 8107 8108
f 8109 8110 8111
f 8112 8113 8114
f 8115 8116 8117
f 8118 8119 8120
f 8121 8122 8123
f 7600 7598 8124
f 8125 7845 8126
f 7854 8127 8128
f 7655 7429 7654
f 7653 8129 8130
f 7652 8131 8132
f 8133 7639 8134
f 7852 7640 7436
f 8135 8136 8137
f 8138 8139 8140
f 8141 8142 8143
f 7431 8144 8145
f 8146 7430 8147
f 7624 8148 8149
f 8150 8151 7638
f 7529 7451 7530
f 8152 8153 7790
f 7667 7668 7445
f 8154 8155 8156
f 7669 8157 8158
f 7454 8159 7686
f 8160 7688 8161
f 7689 8162 8163
f 7789 7453 7788
f 8164 8165 8166
f 8167 7806 8168
f 7541 8169 8170
f 7540 7452 8171
f 8172 8173 8174
f 8175 8176 8177
f 8178 8179 8180
f 8181 8182 8183
f 7450 8184 8185
f 8186 7766 8187
f 8188 7778 8189
f 7757 8190 8191
f 7754 7457 8192
f 8193 7745 8194
f 7537 8195 8196
f 7536 7456 8197
f 8198 7739 8199
f 7532 8200 8201
f 7531 7455 8202
f 8203 7761 8204
f 7723 8205 8206
f 7521 7449 8207
f 8208 8209 7448
f 8210 8211 8212
f 8213 8214 8215
f 8216 8217 8218
f 8219 8220 8221
f 8222 8223 8224
f 7447 8225 8226
f 7714 8227 8228
f 7446 8229 8230
f 7704 8231 8232
f 8233 7701 8234
f 8235 7700 8236
f 7838 8237 8238
f 8239 8240 8241
f 8242 8243 8244
f 8245 8246 8247
f 8248 8249 8250
f 8251 8252 8253
f 8254 8255 8256
f 8257 8258 7818
f 8259 8260 8261
f 8262 8263 8264
f 8265 8266 8267
f 8268 8269 8270
f 8271 8272 8273
f 8274 8275 8276
f 8277 8278 8279
f 7619 7869 8280
f 8281 8282 8283
f 8284 8285 7621
f 7631 8286 8287
f 8288 8289 7637
f 8290 8291 8292
f 8293 8294 8295
f 8296 8297 8298
f 8299 8300 8301
f 8302 8303 8304
f 8305 8306 8307
f 8308 8309 7870
f 8310 8311 8312
f 8313 8314 8315
f 8316 8317 8318
f 8319 8320 8321
f 8322 8323 8324
f 8325 8326 8327
f 8328 8329 8330
f 8331 8332 8333
f 8334 8335 8336
f 8337 8338 8339
f 8340 8341 8342
f 8343 8344 8345
f 8346 8347 8348
f 8349 8350 8351
f 8352 8353 8354
f 8355 8356 8357
f 8358 8359 8360
f 8361 8362 8363
f 8364 8365 8366
f 8367 8368 8369
f 8370 8371 8372
f 7221 8373 8374
f 8375 7216 8376
f 8377 8378 8379

usemtl BaseColor_0
f 7211 7212 7213
f 7213 7216 7211
f 7214 7211 7216
f 7225 7214 7216
f 7216 7221 7225
f 7226 7225 7221
f 7226 7221 7950
f 7226 7950 7951
f 7227 7220 7218
f 7212 7227 7218
f 7219 7218 7220
f 7220 7953 7219
f 7551 7219 7953
f 7551 7549 7219
f 7821 7950 7825
f 7821 7825 7824
f 7833 7830 7824
f 7824 7960 7833
f 7833 7960 7825
f 7835 7833 7825
f 7835 7825 7952
f 7835 7952 7856
f 7763 7949 7794
f 7794 7793 7763
f 7767 7763 7793
f 7797 7767 7793
f 7793 7799 7797
f 7798 7797 7799
f 7799 7954 7798
f 7961 7798 7954
f 7811 7961 7954
f 7811 7954 7550
f 7956 7811 7550
f 7955 7956 7550
f 7554 7955 7550
f 7550 7549 7554
f 7553 7554 7549
f 7552 7535 7554
f 7534 7554 7535
f 7551 7228 7552
f 7780 7948 7794
f 7780 7947 7948
f 7947 7946 7948
f 7547 7545 7946
f 7945 7547 7946
f 7548 7944 7546
f 7546 7545 7548
f 7744 7937 7943
f 7744 7943 7957
f 7942 7749 7943
f 7749 7957 7943
f 7744 7939 7937
f 7939 7940 7937
f 7938 7937 7940
f 7940 7911 7938
f 7911 7958 7938
f 7936 7938 7958
f 7936 7935 7938
f 7932 7926 7934
f 7933 7932 7934
f 7934 7935 7933
f 7933 7935 7959
f 7932 7933 7910
f 7932 7910 7917
f 7928 7930 7927
f 7929 7927 7930
f 7508 7560 7506
f 7506 7507 7508
f 7572 7571 7570
f 7572 7570 7573
f 7568 7492 7708
f 7568 7708 7707
f 7568 7707 7709
f 7568 7709 7576
f 7568 7576 7578
f 7577 7568 7578
f 7567 7566 7564
f 7575 7580 7583
f 7575 7583 7587
f 7575 7587 7571
f 7574 7575 7571
f 7579 7575 7574
f 7590 7589 7588
f 7590 7588 7591
f 7592 7590 7591
f 7606 7594 7596
f 7606 7596 7599
f 7606 7599 7603
f 7606 7603 7589
f 7611 7607 7608
f 7610 7611 7608
f 7609 7610 7608
f 7612 7609 7608
f 7612 7608 7870
f 7873 7612 7870
f 7873 7870 7869
f 7869 7875 7873
f 7612 7613 7611
f 7611 7416 7909
f 7892 7912 7891
f 7906 7907 7908
f 7902 7906 7908
f 7902 7900 7906
f 7898 7899 7900
f 7898 7900 7901
f 7892 7896 7897
f 7896 7892 7895
f 7896 7895 7899
f 7662 7913 7894
f 7662 7894 7914
f 7659 7913 7661
f 7659 7952 7913
f 7642 7915 7894
f 7641 7642 7894
f 7893 7641 7894
f 7915 7914 7894
f 7662 7661 7913
f 7893 7894 7895
f 7893 7895 7892
f 7892 7897 7963
f 7898 7896 7899
f 7902 7901 7900
f 7909 7907 7906
f 7909 7906 7607
f 7892 7963 7912
f 7580 7581 7582
f 7582 7888 7584
f 7583 7582 7584
f 7888 7592 7584
f 7599 7601 7602
f 7601 7600 7602
f 7282 7600 7601
f 7600 7282 7598
f 7846 7854 7845
f 7675 7846 7845
f 7597 7675 7845
f 7664 7658 7860
f 7656 7666 7655
f 7656 7655 7654
f 7652 7639 7650
f 7648 7652 7650
f 7649 7846 7847
f 7675 7649 7847
f 7675 7847 7849
f 7675 7849 7848
f 7850 7854 7853
f 7852 7854 7850
f 7850 7644 7852
f 7644 7640 7852
f 7643 7639 7640
f 7643 7651 7639
f 7644 7646 7645
f 7644 7645 7643
f 7643 7640 7644
f 7648 7857 7672
f 7648 7672 7653
f 7672 7673 7653
f 7658 7653 7673
f 7674 7862 7658
f 7658 7657 7654
f 7650 7639 7651
f 7625 7624 7638
f 7627 7625 7638
f 7627 7638 7637
f 7628 7627 7637
f 7630 7628 7637
f 7630 7637 7631
f 7629 7630 7631
f 7629 7631 7838
f 7629 7838 7843
f 7840 7629 7843
f 7840 7839 7629
f 7697 7702 7703
f 7706 7705 7704
f 7706 7704 7714
f 7722 7706 7714
f 7714 7715 7722
f 7816 7819 7818
f 7816 7818 7529
f 7816 7529 7817
f 7530 7817 7529
f 7782 7530 7790
f 7791 7782 7790
f 7791 7790 7540
f 7791 7540 7792
f 7633 7666 7665
f 7666 7633 7635
f 7666 7635 7667
f 7667 7635 7634
f 7634 7668 7667
f 7676 7669 7668
f 7636 7676 7668
f 7636 7663 7676
f 7680 7685 7686
f 7686 7669 7680
f 7680 7669 7687
f 7688 7690 7689
f 7690 7810 7689
f 7787 7689 7810
f 7785 7788 7787
f 7788 7785 7789
f 7544 7541 7806
f 7544 7806 7813
f 7542 7541 7543
f 7541 7542 7540
f 7693 7692 7691
f 7693 7691 7684
f 7807 7808 7789
f 7808 7813 7806
f 7543 7541 7544
f 7758 7757 7778
f 7758 7778 7775
f 7773 7766 7771
f 7771 7766 7818
f 7773 7774 7766
f 7753 7746 7754
f 7755 7753 7754
f 7757 7755 7754
f 7742 7537 7745
f 7746 7742 7745
f 7539 7537 7742
f 7389 7536 7538
f 7537 7538 7536
f 7737 7532 7739
f 7737 7739 7740
f 7735 7532 7736
f 7532 7735 7531
f 7724 7723 7761
f 7724 7761 7762
f 7515 7521 7518
f 7518 7521 7723
f 7840 7838 7700
f 7840 7700 7842
f 7698 7699 7700
f 7698 7701 7697
f 7699 7842 7700
f 7698 7700 7701
f 7701 7704 7702
f 7521 7515 7725
f 7715 7521 7725
f 7734 7762 7761
f 7518 7723 7724
f 7734 7761 7531
f 7734 7531 7735
f 7389 7740 7739
f 7736 7532 7737
f 7389 7739 7536
f 7538 7537 7539
f 7746 7745 7754
f 7774 7775 7778
f 7755 7757 7758
f 7774 7778 7766
f 7808 7806 7789
f 7785 7807 7789
f 7689 7787 7788
f 7691 7690 7688
f 7691 7688 7686
f 7685 7691 7686
f 7685 7684 7691
f 7676 7680 7687
f 7676 7687 7669
f 7634 7636 7668
f 7542 7792 7540
f 7782 7783 7530
f 7817 7530 7783
f 7771 7818 7819
f 7715 7714 7521
f 7702 7704 7705
f 7702 7697 7701
f 7622 7623 7618
f 7622 7618 7621
f 7622 7621 7624
f 7619 7621 7618
f 7619 7618 7617
f 7619 7617 7620
f 7620 7869 7619
f 7840 7843 7838
f 7630 7632 7628
f 7627 7628 7626
f 7625 7622 7624
f 7648 7653 7652
f 7658 7654 7653
f 7666 7667 7655
f 7656 7654 7657
f 7675 7848 7846
f 7846 7853 7854
f 7597 7845 7598
f 7282 7597 7598
f 7873 7874 7613
f 7620 7875 7869
f 7873 7613 7612
f 7612 7611 7609
f 7611 7909 7607
f 7599 7602 7603
f 7606 7589 7595
f 7592 7591 7588
f 7590 7595 7589
f 7592 7588 7584
f 7583 7584 7587
f 7583 7580 7582
f 7925 7922 7924
f 7678 7925 7924
f 7922 7567 7923
f 7565 7564 7566
f 7565 7577 7563
f 7576 7563 7577
f 7576 7709 7711
f 7576 7711 7733
f 7576 7732 7569
f 7732 7585 7569
f 7573 7569 7585
f 7572 7574 7571
f 7573 7570 7569
f 7569 7563 7576
f 7563 7564 7565
f 7564 7923 7567
f 7923 7924 7922
f 7678 7924 7506
f 7678 7506 7560
f 7677 7562 7559
f 7677 7559 7558
f 7509 7508 7507
f 7929 7509 7507
f 7677 7557 7931
f 7929 7507 7927
f 7677 7931 7930
f 7920 7928 7927
f 7927 7926 7920
f 7917 7920 7926
f 7932 7917 7926
f 7936 7959 7935
f 7943 7546 7942
f 7942 7546 7944
f 7947 7805 7945
f 7547 7548 7545
f 7947 7945 7946
f 7780 7794 7949
f 7805 7865 7942
f 7659 7856 7952
f 7960 7824 7825
f 7551 7553 7549
f 7220 7551 7953
f 7220 7228 7551
f 7821 7951 7950
f 7218 7213 7212

usemtl BaseColor_0
f 7226 7951 7821
f 7821 7820 7226
f 7223 7226 7820
f 7820 7317 7223
f 7222 7223 7317
f 7222 7317 7318
f 7222 7318 7277
f 7222 7277 7278
f 7309 7222 7278
f 7309 7278 7266
f 7309 7266 7307
f 7307 7308 7309
f 7420 7309 7308
f 7308 7310 7420
f 7310 7222 7420
f 7310 7308 7222
f 7308 7215 7222
f 7308 7229 7215
f 7215 7229 7228
f 7228 7220 7215
f 7227 7215 7220
f 7822 7821 7824
f 7822 7824 7823
f 7823 7820 7822
f 7823 7824 7830
f 7317 7823 7830
f 7856 7496 7835
f 7496 7504 7835
f 7505 7835 7504
f 7495 7266 7505
f 7266 7834 7505
f 7833 7505 7834
f 7834 7832 7833
f 7832 7419 7833
f 7826 7833 7419
f 7826 7419 7827
f 7826 7827 7828
f 7826 7828 7831
f 7831 7829 7826
f 7829 7830 7826
f 7830 7829 7494
f 7494 7831 7830
f 7831 7872 7830
f 7872 7871 7830
f 7871 7277 7830
f 7277 7871 7827
f 7871 7872 7828
f 7829 7831 7494
f 7831 7828 7872
f 7871 7828 7827
f 7277 7827 7419
f 7419 7832 7266
f 7266 7422 7419
f 7422 7278 7419
f 7832 7834 7266
f 7266 7495 7267
f 7266 7267 7268
f 7269 7266 7268
f 7269 7268 7334
f 7269 7334 7325
f 7269 7325 7240
f 7269 7240 7252
f 7259 7269 7252
f 7260 7259 7252
f 7330 7260 7252
f 7326 7330 7252
f 7326 7252 7327
f 7260 7326 7327
f 7260 7327 7561
f 7260 7561 7677
f 7269 7260 7677
f 7677 7910 7269
f 7910 7270 7269
f 7269 7270 7271
f 7271 7270 7744
f 7744 7743 7271
f 7305 7271 7743
f 7319 7305 7743
f 7319 7751 7305
f 7751 7941 7305
f 7306 7305 7941
f 7319 7306 7941
f 7319 7941 7865
f 7865 7805 7319
f 7320 7319 7805
f 7322 7320 7805
f 7805 7779 7322
f 7315 7322 7779
f 7315 7779 7780
f 7763 7315 7780
f 7763 7780 7949
f 7554 7553 7552
f 7533 7534 7535
f 7534 7811 7955
f 7798 7955 7811
f 7811 7812 7796
f 7796 7795 7811
f 7795 7796 7472
f 7798 7795 7472
f 7796 7800 7472
f 7321 7472 7800
f 7800 7864 7321
f 7307 7321 7864
f 7800 7863 7864
f 7308 7864 7863
f 7308 7863 7533
f 7533 7552 7308
f 7863 7855 7533
f 7863 7800 7855
f 7321 7397 7472
f 7397 7769 7472
f 7473 7472 7769
f 7769 7315 7473
f 7769 7770 7315
f 7316 7315 7770
f 7397 7316 7770
f 7397 7314 7316
f 7314 7315 7316
f 7315 7314 7266
f 7314 7321 7266
f 7472 7474 7768
f 7472 7768 7797
f 7474 7473 7768
f 7767 7768 7473
f 7397 7770 7769
f 7314 7397 7321
f 7796 7855 7800
f 7855 7796 7812
f 7812 7533 7855
f 7552 7533 7535
f 7551 7552 7553
f 7554 7534 7955
f 7956 7955 7798
f 7811 7956 7798
f 7961 7811 7795
f 7798 7961 7795
f 7797 7798 7472
f 7767 7797 7768
f 7763 7767 7473
f 7945 7805 7547
f 7548 7547 7805
f 7548 7805 7944
f 7749 7744 7957
f 7749 7319 7744
f 7319 7749 7747
f 7319 7747 7748
f 7747 7865 7748
f 7865 7747 7957
f 7865 7957 7942
f 7957 7750 7942
f 7750 7749 7942
f 7750 7957 7747
f 7749 7750 7747
f 7936 7933 7959
f 7933 7936 7910
f 7936 7911 7910
f 7910 7916 7917
f 7916 7918 7917
f 7918 7919 7917
f 7920 7917 7919
f 7920 7919 7677
f 7928 7920 7677
f 7677 7930 7928
f 7929 7930 7931
f 7929 7931 7557
f 7509 7929 7557
f 7509 7557 7559
f 7508 7509 7559
f 7508 7559 7560
f 7572 7573 7491
f 7491 7490 7572
f 7579 7572 7490
f 7493 7579 7490
f 7490 7489 7493
f 7492 7493 7489
f 7568 7577 7565
f 7565 7566 7568
f 7567 7568 7566
f 7331 7568 7567
f 7567 7332 7331
f 7331 7332 7252
f 7249 7331 7252
f 7252 7248 7249
f 7249 7248 7247
f 7249 7247 7413
f 7413 7242 7249
f 7414 7249 7242
f 7257 7414 7242
f 7244 7257 7242
f 7242 7243 7244
f 7253 7244 7243
f 7252 7253 7243
f 7252 7243 7254
f 7252 7254 7250
f 7254 7246 7250
f 7245 7250 7246
f 7245 7246 7247
f 7250 7245 7248
f 7254 7247 7246
f 7254 7412 7247
f 7254 7243 7412
f 7412 7243 7413
f 7253 7252 7417
f 7253 7417 7418
f 7253 7418 7339
f 7253 7339 7347
f 7253 7347 7355
f 7253 7355 7338
f 7338 7349 7253
f 7253 7349 7354
f 7255 7253 7354
f 7255 7354 7256
f 7255 7256 7257
f 7967 7256 7354
f 7354 7353 7967
f 7575 7967 7353
f 7353 7580 7575
f 7575 7579 7966
f 7256 7966 7579
f 7590 7592 7593
f 7593 7594 7590
f 7590 7594 7595
f 7606 7595 7594
f 7875 7876 7873
f 7874 7873 7876
f 7876 7338 7874
f 7360 7874 7338
f 7360 7338 7337
f 7337 7616 7360
f 7616 7613 7360
f 7613 7616 7611
f 7616 7615 7611
f 7614 7611 7615
f 7614 7615 7337
f 7347 7614 7337
f 7337 7336 7347
f 7347 7609 7614
f 7609 7347 7970
f 7347 7968 7970
f 7968 7969 7970
f 7969 7971 7970
f 7971 7611 7970
f 7611 7971 7416
f 7909 7416 7407
f 7962 7909 7407
f 7891 7962 7407
f 7339 7891 7407
f 7339 7407 7346
f 7891 7339 7251
f 7251 7892 7891
f 7912 7905 7891
f 7904 7908 7891
f 7907 7891 7908
f 7901 7963 7898
f 7963 7897 7898
f 7898 7897 7896
f 7914 7502 7662
f 7502 7503 7662
f 7662 7503 7661
f 7503 7498 7661
f 7661 7498 7659
f 7660 7659 7498
f 7660 7498 7325
f 7267 7660 7325
f 7497 7325 7498
f 7499 7915 7497
f 7642 7497 7915
f 7893 7304 7641
f 7239 7641 7304
f 7240 7239 7304
f 7240 7304 7251
f 7239 7240 7241
f 7241 7642 7239
f 7240 7497 7241
f 7304 7893 7251
f 7641 7239 7642
f 7497 7642 7241
f 7915 7499 7501
f 7915 7501 7914
f 7501 7500 7914
f 7267 7659 7660
f 7502 7914 7500
f 7912 7963 7901
f 7902 7905 7901
f 7891 7907 7909
f 7908 7904 7902
f 7904 7903 7902
f 7905 7902 7903
f 7905 7912 7901
f 7892 7251 7893
f 7339 7344 7251
f 7252 7251 7344
f 7252 7344 7343
f 7342 7343 7344
f 7341 7342 7344
f 7343 7342 7341
f 7341 7417 7343
f 7417 7341 7340
f 7339 7340 7341
f 7339 7341 7344
f 7891 7909 7962
f 7407 7416 7346
f 7347 7346 7416
f 7971 7969 7416
f 7969 7968 7416
f 7968 7347 7416
f 7614 7609 7611
f 7616 7337 7615
f 7336 7337 7338
f 7874 7360 7613
f 7338 7876 7359
f 7351 7338 7359
f 7351 7359 7283
f 7283 7286 7351
f 7303 7351 7286
f 7286 7302 7303
f 7406 7303 7302
f 7406 7302 7964
f 7964 7348 7406
f 7965 7348 7964
f 7964 7592 7965
f 7965 7592 7890
f 7890 7889 7965
f 7581 7352 7889
f 7889 7352 7348
f 7348 7352 7349
f 7395 7349 7352
f 7354 7395 7352
f 7352 7581 7580
f 7592 7888 7890
f 7348 7965 7889
f 7592 7964 7302
f 7303 7406 7348
f 7593 7302 7286
f 7596 7593 7286
f 7596 7286 7415
f 7293 7415 7286
f 7285 7293 7286
f 7285 7279 7293
f 7293 7279 7282
f 7293 7282 7604
f 7604 7282 7605
f 7605 7415 7604
f 7601 7415 7605
f 7415 7601 7599
f 7675 7597 7459
f 7887 7675 7459
f 7459 7461 7887
f 7887 7461 7885
f 7885 7396 7887
f 7384 7396 7885
f 7885 7884 7384
f 7384 7884 7350
f 7350 7383 7384
f 7297 7384 7383
f 7383 7299 7297
f 7299 7298 7297
f 7280 7297 7298
f 7280 7296 7297
f 7280 7402 7296
f 7402 7312 7296
f 7312 7361 7296
f 7296 7361 7290
f 7851 7296 7290
f 7290 7867 7851
f 7859 7851 7867
f 7867 7972 7859
f 7657 7859 7972
f 7656 7657 7972
f 7972 7866 7656
f 7861 7656 7866
f 7866 7664 7861
f 7656 7860 7658
f 7656 7658 7664
f 7656 7664 7666
f 7650 7646 7648
f 7647 7648 7646
f 7646 7649 7647
f 7851 7647 7649
f 7649 7646 7850
f 7850 7846 7649
f 7849 7850 7848
f 7853 7848 7850
f 7651 7643 7645
f 7645 7646 7651
f 7731 7646 7644
f 7853 7846 7848
f 7847 7850 7849
f 7396 7649 7675
f 7649 7396 7296
f 7850 7847 7846
f 7658 7673 7674
f 7858 7658 7862
f 7670 7671 7672
f 7657 7658 7858
f 7673 7672 7671
f 7672 7857 7670
f 7650 7651 7646
f 7839 7394 7629
f 7285 7629 7394
f 7285 7394 7301
f 7285 7301 7280
f 7301 7404 7280
f 7703 7280 7404
f 7404 7697 7703
f 7702 7705 7703
f 7706 7703 7705
f 7715 7716 7703
f 7720 7703 7716
f 7720 7515 7510
f 7721 7720 7510
f 7719 7721 7510
f 7510 7726 7719
f 7726 7528 7719
f 7527 7719 7528
f 7526 7527 7528
f 7717 7526 7528
f 7403 7717 7528
f 7717 7403 7703
f 7526 7717 7703
f 7527 7526 7703
f 7719 7527 7703
f 7528 7726 7403
f 7403 7726 7526
f 7403 7526 7312
f 7718 7312 7526
f 7719 7718 7526
f 7727 7719 7526
f 7719 7727 7718
f 7727 7726 7718
f 7312 7718 7726
f 7512 7312 7726
f 7512 7511 7312
f 7511 7513 7312
f 7513 7514 7312
f 7514 7516 7312
f 7525 7312 7516
f 7837 7525 7712
f 7516 7837 7712
f 7516 7712 7520
f 7519 7516 7520
f 7516 7519 7522
f 7519 7712 7522
f 7312 7522 7712
f 7312 7712 7713
f 7713 7720 7312
f 7719 7312 7720
f 7720 7979 7719
f 7734 7979 7720
f 7734 7421 7979
f 7979 7421 7980
f 7312 7979 7980
f 7312 7980 7421
f 7421 7313 7312
f 7311 7312 7313
f 7313 7374 7311
f 7379 7311 7374
f 7379 7374 7290
f 7374 7375 7290
f 7375 7323 7290
f 7323 7265 7290
f 7265 7264 7290
f 7264 7400 7290
f 7400 7387 7290
f 7387 7376 7290
f 7290 7376 7378
f 7376 7377 7378
f 7387 7378 7377
f 7387 7272 7378
f 7378 7272 7866
f 7378 7866 7868
f 7378 7868 7972
f 7387 7276 7272
f 7275 7272 7276
f 7274 7275 7276
f 7274 7276 7381
f 7381 7995 7274
f 7816 7274 7995
f 7998 7816 7995
f 7998 7819 7816
f 7792 7475 7791
f 7477 7791 7475
f 7476 7782 7477
f 7478 7782 7476
f 7275 7782 7478
f 7275 7478 7372
f 7372 7478 7880
f 7372 7880 7882
f 7372 7882 7398
f 7398 7370 7372
f 7372 7370 7272
f 7370 7371 7272
f 7371 7385 7272
f 7385 7399 7272
f 7399 7365 7272
f 7272 7365 7273
f 7272 7273 7238
f 7238 7363 7272
f 7408 7272 7363
f 7974 7408 7363
f 7363 7364 7974
f 7974 7364 7973
f 7973 7665 7974
f 7467 7665 7973
f 7973 7470 7467
f 7469 7468 7633
f 7633 7665 7469
f 7470 7676 7663
f 7364 7676 7470
f 7676 7364 7682
f 7682 7681 7676
f 7680 7676 7681
f 7680 7681 7683
f 7680 7684 7685
f 7810 7786 7787
f 7787 7786 7785
f 7813 7466 7544
f 7466 7814 7544
f 7465 7544 7814
f 7814 7815 7465
f 7815 7471 7465
f 7464 7807 7462
f 7785 7462 7807
f 7785 7784 7462
f 7462 7784 7879
f 7784 7993 7879
f 7993 7877 7879
f 7877 7465 7879
f 7371 7465 7877
f 7371 7877 7233
f 7235 7371 7233
f 7230 7235 7233
f 7233 7234 7230
f 7371 7230 7234
f 7371 7231 7230
f 7230 7231 7232
f 7371 7232 7231
f 7385 7234 7233
f 7235 7230 7232
f 7371 7235 7232
f 7405 7465 7371
f 7398 7405 7371
f 7804 7405 7398
f 7398 8000 7804
f 8000 7882 7804
f 7804 7882 7883
f 7803 7883 7882
f 7803 7882 7405
f 7801 7803 7405
f 7405 7989 7801
f 7989 7542 7801
f 7802 7801 7542
f 7405 7802 7542
f 7405 7883 7802
f 7542 7989 7475
f 7989 7405 7475
f 7475 7405 7878
f 7475 7878 7478
f 7878 7405 7880
f 7405 7990 7880
f 7990 7405 7992
f 7882 7990 7992
f 7405 7991 7992
f 7991 7398 7992
f 7801 7802 7803
f 7991 7405 7882
f 7883 7803 7802
f 7882 8000 7991
f 8000 7398 7991
f 7405 7804 7883
f 7405 7542 7465
f 7542 7543 7465
f 7877 7993 7233
f 7993 7784 7233
f 7881 7233 7784
f 7877 7881 7784
f 7786 7877 7784
f 7786 7399 7877
f 7399 7786 7289
f 7399 7289 7288
f 7399 7288 7236
f 7236 7288 7369
f 7364 7236 7369
f 7364 7369 7366
f 7364 7366 7367
f 7373 7367 7366
f 7367 7373 7391
f 7681 7367 7391
f 7681 7391 7479
f 7393 7479 7391
f 7391 7390 7393
f 7390 7392 7393
f 7393 7392 7368
f 7393 7368 7288
f 7287 7393 7288
f 7393 7287 7410
f 7809 7393 7410
f 7809 7410 7786
f 7809 7480 7393
f 7809 7810 7480
f 7480 7810 7695
f 7480 7695 7479
f 7683 7479 7695
f 7695 7693 7683
f 7695 7694 7693
f 7694 7691 7692
f 7694 7690 7691
f 7694 7695 7810
f 7289 7410 7287
f 7392 7390 7368
f 7390 7391 7368
f 7479 7393 7480
f 7373 7368 7391
f 7368 7373 7369
f 7373 7366 7369
f 7236 7364 7237
f 7236 7237 7238
f 7368 7369 7288
f 7287 7288 7289
f 7289 7786 7410
f 7881 7877 7399
f 7233 7881 7399
f 7807 7464 7808
f 7994 7808 7464
f 7808 7994 7814
f 7808 7814 7471
f 7471 7463 7808
f 7808 7463 7813
f 7471 7814 7463
f 7994 7463 7814
f 7463 7994 7464
f 7462 7879 7465
f 7471 7815 7466
f 7544 7465 7543
f 7815 7814 7466
f 7466 7813 7463
f 7775 7988 7758
f 7482 7758 7988
f 7987 7482 7988
f 7987 7758 7482
f 7777 7758 7987
f 7775 7777 7987
f 7777 7775 7401
f 7401 7775 7776
f 7401 7776 7482
f 7481 7774 7483
f 7483 7774 7772
f 7483 7772 7485
f 7484 7387 7483
f 7781 7387 7484
f 7484 7771 7781
f 7999 7781 7771
f 7999 7771 7997
f 7387 7999 7997
f 7387 7997 7996
f 7387 7996 7381
f 7381 7386 7387
f 7380 7387 7386
f 7381 7380 7386
f 7998 7381 7996
f 7996 7997 7771
f 7819 7996 7771
f 7771 7484 7772
f 7771 7772 7773
f 7387 7781 7999
f 7485 7772 7484
f 7773 7772 7774
f 7774 7481 7775
f 7401 7483 7387
f 7387 7294 7401
f 7264 7401 7294
f 7294 7295 7264
f 7295 7294 7400
f 7264 7755 7401
f 7758 7401 7755
f 7263 7755 7264
f 7262 7263 7264
f 7262 7756 7263
f 7324 7756 7262
f 7323 7324 7262
f 7323 7411 7324
f 7411 7981 7324
f 7982 7324 7981
f 7981 7746 7982
f 7746 7756 7982
f 7753 7756 7746
f 7742 7556 7539
f 7539 7556 7538
f 7555 7538 7556
f 7741 7555 7556
f 7741 7323 7555
f 7752 7323 7741
f 7741 7742 7752
f 7983 7752 7742
f 7323 7983 7742
f 7323 7742 7981
f 7323 7985 7983
f 7984 7983 7985
f 7323 7984 7985
f 7983 7984 7752
f 7984 7323 7752
f 7375 7538 7555
f 7538 7375 7389
f 7389 7737 7740
f 7737 7389 7486
f 7737 7486 7738
f 7737 7738 7736
f 7736 7738 7735
f 7724 7762 7986
f 7734 7724 7986
f 7724 7734 7760
f 7724 7760 7518
f 7517 7518 7760
f 7516 7515 7517
f 7518 7517 7515
f 7842 7841 7840
f 7841 7842 7921
f 7696 7841 7921
f 7697 7696 7921
f 7697 7921 7978
f 7698 7697 7978
f 7698 7978 7699
f 7921 7699 7978
f 7696 7839 7841
f 7699 7921 7842
f 7759 7760 7734
f 7734 7713 7759
f 7986 7762 7421
f 7421 7762 7765
f 7421 7765 7764
f 7734 7764 7765
f 7764 7734 7976
f 7976 7374 7764
f 7975 7374 7976
f 7977 7374 7975
f 7975 7734 7977
f 7977 7734 7487
f 7735 7487 7734
f 7487 7374 7977
f 7486 7374 7487
f 7487 7738 7488
f 7486 7388 7374
f 7374 7388 7382
f 7388 7389 7382
f 7975 7976 7734
f 7765 7762 7734
f 7487 7735 7738
f 7488 7738 7486
f 7486 7389 7388
f 7375 7382 7389
f 7556 7742 7741
f 7755 7756 7753
f 7981 7742 7746
f 7323 7981 7411
f 7324 7982 7756
f 7755 7263 7756
f 7482 7776 7481
f 7775 7481 7776
f 7758 7777 7401
f 7987 7988 7775
f 7784 7785 7786
f 7810 7809 7786
f 7690 7694 7810
f 7684 7683 7693
f 7479 7683 7681
f 7367 7681 7682
f 7682 7364 7367
f 7663 7636 7470
f 7636 7634 7633
f 7633 7634 7635
f 7636 7633 7468
f 7470 7636 7468
f 7469 7665 7467
f 7470 7973 7364
f 7363 7237 7364
f 7408 7974 7665
f 7665 7272 7408
f 7272 7665 7664
f 7363 7238 7237
f 7236 7238 7273
f 7236 7273 7365
f 7399 7236 7365
f 7385 7233 7399
f 7234 7385 7371
f 7370 7398 7371
f 7992 7398 7882
f 7990 7882 7880
f 7880 7478 7878
f 7782 7275 7783
f 7542 7475 7792
f 7791 7477 7782
f 7783 7274 7817
f 7996 7819 7998
f 7817 7274 7816
f 7995 7381 7998
f 7380 7381 7276
f 7783 7275 7274
f 7275 7372 7272
f 7387 7380 7276
f 7387 7377 7376
f 7387 7400 7294
f 7264 7295 7400
f 7265 7262 7264
f 7262 7265 7323
f 7375 7555 7323
f 7374 7382 7375
f 7311 7379 7290
f 7313 7764 7374
f 7312 7311 7290
f 7290 7409 7312
f 7312 7409 7292
f 7290 7292 7409
f 7290 7291 7292
f 7291 7362 7292
f 7292 7362 7361
f 7362 7291 7345
f 7345 7290 7362
f 7291 7290 7345
f 7421 7764 7313
f 7734 7986 7421
f 7312 7719 7979
f 7734 7720 7713
f 7759 7713 7712
f 7522 7312 7523
f 7523 7525 7522
f 7524 7525 7523
f 7524 7523 7312
f 7712 7519 7520
f 7837 7516 7522
f 7525 7837 7522
f 7312 7525 7524
f 7514 7515 7516
f 7510 7514 7513
f 7510 7513 7511
f 7510 7511 7512
f 7726 7727 7526
f 7510 7512 7726
f 7721 7719 7703
f 7510 7515 7514
f 7720 7721 7703
f 7716 7715 7725
f 7844 7706 7722
f 7703 7706 7844
f 7697 7404 7696
f 7280 7703 7403
f 7301 7696 7404
f 7696 7301 7394
f 7629 7285 7632
f 7284 7632 7285
f 7283 7284 7285
f 7283 7356 7284
f 7356 7628 7284
f 7628 7356 7626
f 7283 7626 7356
f 7626 7283 7623
f 7625 7626 7623
f 7625 7623 7622
f 7620 7617 7875
f 7618 7357 7617
f 7359 7617 7357
f 7357 7618 7358
f 7357 7358 7283
f 7623 7358 7618
f 7358 7623 7283
f 7632 7284 7628
f 7394 7839 7696
f 7839 7840 7841
f 7629 7632 7630
f 7625 7627 7626
f 7665 7666 7664
f 7664 7866 7272
f 7656 7861 7860
f 7866 7972 7868
f 7657 7858 7859
f 7378 7972 7867
f 7867 7290 7378
f 7296 7851 7649
f 7361 7362 7290
f 7312 7292 7361
f 7402 7403 7312
f 7403 7402 7280
f 7280 7298 7299
f 7280 7299 7300
f 7300 7281 7280
f 7279 7280 7281
f 7281 7300 7350
f 7299 7350 7300
f 7384 7297 7296
f 7299 7383 7350
f 7281 7350 7884
f 7281 7884 7886
f 7281 7886 7282
f 7461 7282 7886
f 7458 7282 7461
f 7597 7282 7458
f 7458 7460 7597
f 7884 7885 7886
f 7296 7396 7384
f 7461 7886 7885
f 7675 7887 7396
f 7460 7459 7597
f 7601 7605 7282
f 7281 7282 7279
f 7279 7285 7280
f 7293 7604 7415
f 7351 7303 7348
f 7286 7283 7285
f 7359 7357 7283
f 7338 7351 7348
f 7617 7359 7876
f 7876 7875 7617
f 7610 7609 7970
f 7611 7610 7970
f 7599 7596 7415
f 7302 7593 7592
f 7580 7353 7352
f 7967 7575 7966
f 7352 7353 7354
f 7966 7256 7967
f 7253 7255 7257
f 7395 7354 7349
f 7338 7348 7349
f 7355 7336 7338
f 7355 7347 7336
f 7339 7346 7347
f 7339 7418 7340
f 7417 7340 7418
f 7252 7343 7417
f 7257 7244 7253
f 7414 7257 7256
f 7493 7414 7256
f 7492 7249 7414
f 7242 7413 7243
f 7412 7413 7247
f 7248 7245 7247
f 7252 7250 7248
f 7332 7333 7252
f 7333 7328 7252
f 7328 7333 7678
f 7678 7679 7328
f 7679 7329 7328
f 7327 7328 7329
f 7327 7329 7560
f 7678 7560 7329
f 7679 7678 7329
f 7925 7678 7333
f 7922 7925 7333
f 7333 7332 7922
f 7332 7567 7922
f 7568 7331 7249
f 7576 7577 7578
f 7732 7576 7733
f 7573 7585 7489
f 7585 7586 7489
f 7729 7489 7586
f 7586 7708 7729
f 7710 7711 7708
f 7710 7732 7711
f 7586 7732 7710
f 7728 7489 7729
f 7585 7732 7586
f 7733 7711 7732
f 7709 7708 7711
f 7707 7708 7709
f 7249 7492 7568
f 7708 7728 7729
f 7730 7489 7728
f 7414 7493 7492
f 7256 7579 7493
f 7574 7572 7579
f 7489 7491 7573
f 7562 7560 7559
f 7677 7558 7557
f 7562 7561 7560
f 7557 7558 7559
f 7911 7936 7958
f 7911 7940 7270
f 7940 7939 7270
f 7942 7944 7805
f 7763 7473 7315
f 7322 7315 7266
f 7779 7805 7780
f 7320 7322 7266
f 7319 7320 7266
f 7941 7748 7865
f 7306 7319 7266
f 7305 7306 7266
f 7941 7751 7748
f 7751 7319 7748
f 7271 7305 7266
f 7319 7743 7744
f 7939 7744 7270
f 7910 7911 7270
f 7269 7258 7260
f 7258 7269 7261
f 7259 7258 7261
f 7562 7677 7561
f 7327 7560 7561
f 7328 7327 7252
f 7260 7330 7326
f 7258 7259 7260
f 7259 7261 7269
f 7251 7252 7240
f 7497 7240 7325
f 7325 7334 7335
f 7325 7335 7268
f 7268 7335 7334
f 7269 7271 7266
f 7325 7268 7267
f 7495 7659 7267
f 7659 7495 7494
f 7659 7494 7856
f 7856 7494 7496
f 7835 7505 7833
f 7830 7833 7826
f 7227 7212 7215
f 7229 7552 7228
f 7229 7308 7552
f 7308 7307 7864
f 7321 7307 7266
f 7278 7422 7266
f 7309 7420 7222
f 7277 7419 7278
f 7318 7830 7277
f 7830 7318 7317
f 7222 7215 7223
f 7225 7223 7215
f 7317 7820 7823
f 7820 7821 7822
f 7225 7226 7223
f 7214 7225 7215
f 7211 7214 7215
f 7212 7211 7215

usemtl BaseColor_0
f 7495 7505 7504
f 7533 7811 7534
f 7533 7812 7811
f 7472 7473 7474
f 7492 7489 7730
f 7492 7730 7728
f 7728 7708 7492
f 7905 7903 7891
f 7903 7904 7891
f 7497 7498 7499
f 7499 7500 7501
f 7499 7502 7500
f 7499 7498 7503
f 7499 7503 7502
f 7889 7890 7888
f 7889 7888 7581
f 7582 7581 7888
f 7664 7860 7861
f 7644 7850 7731
f 7850 7646 7731
f 7851 7648 7647
f 7851 7857 7648
f 7671 7858 7862
f 7671 7862 7673
f 7670 7858 7671
f 7851 7858 7670
f 7673 7862 7674
f 7851 7670 7857
f 7703 7722 7715
f 7720 7716 7515
f 7516 7836 7525
f 7836 7712 7525
f 7475 7476 7477
f 7467 7470 7468
f 7467 7468 7469
f 7680 7683 7684
f 7465 7471 7466
f 7466 7463 7465
f 7462 7465 7463
f 7462 7463 7464
f 7692 7693 7694
f 7481 7401 7482
f 7483 7401 7481
f 7484 7483 7485
f 7516 7517 7760
f 7760 7759 7516
f 7486 7487 7488
f 7475 7478 7476
f 7712 7836 7759
f 7836 7516 7759
f 7716 7725 7515
f 7703 7844 7722
f 7851 7859 7858
f 7458 7459 7460
f 7461 7459 7458
f 7596 7594 7593
f 7586 7710 7708
f 7489 7490 7491
f 7919 7918 7677
f 7918 7916 7677
f 7780 7805 7947
f 7910 7677 7916
f 7494 7495 7496
f 7495 7504 7496


o Object.17
v -54.902996 -12.707999 19.050001 255 255 255
v -55.410999 -12.707999 0.000000 255 255 255
v -53.480602 -12.707999 19.050001 255 255 255
v -52.972595 -12.707999 19.050001 255 255 255
v -54.649002 -12.707999 19.964399 188 188 188
v -51.194595 -12.707999 19.050001 255 255 255
v -51.143803 -12.707999 0.000000 255 255 255
v -51.143803 -12.707999 19.050001 255 255 255
v -54.953796 -12.707999 19.050001 255 255 255
v -53.886997 -12.707999 19.964399 188 188 188
v -55.410999 -12.707999 19.964399 188 188 188
v -55.410999 -12.707999 19.050001 255 255 255
v -51.143803 -12.707999 20.472401 188 188 188
v -55.410999 -12.707999 20.472401 188 188 188
v -51.143803 -12.707999 19.964399 188 188 188
v -55.410999 9.593201 0.000000 255 255 255
v -51.143803 9.593201 0.000000 255 255 255
v -55.410999 9.593201 20.472401 188 188 188
v -51.143803 9.593201 20.472401 188 188 188
v -51.143803 -8.643999 19.964399 188 188 188
v -51.143803 -10.015599 19.050001 255 255 255
v -51.143803 -10.117200 19.050001 255 255 255
v -51.143803 -0.058799 19.050001 255 255 255
v -51.143803 -2.700399 19.050001 255 255 255
v -51.143803 0.042801 19.050001 255 255 255
v -51.143803 9.237600 19.050001 255 255 255
v -51.143803 -4.579999 19.964399 188 188 188
v -51.143803 9.593201 19.964399 188 188 188
v -51.143803 9.593201 19.050001 255 255 255
v -55.360199 9.593201 19.050001 255 255 255
v -52.769398 9.593201 19.964399 188 188 188
v -53.632996 9.593201 19.050001 255 255 255
v -55.410999 9.593201 19.050001 255 255 255
v -53.074200 9.593201 19.050001 255 255 255
v -51.651802 9.593201 19.050001 255 255 255
v -51.905800 9.593201 19.964399 188 188 188
v -55.410999 9.593201 19.964399 188 188 188
v -51.600998 9.593201 19.050001 255 255 255
v -55.410999 -0.465199 19.050001 255 255 255
v -55.410999 5.529202 19.964399 188 188 188
v -55.410999 6.850001 19.050001 255 255 255
v -55.410999 -9.609200 19.050001 255 255 255
v -55.410999 -8.643999 19.964399 188 188 188
v -55.410999 -10.015599 19.050001 255 255 255
v -55.410999 6.951602 19.050001 255 255 255
v -55.410999 -12.606400 19.050001 255 255 255

v -53.886997 -12.707999 19.964399 188 188 188
v -55.410999 -12.707999 20.472401 188 188 188
v -55.410999 -12.707999 20.472401 188 188 188
v -51.143803 -12.707999 19.964399 188 188 188
v -51.143803 -12.707999 19.964399 188 188 188
v -51.143803 -12.707999 20.472401 188 188 188
v -51.143803 -12.707999 20.472401 188 188 188
v -51.143803 -8.643999 19.964399 188 188 188
v -51.143803 9.593201 20.472401 188 188 188
v -51.143803 -12.707999 20.472401 188 188 188
v -51.143803 9.593201 19.964399 188 188 188
v -51.143803 9.593201 20.472401 188 188 188
v -51.143803 -12.707999 20.472401 188 188 188
v -51.143803 9.593201 20.472401 188 188 188
v -55.410999 9.593201 20.472401 188 188 188
v -55.410999 9.593201 20.472401 188 188 188
v -55.410999 9.593201 19.964399 188 188 188
v -55.410999 9.593201 20.472401 188 188 188
v -55.410999 5.529202 19.964399 188 188 188
v -55.410999 9.593201 20.472401 188 188 188
v -55.410999 -8.643999 19.964399 188 188 188
v -55.410999 -12.707999 20.472401 188 188 188
v -55.410999 9.593201 19.964399 188 188 188
v -51.143803 9.593201 20.472401 188 188 188
v -52.769398 9.593201 19.964399 188 188 188
v -51.143803 9.593201 20.472401 188 188 188
v -51.905800 9.593201 19.964399 188 188 188
v -51.143803 9.593201 19.964399 188 188 188
v -51.143803 -12.707999 20.472401 188 188 188
v -51.143803 -4.579999 19.964399 188 188 188
v -55.410999 -12.707999 20.472401 188 188 188
v -51.143803 -12.707999 20.472401 188 188 188
v -55.410999 9.593201 20.472401 188 188 188
v -55.410999 -12.707999 20.472401 188 188 188
v -55.410999 -8.643999 19.964399 188 188 188
v -55.410999 -12.707999 19.964399 188 188 188
v -54.649002 -12.707999 19.964399 188 188 188
v -55.410999 -12.707999 20.472401 188 188 188

f 8384 8389 8393
f 8426 8394 8427
f 8392 8428 8429
f 8430 8399 8431
f 8406 8432 8433
f 8415 8398 8407
f 8434 8435 8436
f 8437 8397 8438
f 8439 8416 8440
f 8441 8442 8419
f 8443 8444 8422
f 8445 8446 8447
f 8448 8449 8410
f 8450 8451 8452
f 8453 8454 8455
f 8456 8457 8458
f 8390 8459 8460
f 8461 8462 8463

usemtl BaseColor_0
f 8380 8381 8382
f 8381 8391 8425
f 8381 8425 8423
f 8381 8423 8421
f 8381 8421 8418
f 8381 8418 8420
f 8381 8420 8424
f 8381 8424 8412
f 8412 8395 8381
f 8381 8395 8396
f 8396 8386 8381
f 8381 8386 8387
f 8387 8385 8381
f 8383 8381 8385
f 8404 8396 8405
f 8408 8405 8396
f 8408 8396 8417
f 8409 8396 8412
f 8411 8396 8409
f 8413 8396 8411
f 8414 8396 8413
f 8417 8396 8414
f 8402 8396 8404
f 8403 8396 8402
f 8400 8396 8403
f 8401 8396 8400
f 8387 8396 8401
f 8386 8396 8387
f 8395 8412 8396
f 8391 8381 8388
f 8382 8381 8383
f 8388 8381 8380

usemtl BaseColor_0
f 8380 8382 8384
f 8384 8390 8380
f 8388 8380 8390
f 8391 8388 8390
f 8391 8390 8422
f 8422 8425 8391
f 8383 8385 8389
f 8389 8384 8383
f 8399 8404 8406
f 8405 8406 8404
f 8417 8407 8408
f 8407 8406 8408
f 8414 8407 8417
f 8407 8414 8415
f 8423 8422 8419
f 8416 8420 8419
f 8410 8412 8416
f 8412 8410 8409
f 8411 8415 8413
f 8415 8411 8410
f 8409 8410 8411
f 8413 8415 8414
f 8402 8399 8403
f 8400 8403 8399
f 8400 8394 8401
f 8387 8401 8394
f 8408 8406 8405
f 8404 8399 8402
f 8399 8394 8400
f 8394 8389 8387
f 8385 8387 8389
f 8416 8412 8424
f 8416 8424 8420
f 8418 8419 8420
f 8419 8418 8421
f 8419 8421 8423
f 8422 8423 8425
f 8382 8383 8384


o Object.18
v -12.891395 -12.707999 20.472401 188 188 188
v -16.091795 -12.707999 20.472401 188 188 188
v -12.891395 -12.707999 19.964399 188 188 188
v -16.091795 -12.707999 19.964399 188 188 188
v -15.532997 -12.707999 19.964399 188 188 188
v -15.736197 -12.707999 19.050001 255 255 255
v -16.091795 -12.707999 19.050001 255 255 255
v -16.091795 -12.707999 0.000000 255 255 255
v -15.685398 -12.707999 19.050001 255 255 255
v -15.329796 -12.707999 19.050001 255 255 255
v -15.278996 -12.707999 19.050001 255 255 255
v -14.008998 -12.707999 19.050001 255 255 255
v -13.958196 -12.707999 19.050001 255 255 255
v -14.872596 -12.707999 19.964399 188 188 188
v -12.891395 -12.707999 19.050001 255 255 255
v -12.891395 -12.707999 0.000000 255 255 255
v -16.091795 8.170801 19.050001 255 255 255
v -16.091795 8.170801 19.964399 188 188 188
v -15.024997 8.170801 19.050001 255 255 255
v -15.532997 8.170801 19.964399 188 188 188
v -16.091795 8.170801 0.000000 255 255 255
v -14.618596 8.170801 19.050001 255 255 255
v -12.891395 8.170801 20.472401 188 188 188
v -13.450196 8.170801 19.964399 188 188 188
v -13.297798 8.170801 19.050001 255 255 255
v -12.891395 8.170801 0.000000 255 255 255
v -14.567797 8.170801 19.050001 255 255 255
v -13.246996 8.170801 19.050001 255 255 255
v -12.891395 8.170801 19.050001 255 255 255
v -16.091795 8.170801 20.472401 188 188 188
v -12.891395 8.170801 19.964399 188 188 188
v -16.091795 5.681601 19.050001 255 255 255
v -16.091795 4.310000 19.964399 188 188 188
v -16.091795 0.500001 19.964399 188 188 188
v -16.091795 5.580001 19.050001 255 255 255
v -16.091795 3.090801 19.050001 255 255 255
v -16.091795 2.989201 19.050001 255 255 255
v -16.091795 -5.900799 19.050001 255 255 255
v -16.091795 -5.545199 19.050001 255 255 255
v -12.891395 -5.138800 19.964399 188 188 188
v -12.891395 -8.948799 19.964399 188 188 188
v -12.891395 1.262001 19.050001 255 255 255
v -12.891395 -7.780399 19.050001 255 255 255
v -12.891395 -10.218800 19.050001 255 255 255
v -12.891395 -7.678799 19.050001 255 255 255
v -12.891395 -10.320399 19.050001 255 255 255
v -12.891395 0.906401 19.050001 255 255 255

v -12.891395 -12.707999 19.964399 188 188 188
v -12.891395 -12.707999 20.472401 188 188 188
v -12.891395 -12.707999 20.472401 188 188 188
v -12.891395 -8.948799 19.964399 188 188 188
v -12.891395 8.170801 20.472401 188 188 188
v -12.891395 -12.707999 20.472401 188 188 188
v -12.891395 8.170801 19.964399 188 188 188
v -12.891395 8.170801 20.472401 188 188 188
v -13.450196 8.170801 19.964399 188 188 188
v -16.091795 8.170801 20.472401 188 188 188
v -16.091795 4.310000 19.964399 188 188 188
v -16.091795 8.170801 20.472401 188 188 188
v -16.091795 0.500001 19.964399 188 188 188
v -16.091795 -12.707999 19.964399 188 188 188
v -16.091795 -12.707999 20.472401 188 188 188
v -16.091795 8.170801 20.472401 188 188 188
v -16.091795 -12.707999 20.472401 188 188 188
v -12.891395 8.170801 20.472401 188 188 188
v -16.091795 8.170801 20.472401 188 188 188
v -16.091795 -12.707999 19.964399 188 188 188
v -16.091795 -12.707999 20.472401 188 188 188
v -15.532997 -12.707999 19.964399 188 188 188
v -16.091795 -12.707999 20.472401 188 188 188
v -16.091795 8.170801 19.964399 188 188 188
v -16.091795 8.170801 20.472401 188 188 188
v -15.532997 8.170801 19.964399 188 188 188
v -12.891395 8.170801 20.472401 188 188 188
v -15.532997 8.170801 19.964399 188 188 188
v -16.091795 8.170801 20.472401 188 188 188
v -12.891395 8.170801 19.964399 188 188 188
v -12.891395 -12.707999 20.472401 188 188 188
v -12.891395 -5.138800 19.964399 188 188 188
v -14.872596 -12.707999 19.964399 188 188 188
v -12.891395 -12.707999 19.964399 188 188 188
v -16.091795 -12.707999 20.472401 188 188 188
v -12.891395 8.170801 20.472401 188 188 188
v -16.091795 -12.707999 20.472401 188 188 188
v -12.891395 -12.707999 20.472401 188 188 188

f 8464 8465 8466
f 8511 8504 8512
f 8503 8513 8514
f 8487 8486 8494
f 8515 8516 8517
f 8483 8518 8519
f 8493 8481 8496
f 8520 8521 8497
f 8522 8523 8467
f 8524 8525 8526
f 8527 8528 8529
f 8530 8468 8531
f 8532 8477 8533
f 8534 8535 8536
f 8537 8538 8539
f 8540 8541 8542
f 8543 8544 8545
f 8546 8547 8548

usemtl BaseColor_0
f 8479 8505 8510
f 8479 8489 8505
f 8492 8505 8489
f 8492 8489 8491
f 8485 8484 8482
f 8482 8484 8480
f 8479 8507 8509
f 8479 8506 8507
f 8479 8508 8506
f 8479 8509 8478
f 8478 8476 8479
f 8471 8479 8476
f 8471 8484 8479
f 8471 8470 8484
f 8470 8501 8484
f 8501 8502 8484
f 8502 8500 8484
f 8500 8499 8484
f 8499 8498 8484
f 8472 8469 8471
f 8473 8472 8471
f 8474 8473 8471
f 8469 8470 8471
f 8476 8475 8471
f 8475 8474 8471
f 8498 8495 8484
f 8480 8484 8495
f 8484 8485 8489
f 8490 8489 8485
f 8488 8489 8490
f 8491 8489 8488
f 8489 8479 8484
f 8479 8510 8508

usemtl BaseColor_0
f 8503 8504 8508
f 8508 8510 8503
f 8505 8503 8510
f 8491 8494 8492
f 8488 8494 8491
f 8494 8488 8487
f 8487 8485 8483
f 8482 8483 8485
f 8480 8481 8482
f 8481 8480 8495
f 8481 8495 8498
f 8481 8498 8496
f 8477 8468 8474
f 8474 8475 8477
f 8475 8476 8477
f 8466 8477 8476
f 8476 8478 8466
f 8478 8509 8466
f 8507 8466 8509
f 8507 8506 8504
f 8496 8499 8500
f 8502 8497 8500
f 8497 8502 8501
f 8470 8467 8501
f 8470 8469 8467
f 8469 8472 8467
f 8472 8473 8468
f 8473 8474 8468
f 8468 8467 8472
f 8497 8501 8467
f 8496 8500 8497
f 8499 8496 8498
f 8483 8482 8481
f 8485 8487 8490
f 8490 8487 8488
f 8494 8505 8492
f 8494 8503 8505
f 8508 8504 8506
f 8504 8466 8507


o Object.19
v -1.054999 -5.748399 0.000000 255 255 255
v -1.054999 -2.039999 0.000000 255 255 255
v 12.559402 -5.748399 0.000000 255 255 255
v 12.559402 -2.039999 0.000000 255 255 255
v 12.559402 -2.039999 20.472401 188 188 188
v -1.054999 -2.039999 20.472401 188 188 188
v 12.559402 -5.748399 20.472401 188 188 188
v -1.054999 -5.748399 20.472401 188 188 188
v -1.054999 -2.700399 19.964399 188 188 188
v -1.054999 -3.665600 19.050001 255 255 255
v -1.054999 -4.122799 19.050001 255 255 255
v -1.054999 -2.446399 19.050001 255 255 255
v -1.054999 -2.395599 19.050001 255 255 255
v -1.054999 -2.039999 19.964399 188 188 188
v -1.054999 -2.039999 19.050001 255 255 255
v -1.054999 -5.748399 19.050001 255 255 255
v -1.054999 -5.748399 19.964399 188 188 188
v -1.054999 -3.360799 19.964399 188 188 188
v -1.054999 -5.646799 19.050001 255 255 255
v 10.984607 -2.039999 19.050001 255 255 255
v 12.559402 -2.039999 19.964399 188 188 188
v 12.559402 -2.039999 19.050001 255 255 255
v 12.559402 -2.039999 17.322802 255 255 255
v 10.933805 -2.039999 19.050001 255 255 255
v 7.631802 -2.039999 19.964399 188 188 188
v 10.121003 -2.039999 19.964399 188 188 188
v 4.837804 -2.039999 19.050001 255 255 255
v 6.463401 -2.039999 19.050001 255 255 255
v -0.800999 -2.039999 19.050001 255 255 255
v 4.787002 -2.039999 19.050001 255 255 255
v 12.559402 -4.986399 19.964399 188 188 188
v 12.559402 -2.446399 19.050001 255 255 255
v 12.559402 -2.700399 19.964399 188 188 188
v 12.559402 -2.497200 19.050001 255 255 255
v 12.559402 -4.021200 19.050001 255 255 255
v 12.559402 -5.748399 19.964399 188 188 188
v 12.559402 -4.529199 19.050001 255 255 255
v 12.559402 -5.748399 19.050001 255 255 255
v 0.570605 -5.748399 19.050001 255 255 255
v 8.139801 -5.748399 19.050001 255 255 255
v 1.383406 -5.748399 19.964399 188 188 188
v 6.463401 -5.748399 19.050001 255 255 255
v 8.089005 -5.748399 19.050001 255 255 255
v 10.121003 -5.748399 19.964399 188 188 188
v 6.209402 -5.748399 19.050001 255 255 255
v 0.621401 -5.748399 19.050001 255 255 255

v 7.631802 -2.039999 19.964399 188 188 188
v 12.559402 -2.039999 20.472401 188 188 188
v 12.559402 -4.986399 19.964399 188 188 188
v 12.559402 -5.748399 20.472401 188 188 188
v 12.559402 -5.748399 19.964399 188 188 188
v 12.559402 -5.748399 20.472401 188 188 188
v 12.559402 -5.748399 20.472401 188 188 188
v 10.121003 -5.748399 19.964399 188 188 188
v -1.054999 -5.748399 20.472401 188 188 188
v 12.559402 -5.748399 20.472401 188 188 188
v -1.054999 -5.748399 20.472401 188 188 188
v -1.054999 -2.039999 20.472401 188 188 188
v 12.559402 -2.039999 20.472401 188 188 188
v -1.054999 -2.039999 20.472401 188 188 188
v 12.559402 -5.748399 20.472401 188 188 188
v 12.559402 -2.039999 20.472401 188 188 188
v 12.559402 -5.748399 20.472401 188 188 188
v 12.559402 -2.700399 19.964399 188 188 188
v 12.559402 -2.039999 20.472401 188 188 188
v 12.559402 -2.700399 19.964399 188 188 188
v 10.121003 -2.039999 19.964399 188 188 188
v 12.559402 -2.039999 20.472401 188 188 188
v 12.559402 -2.039999 19.964399 188 188 188
v 12.559402 -2.039999 20.472401 188 188 188
v -1.054999 -2.039999 19.964399 188 188 188
v -1.054999 -2.039999 20.472401 188 188 188
v -1.054999 -2.039999 20.472401 188 188 188
v -1.054999 -2.039999 19.964399 188 188 188
v -1.054999 -2.039999 20.472401 188 188 188
v -1.054999 -2.700399 19.964399 188 188 188
v -1.054999 -2.039999 20.472401 188 188 188
v -1.054999 -3.360799 19.964399 188 188 188
v -1.054999 -5.748399 19.964399 188 188 188
v -1.054999 -5.748399 19.964399 188 188 188
v -1.054999 -5.748399 20.472401 188 188 188
v 1.383406 -5.748399 19.964399 188 188 188
v 10.121003 -5.748399 19.964399 188 188 188
v -1.054999 -5.748399 20.472401 188 188 188

f 8562 8553 8573
f 8595 8596 8574
f 8581 8555 8579
f 8584 8597 8598
f 8592 8599 8600
f 8601 8556 8602
f 8603 8604 8554
f 8565 8605 8606
f 8607 8608 8609
f 8610 8611 8612
f 8613 8614 8569
f 8615 8616 8617
f 8618 8619 8620
f 8621 8622 8557
f 8623 8624 8566
f 8625 8626 8627
f 8628 8589 8629
f 8630 8631 8632

usemtl BaseColor_0
f 8549 8550 8551
f 8549 8551 8586
f 8586 8588 8549
f 8591 8549 8588
f 8564 8567 8550
f 8567 8559 8550
f 8559 8558 8550
f 8558 8560 8550
f 8560 8561 8550
f 8563 8550 8561
f 8578 8550 8577
f 8575 8550 8578
f 8576 8550 8575
f 8568 8571 8572
f 8550 8572 8571
f 8550 8571 8552
f 8571 8551 8552
f 8570 8571 8568
f 8580 8571 8570
f 8583 8571 8582
f 8585 8571 8583
f 8586 8571 8585
f 8582 8571 8580
f 8572 8550 8576
f 8577 8550 8563
f 8564 8549 8587
f 8587 8549 8594
f 8594 8549 8593
f 8593 8549 8590
f 8590 8549 8591
f 8551 8571 8586
f 8552 8551 8550
f 8549 8564 8550

usemtl BaseColor_0
f 8591 8588 8592
f 8590 8591 8592
f 8592 8589 8590
f 8593 8590 8589
f 8594 8593 8589
f 8589 8565 8594
f 8587 8594 8565
f 8564 8587 8565
f 8564 8565 8566
f 8566 8567 8564
f 8562 8563 8561
f 8573 8563 8562
f 8574 8578 8573
f 8577 8573 8578
f 8575 8574 8576
f 8576 8574 8572
f 8569 8572 8574
f 8572 8569 8568
f 8570 8581 8580
f 8579 8580 8581
f 8584 8583 8579
f 8582 8579 8583
f 8586 8585 8584
f 8583 8584 8585
f 8580 8579 8582
f 8569 8581 8570
f 8568 8569 8570
f 8578 8574 8575
f 8559 8566 8557
f 8562 8560 8557
f 8563 8573 8577
f 8562 8561 8560
f 8558 8557 8560
f 8557 8558 8559
f 8566 8559 8567
f 8584 8592 8588
f 8588 8586 8584

