# Exported from 3D Builder
mtllib BOOK_SHELF_B.mtl

o Object.1
v -17.690798 6.392801 21.844000 188 188 188
v -22.364399 6.392801 21.844000 188 188 188
v -17.690798 -12.707999 21.844000 188 188 188
v -22.364399 -12.707999 21.844000 188 188 188
v -17.690798 6.392801 0.000000 255 255 255
v -17.690798 -12.707999 0.000000 255 255 255
v -22.364399 6.392801 0.000000 255 255 255
v -22.364399 -12.707999 0.000000 255 255 255
v -17.690798 -12.707999 20.929602 188 188 188
v -21.348400 -12.707999 20.929602 188 188 188
v -22.364399 -12.707999 20.929602 188 188 188
v -19.011600 -12.707999 20.929602 188 188 188
v -22.364399 6.392801 20.929602 188 188 188
v -21.043598 6.392801 20.929602 188 188 188
v -17.690798 6.392801 20.929602 188 188 188
v -18.706797 6.392801 20.929602 188 188 188
v -22.364399 -7.323199 20.929602 188 188 188
v -22.364399 2.227200 20.929602 188 188 188
v -17.690798 1.008001 20.929602 188 188 188
v -17.690798 -8.542399 20.929602 188 188 188

v -17.690798 6.392801 21.844000 188 188 188
v -17.690798 -12.707999 21.844000 188 188 188
v -17.690798 6.392801 21.844000 188 188 188
v -17.690798 1.008001 20.929602 188 188 188
v -17.690798 6.392801 21.844000 188 188 188
v -17.690798 6.392801 20.929602 188 188 188
v -22.364399 6.392801 21.844000 188 188 188
v -22.364399 6.392801 21.844000 188 188 188
v -22.364399 6.392801 20.929602 188 188 188
v -22.364399 6.392801 21.844000 188 188 188
v -22.364399 2.227200 20.929602 188 188 188
v -22.364399 6.392801 21.844000 188 188 188
v -22.364399 -7.323199 20.929602 188 188 188
v -22.364399 -12.707999 21.844000 188 188 188
v -22.364399 -7.323199 20.929602 188 188 188
v -22.364399 -12.707999 21.844000 188 188 188
v -17.690798 -12.707999 21.844000 188 188 188
v -22.364399 -12.707999 21.844000 188 188 188
v -19.011600 -12.707999 20.929602 188 188 188
v -19.011600 -12.707999 20.929602 188 188 188
v -17.690798 -12.707999 21.844000 188 188 188
v -17.690798 -12.707999 20.929602 188 188 188
v -17.690798 -12.707999 21.844000 188 188 188
v -22.364399 -12.707999 20.929602 188 188 188
v -21.348400 -12.707999 20.929602 188 188 188
v -22.364399 -12.707999 21.844000 188 188 188
v -21.043598 6.392801 20.929602 188 188 188
v -17.690798 6.392801 21.844000 188 188 188
v -18.706797 6.392801 20.929602 188 188 188
v -17.690798 1.008001 20.929602 188 188 188
v -17.690798 -12.707999 21.844000 188 188 188
v -17.690798 -8.542399 20.929602 188 188 188
v -22.364399 -12.707999 21.844000 188 188 188
v -17.690798 -12.707999 21.844000 188 188 188
v -22.364399 6.392801 21.844000 188 188 188
v -17.690798 6.392801 21.844000 188 188 188
v -21.043598 6.392801 20.929602 188 188 188
v -22.364399 6.392801 21.844000 188 188 188

f 1 2 3
f 21 22 19
f 23 24 15
f 16 25 26
f 13 27 14
f 28 29 18
f 30 31 17
f 32 33 4
f 11 34 35
f 10 12 36
f 37 38 39
f 40 9 41
f 42 20 43
f 44 45 46
f 47 48 49
f 50 51 52
f 53 54 55
f 56 57 58

usemtl BaseColor_0
f 15 5 16
f 16 5 14
f 14 5 13
f 11 17 7
f 8 11 7
f 8 7 6
f 8 6 9
f 9 12 8
f 12 10 8
f 6 20 9
f 6 19 20
f 5 6 7
f 10 11 8
f 17 18 7
f 13 7 18
f 7 13 5
f 15 6 5
f 6 15 19


o Object.2
v -23.278799 12.742803 21.844000 188 188 188
v -27.444401 12.742803 21.844000 188 188 188
v -23.278799 -12.707999 21.844000 188 188 188
v -27.444401 -12.707999 21.844000 188 188 188
v -27.444401 -12.707999 0.000000 255 255 255
v -27.444401 12.742803 0.000000 255 255 255
v -23.278799 -12.707999 0.000000 255 255 255
v -23.278799 12.742803 0.000000 255 255 255
v -27.444401 -12.707999 20.929602 188 188 188
v -26.529999 -12.707999 20.929602 188 188 188
v -23.278799 -12.707999 20.929602 188 188 188
v -24.497999 -12.707999 20.929602 188 188 188
v -23.278799 12.742803 20.929602 188 188 188
v -27.444401 12.742803 20.929602 188 188 188
v -26.275999 12.742803 20.929602 188 188 188
v -24.193199 12.742803 20.929602 188 188 188
v -27.444401 -5.545199 20.929602 188 188 188
v -27.444401 7.205601 20.929602 188 188 188
v -23.278799 -5.545199 20.929602 188 188 188
v -23.278799 0.042801 20.929602 188 188 188

v -23.278799 12.742803 21.844000 188 188 188
v -23.278799 -12.707999 21.844000 188 188 188
v -23.278799 12.742803 21.844000 188 188 188
v -23.278799 12.742803 20.929602 188 188 188
v -27.444401 12.742803 21.844000 188 188 188
v -27.444401 12.742803 21.844000 188 188 188
v -27.444401 12.742803 20.929602 188 188 188
v -27.444401 12.742803 21.844000 188 188 188
v -27.444401 7.205601 20.929602 188 188 188
v -27.444401 12.742803 21.844000 188 188 188
v -27.444401 -5.545199 20.929602 188 188 188
v -27.444401 -12.707999 21.844000 188 188 188
v -27.444401 -5.545199 20.929602 188 188 188
v -27.444401 -12.707999 21.844000 188 188 188
v -23.278799 -12.707999 21.844000 188 188 188
v -27.444401 -12.707999 21.844000 188 188 188
v -24.497999 -12.707999 20.929602 188 188 188
v -24.497999 -12.707999 20.929602 188 188 188
v -23.278799 -12.707999 21.844000 188 188 188
v -23.278799 -12.707999 20.929602 188 188 188
v -23.278799 -12.707999 21.844000 188 188 188
v -23.278799 -12.707999 21.844000 188 188 188
v -23.278799 -5.545199 20.929602 188 188 188
v -27.444401 -12.707999 20.929602 188 188 188
v -26.529999 -12.707999 20.929602 188 188 188
v -27.444401 -12.707999 21.844000 188 188 188
v -26.275999 12.742803 20.929602 188 188 188
v -23.278799 12.742803 21.844000 188 188 188
v -24.193199 12.742803 20.929602 188 188 188
v -23.278799 12.742803 20.929602 188 188 188
v -23.278799 -12.707999 21.844000 188 188 188
v -23.278799 0.042801 20.929602 188 188 188
v -27.444401 -12.707999 21.844000 188 188 188
v -23.278799 -12.707999 21.844000 188 188 188
v -27.444401 12.742803 21.844000 188 188 188
v -23.278799 12.742803 21.844000 188 188 188
v -26.275999 12.742803 20.929602 188 188 188
v -27.444401 12.742803 21.844000 188 188 188

f 59 60 61
f 79 80 71
f 74 81 82
f 72 83 73
f 84 85 76
f 86 87 75
f 88 89 62
f 67 90 91
f 68 70 92
f 93 94 95
f 96 69 97
f 98 77 99
f 78 100 101
f 102 103 104
f 105 106 107
f 108 109 110
f 111 112 113
f 114 115 116

usemtl BaseColor_0
f 71 64 74
f 74 64 73
f 73 64 72
f 63 67 75
f 63 75 64
f 63 64 65
f 63 65 69
f 69 70 63
f 70 68 63
f 77 66 78
f 71 78 66
f 65 66 77
f 65 77 69
f 66 65 64
f 68 67 63
f 75 76 64
f 72 64 76
f 64 71 66


o Object.3
v -28.663599 11.472800 21.844000 188 188 188
v -31.864000 11.472800 21.844000 188 188 188
v -28.663599 -12.707999 21.844000 188 188 188
v -31.864000 -12.707999 21.844000 188 188 188
v -31.864000 -12.707999 0.000000 255 255 255
v -31.864000 11.472800 0.000000 255 255 255
v -28.663599 -12.707999 0.000000 255 255 255
v -28.663599 11.472800 0.000000 255 255 255
v -31.864000 -12.707999 20.929602 188 188 188
v -31.152798 -12.707999 20.929602 188 188 188
v -29.577999 -12.707999 20.929602 188 188 188
v -28.663599 -12.707999 20.929602 188 188 188
v -31.864000 11.472800 20.929602 188 188 188
v -30.289200 11.472800 20.929602 188 188 188
v -29.577999 11.472800 20.929602 188 188 188
v -28.663599 11.472800 20.929602 188 188 188
v -31.864000 6.189600 20.929602 188 188 188
v -31.864000 -5.900799 20.929602 188 188 188
v -28.663599 -7.475599 20.929602 188 188 188
v -28.663599 4.665601 20.929602 188 188 188

v -28.663599 11.472800 21.844000 188 188 188
v -28.663599 -12.707999 21.844000 188 188 188
v -28.663599 11.472800 21.844000 188 188 188
v -28.663599 4.665601 20.929602 188 188 188
v -28.663599 11.472800 21.844000 188 188 188
v -28.663599 11.472800 20.929602 188 188 188
v -28.663599 11.472800 21.844000 188 188 188
v -31.864000 11.472800 21.844000 188 188 188
v -31.864000 11.472800 20.929602 188 188 188
v -31.864000 11.472800 21.844000 188 188 188
v -31.864000 6.189600 20.929602 188 188 188
v -31.864000 11.472800 21.844000 188 188 188
v -31.864000 -5.900799 20.929602 188 188 188
v -31.864000 -12.707999 21.844000 188 188 188
v -31.864000 -5.900799 20.929602 188 188 188
v -31.864000 -12.707999 21.844000 188 188 188
v -28.663599 -12.707999 21.844000 188 188 188
v -31.864000 -12.707999 21.844000 188 188 188
v -29.577999 -12.707999 20.929602 188 188 188
v -29.577999 -12.707999 20.929602 188 188 188
v -28.663599 -12.707999 21.844000 188 188 188
v -28.663599 -12.707999 20.929602 188 188 188
v -28.663599 -12.707999 21.844000 188 188 188
v -31.864000 -12.707999 20.929602 188 188 188
v -31.152798 -12.707999 20.929602 188 188 188
v -31.864000 -12.707999 21.844000 188 188 188
v -30.289200 11.472800 20.929602 188 188 188
v -28.663599 11.472800 21.844000 188 188 188
v -29.577999 11.472800 20.929602 188 188 188
v -28.663599 4.665601 20.929602 188 188 188
v -28.663599 -12.707999 21.844000 188 188 188
v -28.663599 -7.475599 20.929602 188 188 188
v -31.864000 -12.707999 21.844000 188 188 188
v -28.663599 -12.707999 21.844000 188 188 188
v -31.864000 11.472800 21.844000 188 188 188
v -28.663599 11.472800 21.844000 188 188 188
v -31.864000 11.472800 20.929602 188 188 188
v -31.864000 11.472800 21.844000 188 188 188

f 117 118 119
f 137 138 136
f 139 140 132
f 131 141 142
f 129 143 130
f 144 145 133
f 146 147 134
f 148 149 120
f 125 150 151
f 126 127 152
f 153 154 155
f 156 128 157
f 158 135 159
f 160 161 162
f 163 164 165
f 166 167 168
f 169 170 171
f 172 173 174

usemtl BaseColor_0
f 132 122 131
f 131 122 130
f 130 122 129
f 129 122 133
f 125 134 122
f 121 125 122
f 121 122 123
f 121 123 128
f 128 127 121
f 127 126 121
f 123 135 128
f 123 136 135
f 123 124 136
f 124 123 122
f 126 125 121
f 134 133 122
f 122 132 124
f 132 136 124


o Object.4
v 28.638803 -12.707999 21.844000 188 188 188
v 52.210011 -12.707999 21.844000 188 188 188
v 28.638803 -6.358000 21.844000 188 188 188
v 52.210011 -6.358000 21.844000 188 188 188
v 28.638803 -12.707999 0.000000 255 255 255
v 28.638803 -6.358000 0.000000 255 255 255
v 52.210011 -12.707999 0.000000 255 255 255
v 52.210011 -6.358000 0.000000 255 255 255
v 33.769600 -12.707999 20.929602 188 188 188
v 28.638803 -12.707999 20.929602 188 188 188
v 45.555206 -12.707999 20.929602 188 188 188
v 52.210011 -12.707999 20.929602 188 188 188
v 40.424404 -6.358000 20.929602 188 188 188
v 28.638803 -6.358000 20.929602 188 188 188
v 45.555206 -6.358000 20.929602 188 188 188
v 52.210011 -6.358000 20.929602 188 188 188
v 52.210011 -11.336400 20.929602 188 188 188
v 52.210011 -8.136000 20.929602 188 188 188
v 28.638803 -8.136000 20.929602 188 188 188
v 28.638803 -9.558399 20.929602 188 188 188

v 28.638803 -12.707999 21.844000 188 188 188
v 28.638803 -6.358000 21.844000 188 188 188
v 28.638803 -6.358000 21.844000 188 188 188
v 28.638803 -12.707999 20.929602 188 188 188
v 28.638803 -12.707999 21.844000 188 188 188
v 45.555206 -12.707999 20.929602 188 188 188
v 52.210011 -12.707999 21.844000 188 188 188
v 52.210011 -12.707999 20.929602 188 188 188
v 52.210011 -12.707999 21.844000 188 188 188
v 52.210011 -12.707999 21.844000 188 188 188
v 52.210011 -11.336400 20.929602 188 188 188
v 52.210011 -8.136000 20.929602 188 188 188
v 52.210011 -6.358000 21.844000 188 188 188
v 52.210011 -6.358000 20.929602 188 188 188
v 52.210011 -6.358000 21.844000 188 188 188
v 52.210011 -6.358000 21.844000 188 188 188
v 28.638803 -6.358000 20.929602 188 188 188
v 28.638803 -6.358000 21.844000 188 188 188
v 28.638803 -6.358000 21.844000 188 188 188
v 28.638803 -6.358000 20.929602 188 188 188
v 40.424404 -6.358000 20.929602 188 188 188
v 52.210011 -6.358000 21.844000 188 188 188
v 45.555206 -6.358000 20.929602 188 188 188
v 52.210011 -6.358000 21.844000 188 188 188
v 52.210011 -12.707999 21.844000 188 188 188
v 52.210011 -8.136000 20.929602 188 188 188
v 28.638803 -6.358000 21.844000 188 188 188
v 28.638803 -8.136000 20.929602 188 188 188
v 28.638803 -9.558399 20.929602 188 188 188
v 28.638803 -12.707999 20.929602 188 188 188
v 33.769600 -12.707999 20.929602 188 188 188
v 28.638803 -12.707999 21.844000 188 188 188
v 52.210011 -6.358000 21.844000 188 188 188
v 28.638803 -6.358000 21.844000 188 188 188
v 52.210011 -12.707999 21.844000 188 188 188
v 52.210011 -12.707999 21.844000 188 188 188
v 28.638803 -12.707999 21.844000 188 188 188
v 45.555206 -12.707999 20.929602 188 188 188

f 175 176 177
f 184 195 196
f 197 194 198
f 183 185 199
f 200 186 201
f 202 191 203
f 192 204 205
f 178 206 190
f 189 207 208
f 188 209 187
f 210 211 212
f 213 214 193
f 215 216 217
f 218 219 220
f 221 222 223
f 224 225 226
f 227 228 229
f 230 231 232

usemtl BaseColor_0
f 184 194 180
f 179 184 180
f 179 180 181
f 179 181 186
f 186 185 179
f 185 183 179
f 181 192 191
f 181 190 192
f 190 182 189
f 180 189 182
f 189 180 187
f 187 180 188
f 188 180 193
f 190 181 182
f 181 191 186
f 182 181 180
f 183 184 179
f 194 193 180


o Object.5
v 56.274006 8.424801 21.844000 188 188 188
v 52.870411 8.424801 21.844000 188 188 188
v 56.274006 -12.707999 21.844000 188 188 188
v 52.870411 -12.707999 21.844000 188 188 188
v 52.870411 8.424801 0.000000 255 255 255
v 56.274006 8.424801 20.929602 188 188 188
v 56.274006 8.424801 0.000000 255 255 255
v 52.870411 8.424801 20.929602 188 188 188
v 54.546810 8.424801 20.929602 188 188 188
v 55.308804 8.424801 20.929602 188 188 188
v 52.870411 -12.707999 0.000000 255 255 255
v 52.870411 -12.707999 20.929602 188 188 188
v 52.870411 -6.764399 20.929602 188 188 188
v 52.870411 3.802001 20.929602 188 188 188
v 56.274006 -12.707999 0.000000 255 255 255
v 56.274006 -2.141599 20.929602 188 188 188
v 56.274006 -6.764399 20.929602 188 188 188
v 56.274006 -12.707999 20.929602 188 188 188
v 53.835602 -12.707999 20.929602 188 188 188
v 54.546810 -12.707999 20.929602 188 188 188

v 56.274006 8.424801 21.844000 188 188 188
v 56.274006 -12.707999 21.844000 188 188 188
v 56.274006 8.424801 21.844000 188 188 188
v 56.274006 8.424801 20.929602 188 188 188
v 56.274006 8.424801 21.844000 188 188 188
v 52.870411 8.424801 21.844000 188 188 188
v 52.870411 8.424801 20.929602 188 188 188
v 52.870411 8.424801 21.844000 188 188 188
v 52.870411 3.802001 20.929602 188 188 188
v 52.870411 8.424801 21.844000 188 188 188
v 52.870411 -6.764399 20.929602 188 188 188
v 52.870411 -12.707999 21.844000 188 188 188
v 52.870411 -6.764399 20.929602 188 188 188
v 52.870411 -12.707999 21.844000 188 188 188
v 54.546810 -12.707999 20.929602 188 188 188
v 52.870411 -12.707999 21.844000 188 188 188
v 56.274006 -12.707999 21.844000 188 188 188
v 52.870411 -12.707999 21.844000 188 188 188
v 56.274006 -12.707999 20.929602 188 188 188
v 56.274006 -12.707999 20.929602 188 188 188
v 56.274006 -12.707999 21.844000 188 188 188
v 56.274006 -12.707999 21.844000 188 188 188
v 56.274006 -6.764399 20.929602 188 188 188
v 52.870411 -12.707999 20.929602 188 188 188
v 53.835602 -12.707999 20.929602 188 188 188
v 52.870411 -12.707999 21.844000 188 188 188
v 54.546810 8.424801 20.929602 188 188 188
v 56.274006 8.424801 21.844000 188 188 188
v 55.308804 8.424801 20.929602 188 188 188
v 56.274006 8.424801 20.929602 188 188 188
v 56.274006 -12.707999 21.844000 188 188 188
v 56.274006 -2.141599 20.929602 188 188 188
v 52.870411 -12.707999 21.844000 188 188 188
v 56.274006 -12.707999 21.844000 188 188 188
v 52.870411 8.424801 21.844000 188 188 188
v 56.274006 8.424801 21.844000 188 188 188
v 52.870411 8.424801 20.929602 188 188 188
v 52.870411 8.424801 21.844000 188 188 188

f 233 234 235
f 253 254 238
f 242 255 256
f 240 257 241
f 258 259 246
f 260 261 245
f 262 263 236
f 244 264 265
f 251 252 266
f 267 250 268
f 269 270 271
f 272 249 273
f 248 274 275
f 276 277 278
f 279 280 281
f 282 283 284
f 285 286 287
f 288 289 290

usemtl BaseColor_0
f 238 237 242
f 242 237 241
f 241 237 240
f 240 237 246
f 243 244 245
f 243 245 237
f 243 237 247
f 243 247 250
f 250 252 243
f 252 251 243
f 247 248 249
f 247 238 248
f 238 247 239
f 247 249 250
f 239 247 237
f 251 244 243
f 245 246 237
f 237 238 239


o Object.6
v 57.391609 -12.707999 21.844000 188 188 188
v 63.741608 -12.707999 21.844000 188 188 188
v 57.391609 12.742803 21.844000 188 188 188
v 63.741608 12.742803 21.844000 188 188 188
v 57.391609 -12.707999 0.000000 255 255 255
v 57.391609 12.742803 0.000000 255 255 255
v 63.741608 -12.707999 0.000000 255 255 255
v 63.741608 12.742803 0.000000 255 255 255
v 59.169601 -12.707999 20.929602 188 188 188
v 57.391609 -12.707999 20.929602 188 188 188
v 63.741608 -12.707999 20.929602 188 188 188
v 60.541199 -12.707999 20.929602 188 188 188
v 63.741608 12.742803 20.929602 188 188 188
v 63.741608 -6.358000 20.929602 188 188 188
v 63.741608 0.042801 20.929602 188 188 188
v 57.391609 12.742803 20.929602 188 188 188
v 59.169601 12.742803 20.929602 188 188 188
v 62.319202 12.742803 20.929602 188 188 188
v 57.391609 5.580001 20.929602 188 188 188
v 57.391609 -0.008000 20.929602 188 188 188

v 57.391609 -12.707999 21.844000 188 188 188
v 57.391609 12.742803 21.844000 188 188 188
v 57.391609 12.742803 21.844000 188 188 188
v 57.391609 -12.707999 20.929602 188 188 188
v 57.391609 -12.707999 21.844000 188 188 188
v 60.541199 -12.707999 20.929602 188 188 188
v 57.391609 -12.707999 21.844000 188 188 188
v 63.741608 -12.707999 20.929602 188 188 188
v 63.741608 -12.707999 21.844000 188 188 188
v 63.741608 -12.707999 21.844000 188 188 188
v 63.741608 -6.358000 20.929602 188 188 188
v 63.741608 12.742803 21.844000 188 188 188
v 63.741608 -12.707999 21.844000 188 188 188
v 63.741608 12.742803 20.929602 188 188 188
v 63.741608 12.742803 21.844000 188 188 188
v 62.319202 12.742803 20.929602 188 188 188
v 63.741608 12.742803 21.844000 188 188 188
v 59.169601 12.742803 20.929602 188 188 188
v 57.391609 12.742803 21.844000 188 188 188
v 57.391609 12.742803 21.844000 188 188 188
v 59.169601 12.742803 20.929602 188 188 188
v 57.391609 12.742803 21.844000 188 188 188
v 57.391609 12.742803 20.929602 188 188 188
v 63.741608 12.742803 20.929602 188 188 188
v 63.741608 -12.707999 21.844000 188 188 188
v 63.741608 0.042801 20.929602 188 188 188
v 57.391609 12.742803 21.844000 188 188 188
v 57.391609 5.580001 20.929602 188 188 188
v 57.391609 -0.008000 20.929602 188 188 188
v 57.391609 -12.707999 20.929602 188 188 188
v 59.169601 -12.707999 20.929602 188 188 188
v 57.391609 -12.707999 21.844000 188 188 188
v 63.741608 12.742803 21.844000 188 188 188
v 57.391609 12.742803 21.844000 188 188 188
v 63.741608 -12.707999 21.844000 188 188 188
v 63.741608 -12.707999 21.844000 188 188 188
v 57.391609 -12.707999 21.844000 188 188 188
v 63.741608 -12.707999 20.929602 188 188 188

f 291 292 293
f 300 311 312
f 313 310 314
f 299 302 315
f 316 301 317
f 318 304 319
f 305 320 321
f 308 294 303
f 322 323 324
f 307 325 326
f 327 328 329
f 306 330 331
f 332 333 309
f 334 335 336
f 337 338 339
f 340 341 342
f 343 344 345
f 346 347 348

usemtl BaseColor_0
f 300 310 296
f 295 300 296
f 295 296 297
f 295 297 301
f 301 302 295
f 302 299 295
f 297 304 301
f 304 298 305
f 303 305 298
f 296 303 298
f 303 296 308
f 307 296 306
f 306 296 309
f 308 296 307
f 297 298 304
f 298 297 296
f 299 300 295
f 310 309 296


o Object.7
v -50.914001 8.424801 21.437601 188 188 188
v -52.844398 8.424801 20.929602 188 188 188
v -52.844398 8.424801 21.437601 188 188 188
v -51.625198 8.424801 20.929602 188 188 188
v -51.269600 8.424801 20.929602 188 188 188
v -52.844398 8.424801 0.000000 255 255 255
v -50.914001 8.424801 20.929602 188 188 188
v -50.914001 8.424801 0.000000 255 255 255
v -52.844398 -12.707999 0.000000 255 255 255
v -50.914001 -12.707999 0.000000 255 255 255
v -50.914001 -12.707999 21.437601 188 188 188
v -52.844398 -12.707999 21.437601 188 188 188
v -50.914001 -12.707999 20.929602 188 188 188
v -52.133202 -12.707999 20.929602 188 188 188
v -52.488800 -12.707999 20.929602 188 188 188
v -52.844398 -12.707999 20.929602 188 188 188
v -52.844398 -8.847199 20.929602 188 188 188
v -52.844398 4.614801 20.929602 188 188 188
v -50.914001 -5.037199 20.929602 188 188 188
v -50.914001 -8.847199 20.929602 188 188 188

v -50.914001 8.424801 21.437601 188 188 188
v -52.844398 8.424801 21.437601 188 188 188
v -50.914001 8.424801 21.437601 188 188 188
v -50.914001 -12.707999 21.437601 188 188 188
v -50.914001 8.424801 21.437601 188 188 188
v -50.914001 8.424801 20.929602 188 188 188
v -52.844398 -12.707999 20.929602 188 188 188
v -52.844398 -12.707999 21.437601 188 188 188
v -52.844398 8.424801 21.437601 188 188 188
v -52.844398 -8.847199 20.929602 188 188 188
v -52.844398 -12.707999 21.437601 188 188 188
v -52.488800 -12.707999 20.929602 188 188 188
v -52.844398 -12.707999 21.437601 188 188 188
v -52.133202 -12.707999 20.929602 188 188 188
v -52.844398 -12.707999 21.437601 188 188 188
v -50.914001 -12.707999 21.437601 188 188 188
v -52.844398 -12.707999 21.437601 188 188 188
v -50.914001 -12.707999 20.929602 188 188 188
v -50.914001 -12.707999 20.929602 188 188 188
v -50.914001 -12.707999 21.437601 188 188 188
v -50.914001 -12.707999 21.437601 188 188 188
v -50.914001 -8.847199 20.929602 188 188 188
v -52.844398 8.424801 21.437601 188 188 188
v -52.844398 -8.847199 20.929602 188 188 188
v -50.914001 8.424801 21.437601 188 188 188
v -51.269600 8.424801 20.929602 188 188 188
v -50.914001 8.424801 20.929602 188 188 188
v -50.914001 -12.707999 21.437601 188 188 188
v -50.914001 -5.037199 20.929602 188 188 188
v -52.844398 -12.707999 21.437601 188 188 188
v -50.914001 -12.707999 21.437601 188 188 188
v -52.844398 8.424801 21.437601 188 188 188
v -52.844398 8.424801 21.437601 188 188 188
v -52.844398 8.424801 20.929602 188 188 188
v -52.844398 4.614801 20.929602 188 188 188
v -52.844398 8.424801 20.929602 188 188 188
v -50.914001 8.424801 21.437601 188 188 188
v -51.625198 8.424801 20.929602 188 188 188

f 349 350 351
f 369 370 359
f 371 372 355
f 353 373 374
f 364 363 360
f 375 376 365
f 377 378 379
f 380 362 381
f 382 361 383
f 384 385 386
f 387 368 388
f 367 389 390
f 391 366 392
f 352 393 394
f 395 396 397
f 398 399 400
f 401 402 403
f 404 405 406

usemtl BaseColor_0
f 355 354 353
f 353 354 352
f 352 354 350
f 350 354 366
f 365 366 354
f 357 365 354
f 357 354 358
f 357 358 361
f 361 362 357
f 362 363 357
f 363 364 357
f 358 367 368
f 358 355 367
f 355 358 356
f 358 368 361
f 356 358 354
f 357 364 365
f 354 355 356


o Object.8
v -38.112400 -12.707999 0.000000 255 255 255
v -38.112400 9.644002 0.000000 255 255 255
v -32.778397 9.644002 0.000000 255 255 255
v -32.778397 -12.707999 0.000000 255 255 255
v -36.181999 -12.707999 20.929602 188 188 188
v -32.778397 -12.707999 20.929602 188 188 188
v -38.112400 -12.707999 21.437601 188 188 188
v -32.778397 -12.707999 21.437601 188 188 188
v -37.147198 -12.707999 20.929602 188 188 188
v -38.112400 -12.707999 20.929602 188 188 188
v -32.778397 9.644002 21.437601 188 188 188
v -38.112400 9.644002 21.437601 188 188 188
v -34.759598 9.644002 20.929602 188 188 188
v -38.112400 9.644002 20.929602 188 188 188
v -33.794399 9.644002 20.929602 188 188 188
v -32.778397 9.644002 20.929602 188 188 188
v -32.778397 -8.694799 20.929602 188 188 188
v -32.778397 5.529202 20.929602 188 188 188
v -38.112400 -8.643999 20.929602 188 188 188
v -38.112400 5.580001 20.929602 188 188 188

v -38.112400 -8.643999 20.929602 188 188 188
v -38.112400 -12.707999 21.437601 188 188 188
v -38.112400 -12.707999 21.437601 188 188 188
v -38.112400 9.644002 21.437601 188 188 188
v -32.778397 9.644002 21.437601 188 188 188
v -38.112400 9.644002 21.437601 188 188 188
v -38.112400 9.644002 21.437601 188 188 188
v -38.112400 9.644002 20.929602 188 188 188
v -32.778397 9.644002 21.437601 188 188 188
v -33.794399 9.644002 20.929602 188 188 188
v -32.778397 9.644002 21.437601 188 188 188
v -32.778397 9.644002 21.437601 188 188 188
v -32.778397 9.644002 20.929602 188 188 188
v -32.778397 9.644002 21.437601 188 188 188
v -32.778397 5.529202 20.929602 188 188 188
v -32.778397 5.529202 20.929602 188 188 188
v -32.778397 -12.707999 21.437601 188 188 188
v -38.112400 -12.707999 21.437601 188 188 188
v -36.181999 -12.707999 20.929602 188 188 188
v -38.112400 -12.707999 21.437601 188 188 188
v -32.778397 -12.707999 21.437601 188 188 188
v -38.112400 -12.707999 21.437601 188 188 188
v -32.778397 -12.707999 20.929602 188 188 188
v -32.778397 -12.707999 20.929602 188 188 188
v -32.778397 -8.694799 20.929602 188 188 188
v -32.778397 -12.707999 21.437601 188 188 188
v -38.112400 9.644002 20.929602 188 188 188
v -32.778397 9.644002 21.437601 188 188 188
v -34.759598 9.644002 20.929602 188 188 188
v -32.778397 9.644002 21.437601 188 188 188
v -38.112400 -12.707999 21.437601 188 188 188
v -32.778397 -12.707999 21.437601 188 188 188
v -38.112400 9.644002 21.437601 188 188 188
v -38.112400 5.580001 20.929602 188 188 188
v -38.112400 -8.643999 20.929602 188 188 188
v -38.112400 -12.707999 20.929602 188 188 188
v -37.147198 -12.707999 20.929602 188 188 188
v -38.112400 -12.707999 21.437601 188 188 188

f 416 413 425
f 418 427 428
f 429 417 430
f 431 420 432
f 433 434 426
f 419 435 421
f 436 437 422
f 438 424 439
f 440 414 441
f 442 443 423
f 411 412 444
f 415 445 446
f 447 448 449
f 450 451 452
f 453 454 455
f 456 457 458
f 459 460 461
f 462 463 464

usemtl BaseColor_0
f 407 408 409
f 409 410 407
f 407 410 415
f 415 416 407
f 407 416 425
f 420 408 426
f 425 426 408
f 419 408 420
f 421 408 419
f 422 424 409
f 410 424 423
f 410 423 412
f 412 411 410
f 422 408 421
f 411 415 410
f 410 409 424
f 408 422 409
f 407 425 408


o Object.9
v -49.593201 -12.707999 0.000000 255 255 255
v -49.593201 10.660001 0.000000 255 255 255
v -45.884800 10.660001 0.000000 255 255 255
v -45.884800 -12.707999 0.000000 255 255 255
v -48.272396 -12.707999 20.929602 188 188 188
v -45.884800 -12.707999 20.929602 188 188 188
v -49.593201 -12.707999 21.437601 188 188 188
v -48.932800 -12.707999 20.929602 188 188 188
v -45.884800 -12.707999 21.437601 188 188 188
v -49.593201 -12.707999 20.929602 188 188 188
v -45.884800 10.660001 21.437601 188 188 188
v -49.593201 10.660001 21.437601 188 188 188
v -47.256397 10.660001 20.929602 188 188 188
v -49.593201 10.660001 20.929602 188 188 188
v -46.545200 10.660001 20.929602 188 188 188
v -45.884800 10.660001 20.929602 188 188 188
v -45.884800 -8.491599 20.929602 188 188 188
v -45.884800 6.342001 20.929602 188 188 188
v -49.593201 -8.440800 20.929602 188 188 188
v -49.593201 6.443600 20.929602 188 188 188

v -49.593201 -8.440800 20.929602 188 188 188
v -49.593201 -12.707999 21.437601 188 188 188
v -49.593201 -12.707999 21.437601 188 188 188
v -49.593201 10.660001 21.437601 188 188 188
v -45.884800 10.660001 21.437601 188 188 188
v -49.593201 10.660001 21.437601 188 188 188
v -49.593201 10.660001 21.437601 188 188 188
v -49.593201 10.660001 20.929602 188 188 188
v -45.884800 10.660001 21.437601 188 188 188
v -46.545200 10.660001 20.929602 188 188 188
v -45.884800 10.660001 21.437601 188 188 188
v -45.884800 10.660001 21.437601 188 188 188
v -45.884800 10.660001 20.929602 188 188 188
v -45.884800 10.660001 21.437601 188 188 188
v -45.884800 6.342001 20.929602 188 188 188
v -45.884800 6.342001 20.929602 188 188 188
v -45.884800 -12.707999 21.437601 188 188 188
v -49.593201 -12.707999 21.437601 188 188 188
v -48.272396 -12.707999 20.929602 188 188 188
v -49.593201 -12.707999 21.437601 188 188 188
v -45.884800 -12.707999 21.437601 188 188 188
v -49.593201 -12.707999 21.437601 188 188 188
v -45.884800 -12.707999 20.929602 188 188 188
v -45.884800 -12.707999 20.929602 188 188 188
v -45.884800 -8.491599 20.929602 188 188 188
v -45.884800 -12.707999 21.437601 188 188 188
v -49.593201 10.660001 20.929602 188 188 188
v -45.884800 10.660001 21.437601 188 188 188
v -47.256397 10.660001 20.929602 188 188 188
v -45.884800 10.660001 21.437601 188 188 188
v -49.593201 -12.707999 21.437601 188 188 188
v -45.884800 -12.707999 21.437601 188 188 188
v -49.593201 10.660001 21.437601 188 188 188
v -49.593201 6.443600 20.929602 188 188 188
v -49.593201 -8.440800 20.929602 188 188 188
v -49.593201 -12.707999 20.929602 188 188 188
v -48.932800 -12.707999 20.929602 188 188 188
v -49.593201 -12.707999 21.437601 188 188 188

f 474 471 483
f 476 485 486
f 487 475 488
f 489 478 490
f 491 492 484
f 477 493 479
f 494 495 480
f 496 482 497
f 498 473 499
f 500 501 481
f 469 470 502
f 472 503 504
f 505 506 507
f 508 509 510
f 511 512 513
f 514 515 516
f 517 518 519
f 520 521 522

usemtl BaseColor_0
f 465 466 467
f 467 468 465
f 465 468 472
f 472 474 465
f 465 474 483
f 478 466 484
f 483 484 466
f 477 466 478
f 479 466 477
f 480 482 467
f 468 482 481
f 468 481 470
f 470 469 468
f 480 466 479
f 469 472 468
f 468 467 482
f 466 480 467
f 465 483 466


o Object.10
v -44.513199 -12.707999 0.000000 255 255 255
v -44.513199 12.742803 0.000000 255 255 255
v -39.737999 -12.707999 0.000000 255 255 255
v -39.737999 12.742803 0.000000 255 255 255
v -42.785999 -12.707999 20.929602 188 188 188
v -43.649601 -12.707999 20.929602 188 188 188
v -39.737999 -12.707999 20.929602 188 188 188
v -39.737999 -12.707999 21.437601 188 188 188
v -44.513199 -12.707999 21.437601 188 188 188
v -44.513199 -12.707999 20.929602 188 188 188
v -41.465202 12.742803 20.929602 188 188 188
v -39.737999 12.742803 21.437601 188 188 188
v -40.652401 12.742803 20.929602 188 188 188
v -44.513199 12.742803 20.929602 188 188 188
v -39.737999 12.742803 20.929602 188 188 188
v -44.513199 12.742803 21.437601 188 188 188
v -39.737999 -3.411599 20.929602 188 188 188
v -39.737999 -8.034399 20.929602 188 188 188
v -44.513199 8.069201 20.929602 188 188 188
v -44.513199 3.446401 20.929602 188 188 188

v -44.513199 -12.707999 20.929602 188 188 188
v -44.513199 -12.707999 21.437601 188 188 188
v -44.513199 12.742803 21.437601 188 188 188
v -44.513199 -12.707999 20.929602 188 188 188
v -44.513199 12.742803 21.437601 188 188 188
v -44.513199 12.742803 20.929602 188 188 188
v -44.513199 12.742803 21.437601 188 188 188
v -39.737999 12.742803 21.437601 188 188 188
v -44.513199 12.742803 21.437601 188 188 188
v -39.737999 12.742803 21.437601 188 188 188
v -39.737999 -12.707999 21.437601 188 188 188
v -39.737999 12.742803 21.437601 188 188 188
v -39.737999 12.742803 20.929602 188 188 188
v -39.737999 -12.707999 21.437601 188 188 188
v -39.737999 -8.034399 20.929602 188 188 188
v -39.737999 -12.707999 21.437601 188 188 188
v -39.737999 -12.707999 21.437601 188 188 188
v -44.513199 -12.707999 21.437601 188 188 188
v -39.737999 -12.707999 20.929602 188 188 188
v -39.737999 -12.707999 20.929602 188 188 188
v -44.513199 -12.707999 21.437601 188 188 188
v -39.737999 12.742803 21.437601 188 188 188
v -40.652401 12.742803 20.929602 188 188 188
v -39.737999 12.742803 20.929602 188 188 188
v -39.737999 -12.707999 21.437601 188 188 188
v -39.737999 -3.411599 20.929602 188 188 188
v -44.513199 12.742803 20.929602 188 188 188
v -39.737999 12.742803 21.437601 188 188 188
v -41.465202 12.742803 20.929602 188 188 188
v -44.513199 12.742803 21.437601 188 188 188
v -44.513199 8.069201 20.929602 188 188 188
v -44.513199 3.446401 20.929602 188 188 188
v -44.513199 -12.707999 21.437601 188 188 188
v -39.737999 -12.707999 21.437601 188 188 188
v -44.513199 12.742803 21.437601 188 188 188
v -43.649601 -12.707999 20.929602 188 188 188
v -42.785999 -12.707999 20.929602 188 188 188
v -44.513199 -12.707999 21.437601 188 188 188

f 532 528 531
f 543 544 538
f 545 542 546
f 547 536 541
f 534 548 549
f 550 551 530
f 552 553 537
f 535 554 555
f 539 556 540
f 529 557 558
f 559 560 561
f 527 562 563
f 533 564 565
f 566 567 568
f 569 570 571
f 572 573 574
f 575 576 577
f 578 579 580

usemtl BaseColor_0
f 523 524 525
f 523 525 528
f 528 532 523
f 532 542 524
f 542 541 524
f 536 524 541
f 537 526 535
f 535 526 533
f 533 526 536
f 537 539 526
f 540 526 539
f 529 527 525
f 525 540 529
f 525 526 540
f 524 536 526
f 527 528 525
f 526 525 524
f 523 532 524


o Object.11
v -10.578799 -12.555599 0.000000 255 255 255
v -12.051995 -11.438000 0.000000 255 255 255
v -12.306002 -10.523600 0.000000 255 255 255
v -10.324800 -12.454000 0.000000 255 255 255
v -10.731200 -12.555599 0.000000 255 255 255
v -11.188397 -12.707999 0.000000 255 255 255
v -11.696397 -12.707999 0.000000 255 255 255
v -11.747199 -12.504800 0.000000 255 255 255
v -10.832799 -12.606400 0.000000 255 255 255
v -10.934398 -12.657200 0.000000 255 255 255
v -11.086799 -12.707999 0.000000 255 255 255
v -16.319199 4.411601 0.000000 255 255 255
v -12.356797 2.176401 0.000000 255 255 255
v -12.051995 1.109601 0.000000 255 255 255
v -12.864798 -8.440800 0.000000 255 255 255
v -8.851598 -10.726799 0.000000 255 255 255
v -8.546795 -11.793599 0.000000 255 255 255
v -16.268398 4.259201 0.000000 255 255 255
v -11.493199 -1.024000 0.000000 255 255 255
v -12.864798 -8.339200 0.000000 255 255 255
v -14.541200 -2.090799 0.000000 255 255 255
v -10.578799 -4.275199 0.000000 255 255 255
v -10.324800 -5.341999 0.000000 255 255 255
v -10.019998 -6.408799 0.000000 255 255 255
v -13.321998 -6.662799 0.000000 255 255 255
v -9.156400 -9.660000 0.000000 255 255 255
v -15.150798 0.144401 0.000000 255 255 255
v -15.455597 1.160400 0.000000 255 255 255
v -11.188397 -2.141599 0.000000 255 255 255
v -15.963599 3.192401 0.000000 255 255 255
v -16.878000 6.545200 0.000000 255 255 255
v -13.271198 5.427601 0.000000 255 255 255
v -12.763199 3.649601 0.000000 255 255 255
v -16.369997 4.564000 0.000000 255 255 255
v -16.674799 5.630802 0.000000 255 255 255
v -10.731200 -3.767199 0.000000 255 255 255
v -10.781997 -3.563999 0.000000 255 255 255
v -10.883595 -3.208399 0.000000 255 255 255
v -17.487598 8.678802 0.000000 255 255 255
v -17.436798 8.780400 0.000000 255 255 255
v -17.386000 8.831202 0.000000 255 255 255
v -13.575997 6.494401 0.000000 255 255 255
v -17.335197 8.882001 0.000000 255 255 255
v -17.132000 8.932801 0.000000 255 255 255
v -17.081198 8.983601 0.000000 255 255 255
v -15.404798 9.440801 0.000000 255 255 255
v -15.303199 9.440801 0.000000 255 255 255
v -14.388799 9.542401 0.000000 255 255 255
v -16.878000 9.034402 0.000000 255 255 255
v -16.725599 9.034402 0.000000 255 255 255
v -16.471600 9.136001 0.000000 255 255 255
v -13.880799 7.561201 0.000000 255 255 255
v -15.760399 9.339201 0.000000 255 255 255
v -15.607998 9.390001 0.000000 255 255 255
v -14.033197 8.170801 0.000000 255 255 255
v -14.744397 9.644002 0.000000 255 255 255
v -14.490397 9.694800 0.000000 255 255 255
v -14.439598 9.694800 0.000000 255 255 255
v -16.166800 9.237600 0.000000 255 255 255
v -15.861998 9.288402 0.000000 255 255 255
v -15.912797 9.288402 0.000000 255 255 255
v -16.268398 9.186801 0.000000 255 255 255
v -17.386000 8.882001 0.000000 255 255 255
v -17.487598 8.729601 0.000000 255 255 255
v -10.426398 -4.935599 0.000000 255 255 255
v -13.728398 -5.240400 0.000000 255 255 255
v -9.715196 -7.475599 0.000000 255 255 255
v -13.220399 -7.069200 0.000000 255 255 255
v -8.546795 -11.844399 0.000000 255 255 255
v -8.597598 -11.844399 0.000000 255 255 255
v -8.597598 -11.895200 0.000000 255 255 255
v -8.597598 -11.945999 0.000000 255 255 255
v -8.648400 -11.945999 0.000000 255 255 255
v -8.648400 -11.996799 0.000000 255 255 255
v -8.699197 -11.996799 0.000000 255 255 255
v -8.749999 -11.996799 0.000000 255 255 255
v -8.953197 -12.047600 0.000000 255 255 255
v -9.207196 -12.149199 0.000000 255 255 255
v -12.763199 -8.796399 0.000000 255 255 255
v -9.461196 -12.199999 0.000000 255 255 255
v -9.664399 -12.250799 0.000000 255 255 255
v -9.816800 -12.301600 0.000000 255 255 255
v -10.223201 -12.403200 0.000000 255 255 255
v -11.289996 -12.707999 20.929602 188 188 188
v -11.188397 -12.707999 20.929602 188 188 188
v -11.188397 -12.707999 21.437601 188 188 188
v -11.696397 -12.707999 20.929602 188 188 188
v -11.594798 -12.707999 20.929602 188 188 188
v -11.696397 -12.707999 21.437601 188 188 188
v -9.969201 -12.352400 21.437601 188 188 188
v -12.255199 -10.574400 21.437601 188 188 188
v -10.223201 -12.403200 21.437601 188 188 188
v -10.477201 -12.504800 21.437601 188 188 188
v -10.731200 -12.555599 21.437601 188 188 188
v -10.934398 -12.657200 21.437601 188 188 188
v -10.324800 -5.341999 21.437601 188 188 188
v -13.982398 -4.173599 21.437601 188 188 188
v -13.423599 -6.307199 21.437601 188 188 188
v -12.864798 -8.440800 21.437601 188 188 188
v -9.156400 -9.660000 21.437601 188 188 188
v -9.715196 -7.475599 21.437601 188 188 188
v -13.271198 5.427601 21.437601 188 188 188
v -16.878000 6.545200 21.437601 188 188 188
v -16.319199 4.411601 21.437601 188 188 188
v -10.883595 -3.208399 21.437601 188 188 188
v -11.493199 -1.024000 21.437601 188 188 188
v -15.150798 0.144401 21.437601 188 188 188
v -12.051995 1.109601 21.437601 188 188 188
v -15.760399 2.278001 21.437601 188 188 188
v -17.487598 8.678802 21.437601 188 188 188
v -17.030397 8.983601 21.437601 188 188 188
v -17.487598 8.729601 21.437601 188 188 188
v -17.436798 8.780400 21.437601 188 188 188
v -17.436798 8.831202 21.437601 188 188 188
v -17.386000 8.831202 21.437601 188 188 188
v -17.386000 8.882001 21.437601 188 188 188
v -17.335197 8.882001 21.437601 188 188 188
v -12.661600 3.243201 21.437601 188 188 188
v -15.861998 9.288402 21.437601 188 188 188
v -13.880799 7.561201 21.437601 188 188 188
v -15.607998 9.390001 21.437601 188 188 188
v -15.303199 9.440801 21.437601 188 188 188
v -14.744397 9.644002 21.437601 188 188 188
v -14.490397 9.694800 21.437601 188 188 188
v -16.725599 9.034402 21.437601 188 188 188
v -16.471600 9.136001 21.437601 188 188 188
v -16.166800 9.237600 21.437601 188 188 188
v -9.715196 -12.250799 21.437601 188 188 188
v -9.461196 -12.199999 21.437601 188 188 188
v -9.207196 -12.149199 21.437601 188 188 188
v -9.003999 -12.098400 21.437601 188 188 188
v -8.749999 -11.996799 21.437601 188 188 188
v -8.699197 -11.996799 21.437601 188 188 188
v -8.648400 -11.945999 21.437601 188 188 188
v -8.597598 -11.945999 21.437601 188 188 188
v -8.597598 -11.895200 21.437601 188 188 188
v -8.597598 -11.844399 21.437601 188 188 188
v -8.546795 -11.844399 21.437601 188 188 188
v -8.546795 -11.793599 21.437601 188 188 188
v -10.273997 -12.454000 20.929602 188 188 188
v -10.426398 -12.454000 20.929602 188 188 188
v -10.324800 -12.454000 20.066000 255 255 255
v -10.477201 -12.504800 20.929602 188 188 188
v -10.527997 -12.504800 20.929602 188 188 188
v -10.680398 -12.555599 20.929602 188 188 188
v -9.156400 -9.660000 20.929602 188 188 188
v -8.851598 -10.726799 20.066000 255 255 255
v -12.204396 -10.929999 20.929602 188 188 188
v -12.255199 -10.574400 20.929602 188 188 188
v -9.257998 -9.253599 20.929602 188 188 188
v -11.747199 -12.504800 20.066000 188 188 188
v -13.423599 -6.307199 20.929602 188 188 188
v -13.728398 -5.240400 20.066000 255 255 255
v -8.546795 -11.793599 20.929602 188 188 188
v -8.648400 -11.387200 20.929602 188 188 188
v -8.546795 -11.793599 20.066000 188 188 188
v -8.546795 -11.844399 20.929602 188 188 188
v -8.597598 -11.844399 20.929602 188 188 188
v -8.546795 -11.844399 20.066000 255 255 255
v -8.597598 -11.895200 20.929602 188 188 188
v -8.597598 -11.895200 20.066000 255 255 255
v -8.597598 -11.945999 20.929602 188 188 188
v -8.648400 -11.945999 20.929602 188 188 188
v -8.648400 -11.945999 20.066000 255 255 255
v -8.699197 -11.996799 20.929602 188 188 188
v -8.648400 -11.996799 20.066000 188 188 188
v -8.749999 -11.996799 20.929602 188 188 188
v -8.902400 -12.047600 20.929602 188 188 188
v -10.731200 -12.555599 20.929602 188 188 188
v -10.731200 -12.555599 20.066000 255 255 255
v -9.257998 -12.149199 20.929602 188 188 188
v -9.410399 -12.199999 20.929602 188 188 188
v -9.461196 -12.199999 20.929602 188 188 188
v -9.613597 -12.250799 20.929602 188 188 188
v -9.918399 -12.301600 20.929602 188 188 188
v -9.969201 -12.352400 20.929602 188 188 188
v -9.816800 -12.301600 20.066000 255 255 255
v -9.765998 -12.301600 20.929602 188 188 188
v -10.883595 -12.657200 20.929602 188 188 188
v -12.306002 -10.574400 20.929602 188 188 188
v -12.661600 -9.202800 20.929602 188 188 188
v -12.864798 -8.389999 20.929602 188 188 188
v -13.220399 -7.069200 20.929602 188 188 188
v -13.321998 -6.662799 20.929602 188 188 188
v -10.934398 -12.657200 20.929602 188 188 188
v -10.934398 -12.657200 20.066000 188 188 188
v -9.054801 -10.015599 20.929602 188 188 188
v -11.086799 -12.707999 20.066000 188 188 188
v -9.715196 -7.475599 20.929602 188 188 188
v -9.613597 -7.881999 20.929602 188 188 188
v -9.816800 -7.119999 20.929602 188 188 188
v -10.019998 -6.408799 20.066000 255 255 255
v -10.172399 -5.748399 20.929602 188 188 188
v -10.324800 -5.341999 20.929602 188 188 188
v -10.426398 -4.935599 20.929602 188 188 188
v -10.578799 -4.275199 20.066000 255 255 255
v -10.781997 -3.563999 20.929602 188 188 188
v -14.185598 -3.411599 20.929602 188 188 188
v -14.947598 -0.668399 20.929602 188 188 188
v -14.541200 -2.090799 20.066000 255 255 255
v -15.150798 0.093600 20.929602 188 188 188
v -10.883595 -3.208399 20.929602 188 188 188
v -10.985200 -2.801999 20.929602 188 188 188
v -11.188397 -2.141599 20.066000 188 188 188
v -12.763199 -8.796399 20.929602 188 188 188
v -11.391601 -1.430399 20.929602 188 188 188
v -11.493199 -1.024000 20.929602 188 188 188
v -11.594798 -0.617599 20.929602 188 188 188
v -11.696397 -0.262000 20.929602 188 188 188
v -9.664399 -12.250799 20.929602 188 188 188
v -16.319199 4.360802 20.929602 188 188 188
v -16.217600 3.954401 20.929602 188 188 188
v -15.963599 3.192401 20.066000 188 188 188
v -16.268398 4.259201 20.066000 188 188 188
v -16.319199 4.411601 20.929602 188 188 188
v -16.319199 4.462402 20.929602 188 188 188
v -16.369997 4.564000 20.066000 255 255 255
v -16.725599 5.834001 20.929602 188 188 188
v -16.827198 6.189600 20.929602 188 188 188
v -12.204396 1.516000 20.929602 188 188 188
v -12.306002 1.922401 20.929602 188 188 188
v -12.661600 3.243201 20.066000 255 255 255
v -8.953197 -12.047600 20.929602 188 188 188
v -12.051995 1.109601 20.929602 188 188 188
v -12.661600 3.243201 20.929602 188 188 188
v -13.271198 5.427601 20.929602 188 188 188
v -12.864798 4.056001 20.929602 188 188 188
v -12.763199 3.649601 20.929602 188 188 188
v -17.386000 8.272401 20.929602 188 188 188
v -17.284397 7.916801 20.929602 188 188 188
v -16.878000 6.545200 20.066000 255 255 255
v -17.487598 8.678802 20.929602 188 188 188
v -17.487598 8.729601 20.929602 188 188 188
v -17.487598 8.729601 20.066000 255 255 255
v -12.864798 -8.440800 20.929602 188 188 188
v -13.982398 -4.173599 20.929602 188 188 188
v -13.372800 5.834001 20.929602 188 188 188
v -13.474399 6.189600 20.929602 188 188 188
v -13.880799 7.561201 20.066000 255 255 255
v -13.880799 7.561201 20.929602 188 188 188
v -16.979599 8.983601 20.929602 188 188 188
v -16.776398 9.034402 20.929602 188 188 188
v -16.878000 9.034402 20.066000 255 255 255
v -16.725599 9.034402 20.929602 188 188 188
v -16.573198 9.085201 20.929602 188 188 188
v -16.725599 9.034402 20.066000 255 255 255
v -16.471600 9.136001 20.929602 188 188 188
v -16.522398 9.136001 20.929602 188 188 188
v -15.455597 1.160400 20.066000 188 188 188
v -15.760399 2.278001 20.929602 188 188 188
v -13.931599 7.764401 20.929602 188 188 188
v -14.033197 8.170801 20.929602 188 188 188
v -14.388799 9.542401 20.066000 188 188 188
v -14.439598 9.542401 20.929602 188 188 188
v -14.744397 9.644002 20.929602 188 188 188
v -14.591999 9.694800 20.929602 188 188 188
v -14.541200 9.694800 20.929602 188 188 188
v -16.878000 6.545200 20.929602 188 188 188
v -15.353998 9.440801 20.929602 188 188 188
v -15.303199 9.440801 20.066000 255 255 255
v -15.303199 9.440801 20.929602 188 188 188
v -14.947598 9.542401 20.929602 188 188 188
v -15.404798 9.440801 20.929602 188 188 188
v -15.607998 9.390001 20.066000 255 255 255
v -15.557199 9.390001 20.929602 188 188 188
v -14.845999 9.593201 20.929602 188 188 188
v -14.439598 9.644002 20.929602 188 188 188
v -14.439598 9.694800 20.929602 188 188 188
v -14.439598 9.694800 20.066000 188 188 188
v -14.490397 9.694800 20.929602 188 188 188
v -17.386000 8.882001 20.929602 188 188 188
v -17.335197 8.882001 20.066000 255 255 255
v -17.386000 8.882001 20.624800 255 255 255
v -17.386000 8.882001 7.518400 255 255 255
v -17.386000 8.831202 19.608801 255 255 255
v -17.386000 8.831202 20.066000 255 255 255
v -17.386000 8.831202 20.624800 255 255 255
v -17.386000 8.831202 13.055600 255 255 255
v -17.386000 8.831202 20.929602 188 188 188
v -17.081198 8.983601 20.929602 188 188 188
v -17.132000 8.932801 20.929602 188 188 188
v -15.607998 9.390001 20.929602 188 188 188
v -15.658797 9.339201 20.929602 188 188 188
v -15.760399 9.339201 20.066000 255 255 255
v -15.861998 9.288402 20.929602 188 188 188
v -15.811198 9.288402 20.929602 188 188 188
v -17.335197 8.882001 20.929602 188 188 188
v -15.912797 9.288402 20.929602 188 188 188
v -15.963599 9.288402 20.929602 188 188 188
v -16.065199 9.237600 20.066000 255 255 255
v -16.166800 9.237600 20.929602 188 188 188
v -16.115997 9.237600 20.929602 188 188 188
v -16.217600 9.186801 20.929602 188 188 188
v -16.268398 9.186801 20.929602 188 188 188
v -17.030397 8.983601 20.929602 188 188 188
v -17.487598 8.729601 20.523201 255 255 255
v -17.436798 8.729601 20.929602 188 188 188
v -17.436798 8.831202 20.929602 188 188 188
v -17.436798 8.780400 20.929602 188 188 188
v -17.436798 8.780400 20.066000 255 255 255
v -15.150798 0.144401 20.929602 188 188 188
v -15.506399 1.465201 20.929602 188 188 188
v -15.150798 0.144401 20.066000 188 188 188
v -15.811198 2.582802 20.929602 188 188 188
v -15.607998 1.871600 20.929602 188 188 188
v -13.525198 -5.900799 20.929602 188 188 188
v -13.880799 -4.529199 20.929602 188 188 188
v -10.731200 -3.767199 20.472401 255 255 255
v -9.003999 -12.098400 20.929602 188 188 188
v -9.207196 -12.149199 20.929602 188 188 188
v -9.207196 -12.149199 20.066000 255 255 255
v -9.715196 -12.250799 20.929602 188 188 188
v -12.102798 -11.285600 20.929602 188 188 188
v -10.731200 -12.606400 20.929602 188 188 188
v -11.086799 -12.707999 20.929602 188 188 188
v -11.747199 -12.657200 20.929602 188 188 188
v -11.137601 -12.707999 20.929602 188 188 188
v -10.731200 -3.767199 9.499600 255 255 255
v -10.731200 -3.767199 17.932400 255 255 255
v -10.019998 -12.352400 20.929602 188 188 188
v -10.172399 -12.403200 20.929602 188 188 188
v -10.223201 -12.403200 20.929602 188 188 188

v -9.054801 -10.015599 20.929602 188 188 188
v -9.156400 -9.660000 21.437601 188 188 188
v -9.054801 -10.015599 20.929602 188 188 188
v -8.546795 -11.793599 21.437601 188 188 188
v -8.648400 -11.387200 20.929602 188 188 188
v -8.546795 -11.793599 21.437601 188 188 188
v -8.546795 -11.793599 20.929602 188 188 188
v -8.546795 -11.793599 21.437601 188 188 188
v -8.546795 -11.793599 20.929602 188 188 188
v -8.546795 -11.844399 21.437601 188 188 188
v -8.546795 -11.844399 20.929602 188 188 188
v -8.546795 -11.844399 21.437601 188 188 188
v -8.546795 -11.844399 20.929602 188 188 188
v -8.597598 -11.844399 21.437601 188 188 188
v -8.597598 -11.844399 20.929602 188 188 188
v -8.597598 -11.844399 21.437601 188 188 188
v -8.597598 -11.844399 20.929602 188 188 188
v -8.597598 -11.895200 21.437601 188 188 188
v -8.597598 -11.895200 20.929602 188 188 188
v -8.597598 -11.945999 20.929602 188 188 188
v -8.597598 -11.945999 21.437601 188 188 188
v -8.597598 -11.945999 20.929602 188 188 188
v -8.648400 -11.945999 21.437601 188 188 188
v -8.648400 -11.945999 20.929602 188 188 188
v -8.648400 -11.945999 20.929602 188 188 188
v -8.699197 -11.996799 20.929602 188 188 188
v -8.699197 -11.996799 20.929602 188 188 188
v -8.699197 -11.996799 21.437601 188 188 188
v -8.699197 -11.996799 20.929602 188 188 188
v -8.749999 -11.996799 21.437601 188 188 188
v -8.749999 -11.996799 20.929602 188 188 188
v -8.749999 -11.996799 21.437601 188 188 188
v -8.749999 -11.996799 20.929602 188 188 188
v -9.003999 -12.098400 21.437601 188 188 188
v -8.902400 -12.047600 20.929602 188 188 188
v -9.003999 -12.098400 21.437601 188 188 188
v -8.953197 -12.047600 20.929602 188 188 188
v -9.003999 -12.098400 21.437601 188 188 188
v -9.003999 -12.098400 20.929602 188 188 188
v -9.003999 -12.098400 21.437601 188 188 188
v -9.003999 -12.098400 20.929602 188 188 188
v -9.207196 -12.149199 21.437601 188 188 188
v -9.461196 -12.199999 20.929602 188 188 188
v -9.461196 -12.199999 21.437601 188 188 188
v -9.461196 -12.199999 20.929602 188 188 188
v -9.715196 -12.250799 21.437601 188 188 188
v -9.613597 -12.250799 20.929602 188 188 188
v -9.715196 -12.250799 21.437601 188 188 188
v -9.664399 -12.250799 20.929602 188 188 188
v -9.715196 -12.250799 21.437601 188 188 188
v -9.715196 -12.250799 20.929602 188 188 188
v -9.715196 -12.250799 21.437601 188 188 188
v -9.765998 -12.301600 20.929602 188 188 188
v -9.715196 -12.250799 21.437601 188 188 188
v -9.765998 -12.301600 20.929602 188 188 188
v -9.969201 -12.352400 21.437601 188 188 188
v -9.918399 -12.301600 20.929602 188 188 188
v -9.969201 -12.352400 21.437601 188 188 188
v -9.969201 -12.352400 20.929602 188 188 188
v -9.969201 -12.352400 21.437601 188 188 188
v -10.019998 -12.352400 20.929602 188 188 188
v -9.969201 -12.352400 21.437601 188 188 188
v -10.019998 -12.352400 20.929602 188 188 188
v -10.223201 -12.403200 21.437601 188 188 188
v -10.172399 -12.403200 20.929602 188 188 188
v -10.223201 -12.403200 21.437601 188 188 188
v -10.223201 -12.403200 20.929602 188 188 188
v -10.223201 -12.403200 21.437601 188 188 188
v -10.273997 -12.454000 20.929602 188 188 188
v -10.223201 -12.403200 21.437601 188 188 188
v -10.273997 -12.454000 20.929602 188 188 188
v -10.477201 -12.504800 21.437601 188 188 188
v -10.477201 -12.504800 21.437601 188 188 188
v -10.527997 -12.504800 20.929602 188 188 188
v -10.477201 -12.504800 21.437601 188 188 188
v -10.527997 -12.504800 20.929602 188 188 188
v -10.731200 -12.555599 21.437601 188 188 188
v -11.747199 -12.657200 20.929602 188 188 188
v -11.696397 -12.707999 21.437601 188 188 188
v -11.747199 -12.657200 20.929602 188 188 188
v -12.255199 -10.574400 21.437601 188 188 188
v -12.102798 -11.285600 20.929602 188 188 188
v -12.255199 -10.574400 21.437601 188 188 188
v -12.204396 -10.929999 20.929602 188 188 188
v -12.255199 -10.574400 21.437601 188 188 188
v -12.255199 -10.574400 20.929602 188 188 188
v -12.255199 -10.574400 21.437601 188 188 188
v -12.306002 -10.574400 20.929602 188 188 188
v -12.255199 -10.574400 21.437601 188 188 188
v -12.306002 -10.574400 20.929602 188 188 188
v -12.864798 -8.440800 21.437601 188 188 188
v -12.661600 -9.202800 20.929602 188 188 188
v -12.864798 -8.440800 21.437601 188 188 188
v -12.864798 -8.440800 21.437601 188 188 188
v -12.763199 -8.796399 20.929602 188 188 188
v -13.220399 -7.069200 20.929602 188 188 188
v -13.423599 -6.307199 21.437601 188 188 188
v -13.423599 -6.307199 21.437601 188 188 188
v -13.321998 -6.662799 20.929602 188 188 188
v -9.715196 -7.475599 21.437601 188 188 188
v -9.816800 -7.119999 20.929602 188 188 188
v -10.172399 -5.748399 20.929602 188 188 188
v -9.715196 -7.475599 21.437601 188 188 188
v -13.423599 -6.307199 21.437601 188 188 188
v -9.715196 -7.475599 21.437601 188 188 188
v -10.324800 -5.341999 21.437601 188 188 188
v -10.324800 -5.341999 21.437601 188 188 188
v -13.423599 -6.307199 21.437601 188 188 188
v -13.423599 -6.307199 21.437601 188 188 188
v -13.982398 -4.173599 21.437601 188 188 188
v -13.525198 -5.900799 20.929602 188 188 188
v -13.982398 -4.173599 21.437601 188 188 188
v -10.324800 -5.341999 21.437601 188 188 188
v -10.324800 -5.341999 21.437601 188 188 188
v -10.426398 -4.935599 20.929602 188 188 188
v -10.781997 -3.563999 20.929602 188 188 188
v -10.883595 -3.208399 20.929602 188 188 188
v -10.883595 -3.208399 21.437601 188 188 188
v -10.883595 -3.208399 21.437601 188 188 188
v -10.985200 -2.801999 20.929602 188 188 188
v -11.391601 -1.430399 20.929602 188 188 188
v -10.985200 -2.801999 20.929602 188 188 188
v -11.391601 -1.430399 20.929602 188 188 188
v -11.493199 -1.024000 20.929602 188 188 188
v -11.493199 -1.024000 21.437601 188 188 188
v -11.594798 -0.617599 20.929602 188 188 188
v -11.493199 -1.024000 21.437601 188 188 188
v -11.493199 -1.024000 21.437601 188 188 188
v -11.696397 -0.262000 20.929602 188 188 188
v -12.051995 1.109601 20.929602 188 188 188
v -12.204396 1.516000 20.929602 188 188 188
v -12.051995 1.109601 21.437601 188 188 188
v -12.051995 1.109601 21.437601 188 188 188
v -12.306002 1.922401 20.929602 188 188 188
v -12.661600 3.243201 20.929602 188 188 188
v -12.763199 3.649601 20.929602 188 188 188
v -12.661600 3.243201 21.437601 188 188 188
v -12.661600 3.243201 21.437601 188 188 188
v -12.864798 4.056001 20.929602 188 188 188
v -13.271198 5.427601 20.929602 188 188 188
v -13.372800 5.834001 20.929602 188 188 188
v -13.271198 5.427601 21.437601 188 188 188
v -13.271198 5.427601 21.437601 188 188 188
v -13.474399 6.189600 20.929602 188 188 188
v -13.880799 7.561201 20.929602 188 188 188
v -13.931599 7.764401 20.929602 188 188 188
v -13.880799 7.561201 21.437601 188 188 188
v -13.880799 7.561201 21.437601 188 188 188
v -14.033197 8.170801 20.929602 188 188 188
v -14.439598 9.542401 20.929602 188 188 188
v -14.439598 9.644002 20.929602 188 188 188
v -14.490397 9.694800 21.437601 188 188 188
v -14.439598 9.694800 20.929602 188 188 188
v -14.490397 9.694800 21.437601 188 188 188
v -14.490397 9.694800 20.929602 188 188 188
v -14.490397 9.694800 21.437601 188 188 188
v -14.541200 9.694800 20.929602 188 188 188
v -14.490397 9.694800 21.437601 188 188 188
v -14.490397 9.694800 21.437601 188 188 188
v -14.591999 9.694800 20.929602 188 188 188
v -14.744397 9.644002 20.929602 188 188 188
v -14.845999 9.593201 20.929602 188 188 188
v -14.744397 9.644002 21.437601 188 188 188
v -14.744397 9.644002 21.437601 188 188 188
v -14.947598 9.542401 20.929602 188 188 188
v -15.303199 9.440801 20.929602 188 188 188
v -15.353998 9.440801 20.929602 188 188 188
v -15.303199 9.440801 21.437601 188 188 188
v -15.303199 9.440801 21.437601 188 188 188
v -15.404798 9.440801 20.929602 188 188 188
v -15.557199 9.390001 20.929602 188 188 188
v -15.607998 9.390001 20.929602 188 188 188
v -15.607998 9.390001 21.437601 188 188 188
v -15.607998 9.390001 21.437601 188 188 188
v -15.658797 9.339201 20.929602 188 188 188
v -15.811198 9.288402 20.929602 188 188 188
v -15.861998 9.288402 21.437601 188 188 188
v -15.861998 9.288402 20.929602 188 188 188
v -16.115997 9.237600 20.929602 188 188 188
v -16.166800 9.237600 21.437601 188 188 188
v -15.861998 9.288402 21.437601 188 188 188
v -16.115997 9.237600 20.929602 188 188 188
v -15.861998 9.288402 21.437601 188 188 188
v -15.861998 9.288402 21.437601 188 188 188
v -16.166800 9.237600 21.437601 188 188 188
v -16.878000 6.545200 21.437601 188 188 188
v -16.166800 9.237600 21.437601 188 188 188
v -16.878000 6.545200 21.437601 188 188 188
v -16.471600 9.136001 21.437601 188 188 188
v -16.725599 9.034402 21.437601 188 188 188
v -16.878000 6.545200 21.437601 188 188 188
v -16.878000 6.545200 21.437601 188 188 188
v -17.030397 8.983601 21.437601 188 188 188
v -17.487598 8.678802 21.437601 188 188 188
v -17.030397 8.983601 21.437601 188 188 188
v -17.487598 8.678802 21.437601 188 188 188
v -17.487598 8.729601 21.437601 188 188 188
v -17.487598 8.678802 20.929602 188 188 188
v -17.487598 8.729601 21.437601 188 188 188
v -16.878000 6.545200 21.437601 188 188 188
v -16.827198 6.189600 20.929602 188 188 188
v -16.878000 6.545200 21.437601 188 188 188
v -16.878000 6.545200 21.437601 188 188 188
v -16.725599 5.834001 20.929602 188 188 188
v -16.319199 4.462402 20.929602 188 188 188
v -16.319199 4.411601 20.929602 188 188 188
v -16.319199 4.411601 21.437601 188 188 188
v -16.319199 4.360802 20.929602 188 188 188
v -16.319199 4.411601 21.437601 188 188 188
v -16.319199 4.411601 21.437601 188 188 188
v -16.217600 3.954401 20.929602 188 188 188
v -15.811198 2.582802 20.929602 188 188 188
v -15.760399 2.278001 20.929602 188 188 188
v -15.760399 2.278001 21.437601 188 188 188
v -15.607998 1.871600 20.929602 188 188 188
v -15.760399 2.278001 21.437601 188 188 188
v -15.760399 2.278001 21.437601 188 188 188
v -15.506399 1.465201 20.929602 188 188 188
v -15.150798 0.144401 20.929602 188 188 188
v -15.150798 0.093600 20.929602 188 188 188
v -15.150798 0.144401 21.437601 188 188 188
v -15.150798 0.144401 21.437601 188 188 188
v -14.947598 -0.668399 20.929602 188 188 188
v -14.185598 -3.411599 20.929602 188 188 188
v -13.982398 -4.173599 21.437601 188 188 188
v -14.185598 -3.411599 20.929602 188 188 188
v -13.982398 -4.173599 21.437601 188 188 188
v -15.150798 0.144401 21.437601 188 188 188
v -11.493199 -1.024000 21.437601 188 188 188
v -15.150798 0.144401 21.437601 188 188 188
v -13.982398 -4.173599 21.437601 188 188 188
v -13.982398 -4.173599 21.437601 188 188 188
v -10.883595 -3.208399 21.437601 188 188 188
v -11.493199 -1.024000 21.437601 188 188 188
v -15.150798 0.144401 21.437601 188 188 188
v -11.493199 -1.024000 21.437601 188 188 188
v -12.051995 1.109601 21.437601 188 188 188
v -12.051995 1.109601 21.437601 188 188 188
v -15.760399 2.278001 21.437601 188 188 188
v -15.150798 0.144401 21.437601 188 188 188
v -15.760399 2.278001 21.437601 188 188 188
v -12.051995 1.109601 21.437601 188 188 188
v -12.661600 3.243201 21.437601 188 188 188
v -12.661600 3.243201 21.437601 188 188 188
v -16.319199 4.411601 21.437601 188 188 188
v -15.760399 2.278001 21.437601 188 188 188
v -16.319199 4.411601 21.437601 188 188 188
v -12.661600 3.243201 21.437601 188 188 188
v -13.271198 5.427601 21.437601 188 188 188
v -13.271198 5.427601 21.437601 188 188 188
v -16.878000 6.545200 21.437601 188 188 188
v -16.319199 4.411601 21.437601 188 188 188
v -16.878000 6.545200 21.437601 188 188 188
v -13.271198 5.427601 21.437601 188 188 188
v -13.880799 7.561201 21.437601 188 188 188
v -16.319199 4.360802 20.929602 188 188 188
v -15.607998 1.871600 20.929602 188 188 188
v -15.150798 0.144401 20.929602 188 188 188
v -15.150798 0.144401 21.437601 188 188 188
v -15.760399 2.278001 21.437601 188 188 188
v -15.607998 1.871600 20.929602 188 188 188
v -15.150798 0.144401 20.066000 188 188 188
v -15.506399 1.465201 20.929602 188 188 188
v -15.811198 2.582802 20.929602 188 188 188
v -15.760399 2.278001 21.437601 188 188 188
v -16.319199 4.411601 21.437601 188 188 188
v -16.319199 4.360802 20.929602 188 188 188
v -15.963599 3.192401 20.066000 188 188 188
v -16.217600 3.954401 20.929602 188 188 188
v -16.319199 4.462402 20.929602 188 188 188
v -16.319199 4.411601 21.437601 188 188 188
v -16.878000 6.545200 21.437601 188 188 188
v -16.878000 6.545200 20.929602 188 188 188
v -17.487598 8.678802 21.437601 188 188 188
v -17.284397 7.916801 20.929602 188 188 188
v -17.487598 8.678802 21.437601 188 188 188
v -16.166800 9.237600 21.437601 188 188 188
v -16.268398 9.186801 20.929602 188 188 188
v -16.166800 9.237600 21.437601 188 188 188
v -16.471600 9.136001 21.437601 188 188 188
v -16.471600 9.136001 20.929602 188 188 188
v -16.471600 9.136001 21.437601 188 188 188
v -16.522398 9.136001 20.929602 188 188 188
v -16.725599 9.034402 21.437601 188 188 188
v -16.725599 9.034402 21.437601 188 188 188
v -16.776398 9.034402 20.929602 188 188 188
v -17.030397 8.983601 21.437601 188 188 188
v -16.979599 8.983601 20.929602 188 188 188
v -17.030397 8.983601 21.437601 188 188 188
v -17.030397 8.983601 20.929602 188 188 188
v -17.030397 8.983601 21.437601 188 188 188
v -17.335197 8.882001 20.929602 188 188 188
v -17.030397 8.983601 21.437601 188 188 188
v -17.030397 8.983601 21.437601 188 188 188
v -17.335197 8.882001 21.437601 188 188 188
v -17.030397 8.983601 21.437601 188 188 188
v -17.386000 8.882001 21.437601 188 188 188
v -17.386000 8.882001 21.437601 188 188 188
v -17.386000 8.831202 21.437601 188 188 188
v -17.386000 8.831202 21.437601 188 188 188
v -17.386000 8.831202 20.929602 188 188 188
v -17.386000 8.882001 21.437601 188 188 188
v -17.335197 8.882001 20.929602 188 188 188
v -17.436798 8.831202 20.929602 188 188 188
v -17.386000 8.831202 21.437601 188 188 188
v -17.436798 8.831202 20.929602 188 188 188
v -17.436798 8.831202 21.437601 188 188 188
v -17.436798 8.780400 20.929602 188 188 188
v -17.436798 8.831202 21.437601 188 188 188
v -17.436798 8.780400 21.437601 188 188 188
v -17.030397 8.983601 21.437601 188 188 188
v -17.436798 8.831202 21.437601 188 188 188
v -17.436798 8.780400 21.437601 188 188 188
v -17.436798 8.780400 20.929602 188 188 188
v -17.436798 8.729601 20.929602 188 188 188
v -17.487598 8.729601 21.437601 188 188 188
v -17.436798 8.780400 21.437601 188 188 188
v -17.386000 8.831202 20.929602 188 188 188
v -17.386000 8.882001 21.437601 188 188 188
v -17.386000 8.882001 20.929602 188 188 188
v -17.436798 8.831202 21.437601 188 188 188
v -17.030397 8.983601 21.437601 188 188 188
v -17.386000 8.831202 21.437601 188 188 188
v -17.335197 8.882001 21.437601 188 188 188
v -17.335197 8.882001 20.929602 188 188 188
v -17.386000 8.882001 21.437601 188 188 188
v -17.081198 8.983601 20.929602 188 188 188
v -17.132000 8.932801 20.929602 188 188 188
v -17.030397 8.983601 21.437601 188 188 188
v -16.725599 9.034402 20.929602 188 188 188
v -16.471600 9.136001 21.437601 188 188 188
v -16.573198 9.085201 20.929602 188 188 188
v -17.487598 8.729601 20.929602 188 188 188
v -17.487598 8.729601 21.437601 188 188 188
v -17.436798 8.729601 20.929602 188 188 188
v -17.487598 8.678802 21.437601 188 188 188
v -17.487598 8.678802 20.929602 188 188 188
v -17.386000 8.272401 20.929602 188 188 188
v -17.487598 8.729601 21.437601 188 188 188
v -17.030397 8.983601 21.437601 188 188 188
v -17.436798 8.780400 21.437601 188 188 188
v -16.878000 6.545200 20.929602 188 188 188
v -16.878000 6.545200 21.437601 188 188 188
v -17.487598 8.678802 21.437601 188 188 188
v -16.979599 8.983601 20.929602 188 188 188
v -17.030397 8.983601 21.437601 188 188 188
v -16.725599 9.034402 21.437601 188 188 188
v -16.725599 9.034402 20.929602 188 188 188
v -16.725599 9.034402 21.437601 188 188 188
v -16.471600 9.136001 21.437601 188 188 188
v -16.471600 9.136001 20.929602 188 188 188
v -16.471600 9.136001 21.437601 188 188 188
v -16.166800 9.237600 21.437601 188 188 188
v -16.878000 6.545200 21.437601 188 188 188
v -13.880799 7.561201 21.437601 188 188 188
v -15.861998 9.288402 21.437601 188 188 188
v -15.861998 9.288402 21.437601 188 188 188
v -13.880799 7.561201 21.437601 188 188 188
v -15.607998 9.390001 21.437601 188 188 188
v -15.607998 9.390001 21.437601 188 188 188
v -13.880799 7.561201 21.437601 188 188 188
v -15.303199 9.440801 21.437601 188 188 188
v -15.303199 9.440801 21.437601 188 188 188
v -13.880799 7.561201 21.437601 188 188 188
v -14.744397 9.644002 21.437601 188 188 188
v -14.744397 9.644002 21.437601 188 188 188
v -13.880799 7.561201 21.437601 188 188 188
v -14.490397 9.694800 21.437601 188 188 188
v -16.217600 9.186801 20.929602 188 188 188
v -16.166800 9.237600 21.437601 188 188 188
v -16.166800 9.237600 20.929602 188 188 188
v -15.912797 9.288402 20.929602 188 188 188
v -15.963599 9.288402 20.929602 188 188 188
v -15.861998 9.288402 21.437601 188 188 188
v -15.811198 9.288402 20.929602 188 188 188
v -15.861998 9.288402 21.437601 188 188 188
v -15.607998 9.390001 21.437601 188 188 188
v -15.557199 9.390001 20.929602 188 188 188
v -15.607998 9.390001 21.437601 188 188 188
v -15.303199 9.440801 21.437601 188 188 188
v -15.303199 9.440801 20.929602 188 188 188
v -15.303199 9.440801 21.437601 188 188 188
v -14.744397 9.644002 21.437601 188 188 188
v -14.744397 9.644002 20.929602 188 188 188
v -14.744397 9.644002 21.437601 188 188 188
v -14.490397 9.694800 21.437601 188 188 188
v -14.439598 9.644002 20.929602 188 188 188
v -14.439598 9.694800 20.929602 188 188 188
v -14.439598 9.644002 20.929602 188 188 188
v -14.439598 9.694800 20.066000 188 188 188
v -14.439598 9.542401 20.929602 188 188 188
v -14.490397 9.694800 21.437601 188 188 188
v -13.880799 7.561201 21.437601 188 188 188
v -13.880799 7.561201 20.929602 188 188 188
v -13.880799 7.561201 21.437601 188 188 188
v -13.271198 5.427601 21.437601 188 188 188
v -13.271198 5.427601 20.929602 188 188 188
v -13.271198 5.427601 21.437601 188 188 188
v -12.661600 3.243201 21.437601 188 188 188
v -12.661600 3.243201 20.929602 188 188 188
v -12.661600 3.243201 21.437601 188 188 188
v -12.051995 1.109601 21.437601 188 188 188
v -12.051995 1.109601 20.929602 188 188 188
v -12.051995 1.109601 21.437601 188 188 188
v -11.493199 -1.024000 21.437601 188 188 188
v -11.391601 -1.430399 20.929602 188 188 188
v -11.493199 -1.024000 21.437601 188 188 188
v -10.883595 -3.208399 21.437601 188 188 188
v -10.781997 -3.563999 20.929602 188 188 188
v -10.883595 -3.208399 21.437601 188 188 188
v -10.324800 -5.341999 21.437601 188 188 188
v -13.982398 -4.173599 20.929602 188 188 188
v -13.880799 -4.529199 20.929602 188 188 188
v -13.982398 -4.173599 21.437601 188 188 188
v -13.982398 -4.173599 21.437601 188 188 188
v -10.324800 -5.341999 21.437601 188 188 188
v -10.883595 -3.208399 21.437601 188 188 188
v -9.715196 -7.475599 21.437601 188 188 188
v -13.423599 -6.307199 21.437601 188 188 188
v -12.864798 -8.440800 21.437601 188 188 188
v -12.864798 -8.440800 21.437601 188 188 188
v -9.156400 -9.660000 21.437601 188 188 188
v -9.715196 -7.475599 21.437601 188 188 188
v -9.715196 -7.475599 21.437601 188 188 188
v -9.156400 -9.660000 21.437601 188 188 188
v -10.172399 -5.748399 20.929602 188 188 188
v -10.324800 -5.341999 20.929602 188 188 188
v -10.324800 -5.341999 21.437601 188 188 188
v -9.715196 -7.475599 21.437601 188 188 188
v -9.613597 -7.881999 20.929602 188 188 188
v -9.715196 -7.475599 20.929602 188 188 188
v -9.613597 -7.881999 20.929602 188 188 188
v -9.156400 -9.660000 21.437601 188 188 188
v -13.525198 -5.900799 20.929602 188 188 188
v -13.423599 -6.307199 20.929602 188 188 188
v -13.423599 -6.307199 21.437601 188 188 188
v -12.864798 -8.389999 20.929602 188 188 188
v -12.864798 -8.440800 21.437601 188 188 188
v -13.423599 -6.307199 21.437601 188 188 188
v -12.864798 -8.389999 20.929602 188 188 188
v -12.864798 -8.440800 20.929602 188 188 188
v -12.864798 -8.440800 21.437601 188 188 188
v -9.156400 -9.660000 21.437601 188 188 188
v -12.864798 -8.440800 21.437601 188 188 188
v -12.255199 -10.574400 21.437601 188 188 188
v -9.156400 -9.660000 21.437601 188 188 188
v -12.255199 -10.574400 21.437601 188 188 188
v -9.969201 -12.352400 21.437601 188 188 188
v -12.255199 -10.574400 21.437601 188 188 188
v -11.696397 -12.707999 21.437601 188 188 188
v -11.188397 -12.707999 21.437601 188 188 188
v -11.696397 -12.707999 21.437601 188 188 188
v -11.289996 -12.707999 20.929602 188 188 188
v -11.188397 -12.707999 21.437601 188 188 188
v -11.188397 -12.707999 20.929602 188 188 188
v -11.188397 -12.707999 21.437601 188 188 188
v -11.137601 -12.707999 20.929602 188 188 188
v -11.188397 -12.707999 21.437601 188 188 188
v -11.188397 -12.707999 21.437601 188 188 188
v -11.086799 -12.707999 20.929602 188 188 188
v -10.934398 -12.657200 20.929602 188 188 188
v -10.934398 -12.657200 21.437601 188 188 188
v -10.883595 -12.657200 20.929602 188 188 188
v -10.731200 -12.606400 20.929602 188 188 188
v -10.731200 -12.555599 21.437601 188 188 188
v -10.731200 -12.606400 20.929602 188 188 188
v -10.731200 -12.555599 21.437601 188 188 188
v -10.934398 -12.657200 21.437601 188 188 188
v -10.731200 -12.555599 21.437601 188 188 188
v -12.255199 -10.574400 21.437601 188 188 188
v -10.934398 -12.657200 21.437601 188 188 188
v -10.934398 -12.657200 20.929602 188 188 188
v -10.934398 -12.657200 21.437601 188 188 188
v -11.188397 -12.707999 21.437601 188 188 188
v -11.137601 -12.707999 20.929602 188 188 188
v -11.086799 -12.707999 20.929602 188 188 188
v -11.137601 -12.707999 20.929602 188 188 188
v -10.934398 -12.657200 20.066000 188 188 188
v -11.289996 -12.707999 20.929602 188 188 188
v -11.696397 -12.707999 21.437601 188 188 188
v -10.934398 -12.657200 21.437601 188 188 188
v -12.255199 -10.574400 21.437601 188 188 188
v -11.188397 -12.707999 21.437601 188 188 188
v -11.696397 -12.707999 20.929602 188 188 188
v -11.594798 -12.707999 20.929602 188 188 188
v -11.696397 -12.707999 21.437601 188 188 188
v -11.747199 -12.657200 20.929602 188 188 188
v -12.102798 -11.285600 20.929602 188 188 188
v -10.731200 -12.555599 20.929602 188 188 188
v -10.680398 -12.555599 20.929602 188 188 188
v -10.731200 -12.555599 21.437601 188 188 188
v -10.477201 -12.504800 21.437601 188 188 188
v -12.255199 -10.574400 21.437601 188 188 188
v -10.731200 -12.555599 21.437601 188 188 188
v -10.477201 -12.504800 20.929602 188 188 188
v -10.426398 -12.454000 20.929602 188 188 188
v -10.477201 -12.504800 21.437601 188 188 188
v -10.223201 -12.403200 21.437601 188 188 188
v -12.255199 -10.574400 21.437601 188 188 188
v -10.477201 -12.504800 21.437601 188 188 188
v -9.969201 -12.352400 21.437601 188 188 188
v -12.255199 -10.574400 21.437601 188 188 188
v -10.223201 -12.403200 21.437601 188 188 188
v -9.156400 -9.660000 21.437601 188 188 188
v -9.969201 -12.352400 21.437601 188 188 188
v -9.715196 -12.250799 21.437601 188 188 188
v -9.156400 -9.660000 21.437601 188 188 188
v -9.715196 -12.250799 21.437601 188 188 188
v -9.461196 -12.199999 21.437601 188 188 188
v -9.156400 -9.660000 21.437601 188 188 188
v -9.461196 -12.199999 21.437601 188 188 188
v -9.207196 -12.149199 21.437601 188 188 188
v -9.207196 -12.149199 21.437601 188 188 188
v -9.461196 -12.199999 21.437601 188 188 188
v -9.257998 -12.149199 20.929602 188 188 188
v -9.461196 -12.199999 21.437601 188 188 188
v -9.410399 -12.199999 20.929602 188 188 188
v -9.257998 -12.149199 20.929602 188 188 188
v -9.207196 -12.149199 20.929602 188 188 188
v -9.207196 -12.149199 21.437601 188 188 188
v -9.207196 -12.149199 21.437601 188 188 188
v -9.003999 -12.098400 21.437601 188 188 188
v -9.156400 -9.660000 21.437601 188 188 188
v -8.749999 -11.996799 21.437601 188 188 188
v -9.156400 -9.660000 21.437601 188 188 188
v -9.003999 -12.098400 21.437601 188 188 188
v -8.699197 -11.996799 21.437601 188 188 188
v -9.156400 -9.660000 21.437601 188 188 188
v -8.749999 -11.996799 21.437601 188 188 188
v -8.648400 -11.945999 21.437601 188 188 188
v -9.156400 -9.660000 21.437601 188 188 188
v -8.699197 -11.996799 21.437601 188 188 188
v -8.648400 -11.945999 20.929602 188 188 188
v -8.648400 -11.945999 21.437601 188 188 188
v -8.699197 -11.996799 21.437601 188 188 188
v -8.597598 -11.945999 21.437601 188 188 188
v -9.156400 -9.660000 21.437601 188 188 188
v -8.648400 -11.945999 21.437601 188 188 188
v -8.597598 -11.895200 21.437601 188 188 188
v -9.156400 -9.660000 21.437601 188 188 188
v -8.597598 -11.945999 21.437601 188 188 188
v -8.597598 -11.895200 20.929602 188 188 188
v -8.597598 -11.895200 21.437601 188 188 188
v -8.597598 -11.945999 21.437601 188 188 188
v -8.597598 -11.844399 21.437601 188 188 188
v -9.156400 -9.660000 21.437601 188 188 188
v -8.597598 -11.895200 21.437601 188 188 188
v -8.546795 -11.844399 21.437601 188 188 188
v -9.156400 -9.660000 21.437601 188 188 188
v -8.597598 -11.844399 21.437601 188 188 188
v -8.546795 -11.844399 20.929602 188 188 188
v -8.546795 -11.793599 20.929602 188 188 188
v -8.546795 -11.793599 21.437601 188 188 188
v -9.156400 -9.660000 21.437601 188 188 188
v -8.546795 -11.844399 21.437601 188 188 188
v -9.156400 -9.660000 20.929602 188 188 188
v -9.257998 -9.253599 20.929602 188 188 188
v -9.156400 -9.660000 21.437601 188 188 188

f 767 726 680
f 903 904 719
f 905 906 735
f 734 907 908
f 909 910 718
f 737 911 912
f 913 914 717
f 915 916 738
f 917 918 716
f 919 920 740
f 921 715 742
f 922 923 714
f 924 925 743
f 926 745 746
f 927 713 928
f 929 930 712
f 747 931 932
f 933 934 711
f 935 936 748
f 803 937 938
f 889 939 940
f 941 942 710
f 943 944 890
f 753 752 709
f 945 946 708
f 947 948 754
f 790 949 950
f 892 951 952
f 758 953 954
f 955 956 670
f 755 957 958
f 756 959 960
f 900 961 962
f 963 964 672
f 965 966 901
f 902 967 968
f 720 969 970
f 971 972 673
f 973 974 721
f 724 723 975
f 976 977 674
f 978 979 725
f 896 667 669
f 980 981 671
f 982 983 893
f 728 984 985
f 729 986 987
f 760 988 989
f 990 991 679
f 992 993 761
f 785 994 995
f 996 815 997
f 762 678 763
f 764 998 999
f 1000 732 1001
f 769 771 681
f 773 1002 1003
f 1004 676 1005
f 1006 1007 1008
f 1009 677 1010
f 886 1011 1012
f 1013 1014 887
f 774 775 1015
f 777 1016 1017
f 1018 782 685
f 1019 783 1020
f 786 1021 1022
f 1023 1024 784
f 1025 787 686
f 1026 788 1027
f 1028 789 1029
f 804 1030 1031
f 1032 800 688
f 1033 801 1034
f 805 1035 1036
f 1037 808 698
f 1038 807 1039
f 806 1040 1041
f 1042 817 682
f 1043 818 1044
f 820 1045 1046
f 1047 831 700
f 1048 832 1049
f 834 1050 1051
f 1052 847 704
f 1053 848 1054
f 1055 850 1056
f 1057 837 1058
f 1059 836 1060
f 835 1061 1062
f 846 703 1063
f 1064 842 1065
f 841 1066 1067
f 839 702 1068
f 1069 843 1070
f 845 1071 1072
f 862 701 1073
f 1074 863 1075
f 866 1076 1077
f 1078 865 699
f 868 1079 1080
f 871 707 872
f 1081 1082 1083
f 1084 1085 869
f 683 1086 1087
f 1088 1089 706
f 1090 1091 705
f 1092 691 1093
f 690 1094 1095
f 1096 1097 692
f 812 1098 1099
f 1100 1101 813
f 1102 838 799
f 1103 798 1104
f 796 1105 1106
f 1107 795 684
f 1108 791 1109
f 1110 792 1111
f 884 1112 1113
f 1114 830 689
f 1115 885 1116
f 1117 882 1118
f 881 1119 1120
f 687 1121 781
f 1122 779 1123
f 778 1124 1125
f 1126 816 1127
f 1128 1129 1130
f 1131 1132 1133
f 1134 1135 1136
f 1137 1138 1139
f 1140 1141 1142
f 1143 1144 1145
f 1146 1147 1148
f 1149 1150 1151
f 1152 1153 1154
f 1155 1156 1157
f 1158 794 793
f 1159 829 883
f 1160 1161 1162
f 1163 1164 1165
f 1166 1167 1168
f 1169 1170 1171
f 1172 1173 1174
f 1175 1176 810
f 809 1177 1178
f 827 1179 874
f 873 1180 1181
f 828 1182 1183
f 825 1184 1185
f 824 822 1186
f 821 1187 1188
f 875 1189 1190
f 860 1191 1192
f 867 1193 861
f 1194 697 1195
f 696 1196 1197
f 695 1198 1199
f 1200 859 1201
f 878 1202 1203
f 851 1204 1205
f 1206 694 1207
f 1208 879 1209
f 1210 693 1211
f 1212 1213 1214
f 877 1215 1216
f 1217 1218 1219
f 1220 1221 1222
f 1223 1224 1225
f 1226 1227 1228
f 1229 1230 1231
f 1232 1233 1234
f 1235 1236 1237
f 1238 1239 1240
f 1241 1242 1243
f 1244 1245 1246
f 1247 1248 1249
f 1250 1251 1252
f 1253 1254 1255
f 1256 1257 1258
f 1259 1260 1261
f 1262 1263 1264
f 1265 1266 1267
f 1268 1269 1270
f 1271 1272 1273
f 1274 1275 1276
f 1277 1278 1279
f 1280 1281 1282
f 1283 1284 1285
f 1286 1287 1288
f 1289 849 1290
f 1291 833 1292
f 1293 1294 1295
f 1296 1297 1298
f 1299 1300 1301
f 1302 1303 1304
f 1305 1306 1307
f 1308 1309 1310
f 1311 1312 1313
f 1314 1315 1316
f 1317 1318 1319
f 1320 1321 1322
f 1323 1324 1325
f 770 1326 1327
f 1328 1329 1330
f 1331 1332 1333
f 1334 1335 730
f 1336 1337 1338
f 1339 1340 1341
f 1342 1343 1344
f 1345 1346 1347
f 1348 1349 1350
f 666 1351 1352
f 1353 1354 664
f 1355 665 1356
f 1357 897 1358
f 1359 895 1360
f 765 1361 1362
f 1363 759 675
f 894 1364 1365
f 1366 749 1367
f 1368 1369 1370
f 1371 1372 1373
f 1374 1375 1376
f 1377 766 1378
f 1379 768 1380
f 668 1381 1382
f 1383 1384 1385
f 1386 1387 1388
f 1389 1390 731
f 1391 1392 1393
f 1394 1395 1396
f 1397 1398 1399
f 1400 1401 1402
f 1403 1404 1405
f 1406 1407 1408
f 1409 1410 1411
f 1412 1413 1414
f 751 1415 1416
f 1417 1418 1419
f 1420 1421 1422
f 1423 1424 1425
f 1426 1427 1428
f 1429 1430 1431
f 1432 1433 1434
f 1435 1436 1437
f 1438 1439 1440
f 1441 1442 1443
f 1444 1445 1446
f 1447 1448 1449
f 1450 1451 1452
f 1453 736 1454
f 1455 1456 1457
f 1458 1459 1460

usemtl BaseColor_0
f 581 582 583
f 584 581 583
f 663 584 583
f 662 663 583
f 662 583 659
f 661 662 659
f 660 661 659
f 658 660 659
f 658 659 595
f 657 658 595
f 656 657 595
f 655 656 595
f 654 655 595
f 653 654 595
f 652 653 595
f 651 652 595
f 650 651 595
f 649 650 595
f 597 649 595
f 595 596 597
f 727 597 596
f 596 726 727
f 767 727 726
f 737 738 739
f 737 739 736
f 649 736 739
f 739 738 650
f 740 741 738
f 651 738 741
f 741 742 651
f 742 741 740
f 742 743 744
f 742 744 653
f 743 654 744
f 743 746 654
f 746 745 655
f 747 748 657
f 748 803 657
f 889 890 891
f 889 891 658
f 890 751 891
f 751 752 891
f 891 752 660
f 752 753 660
f 753 754 661
f 754 790 661
f 900 901 662
f 902 662 901
f 720 721 722
f 721 723 722
f 723 724 722
f 722 724 584
f 902 722 584
f 724 725 581
f 725 585 581
f 725 750 585
f 750 589 585
f 585 589 582
f 589 590 582
f 590 591 582
f 591 586 582
f 586 588 582
f 731 582 588
f 731 588 667
f 896 731 667
f 760 761 659
f 761 785 659
f 815 595 785
f 815 600 595
f 815 762 600
f 648 600 762
f 763 648 762
f 605 764 732
f 732 646 605
f 606 605 646
f 646 647 606
f 647 730 606
f 606 730 726
f 770 730 647
f 769 770 647
f 647 772 769
f 769 772 771
f 886 887 733
f 886 733 732
f 816 733 887
f 733 816 646
f 816 601 646
f 604 646 601
f 601 603 604
f 774 604 603
f 603 776 774
f 774 776 775
f 777 775 888
f 888 782 777
f 786 784 787
f 804 789 594
f 594 800 804
f 805 801 802
f 802 808 805
f 806 807 613
f 806 613 612
f 612 817 806
f 820 818 819
f 819 831 820
f 834 832 833
f 834 833 847
f 835 836 636
f 835 636 846
f 841 842 840
f 841 840 839
f 845 843 844
f 845 844 862
f 866 863 864
f 866 864 865
f 865 640 868
f 868 640 641
f 870 868 641
f 870 641 639
f 639 871 870
f 872 870 871
f 812 813 619
f 812 619 809
f 809 619 611
f 811 809 611
f 811 611 799
f 838 811 799
f 796 798 797
f 796 797 795
f 884 792 793
f 884 793 830
f 881 882 883
f 881 883 781
f 778 779 780
f 778 780 816
f 781 780 779
f 780 781 607
f 780 607 601
f 602 601 607
f 607 617 602
f 617 616 602
f 645 602 616
f 898 645 616
f 616 618 898
f 782 898 618
f 618 784 782
f 784 618 609
f 607 609 618
f 609 607 608
f 608 599 609
f 787 609 599
f 599 608 610
f 599 610 598
f 598 594 599
f 594 788 599
f 594 598 592
f 592 593 594
f 593 592 614
f 593 614 615
f 615 613 593
f 802 593 613
f 802 800 593
f 613 615 611
f 797 615 614
f 797 799 615
f 592 795 614
f 795 592 794
f 598 794 592
f 794 598 793
f 610 793 598
f 829 610 608
f 829 608 883
f 829 830 610
f 607 883 608
f 898 782 899
f 899 645 898
f 645 899 775
f 645 775 602
f 616 617 618
f 607 618 617
f 883 607 781
f 830 829 885
f 830 793 610
f 795 794 791
f 797 614 795
f 799 797 798
f 838 810 811
f 799 611 615
f 809 811 810
f 612 611 619
f 619 622 612
f 619 644 622
f 644 620 622
f 620 621 622
f 621 643 622
f 643 623 622
f 623 625 622
f 625 629 622
f 629 630 622
f 630 632 622
f 819 622 632
f 819 817 622
f 630 631 632
f 631 642 632
f 642 639 632
f 639 635 632
f 831 632 635
f 833 831 635
f 833 635 628
f 849 833 628
f 849 628 638
f 638 850 849
f 850 638 637
f 637 638 628
f 636 637 628
f 627 636 628
f 626 627 628
f 634 626 628
f 844 626 634
f 844 634 864
f 633 864 634
f 633 634 635
f 640 633 635
f 844 839 626
f 839 627 626
f 837 637 636
f 634 628 635
f 873 639 642
f 874 873 642
f 827 874 642
f 827 642 631
f 827 631 828
f 828 826 825
f 824 825 826
f 823 824 826
f 826 630 823
f 824 823 822
f 821 822 823
f 821 823 875
f 875 625 860
f 860 625 861
f 624 861 625
f 861 624 867
f 859 857 878
f 856 878 857
f 857 854 856
f 855 856 854
f 643 855 854
f 643 854 852
f 853 852 854
f 851 852 853
f 851 853 859
f 867 852 851
f 855 643 858
f 858 878 855
f 621 878 858
f 853 854 857
f 856 855 878
f 857 859 853
f 877 879 814
f 814 876 877
f 876 813 877
f 876 814 619
f 879 880 814
f 620 814 880
f 880 878 620
f 878 880 879
f 867 624 852
f 623 852 624
f 875 823 629
f 826 828 630
f 828 631 630
f 629 823 630
f 875 629 625
f 623 624 625
f 643 852 623
f 621 858 643
f 878 621 620
f 814 620 644
f 644 619 814
f 813 876 619
f 872 869 870
f 871 639 873
f 639 641 635
f 868 870 869
f 641 640 635
f 640 865 633
f 633 865 864
f 862 864 863
f 864 862 844
f 839 844 843
f 627 839 840
f 840 846 627
f 846 840 842
f 846 636 627
f 837 636 836
f 837 850 637
f 848 849 850
f 831 833 832
f 632 831 819
f 817 819 818
f 817 612 622
f 611 612 613
f 807 808 613
f 808 802 613
f 800 802 801
f 800 594 593
f 788 594 789
f 599 788 787
f 609 787 784
f 782 784 783
f 899 782 888
f 888 775 899
f 776 602 775
f 776 603 602
f 604 774 772
f 773 772 774
f 601 602 603
f 816 780 601
f 773 771 772
f 772 647 604
f 646 604 647
f 605 606 596
f 596 648 605
f 732 733 646
f 764 605 763
f 648 763 605
f 596 600 648
f 729 760 583
f 728 729 583
f 728 731 893
f 765 895 766
f 759 765 766
f 759 766 590
f 894 759 750
f 749 894 750
f 766 768 591
f 665 768 897
f 586 768 665
f 665 664 586
f 587 586 664
f 664 668 587
f 668 667 587
f 587 667 588
f 731 728 582
f 586 587 588
f 586 591 768
f 591 590 766
f 759 590 589
f 750 759 589
f 725 749 750
f 720 722 902
f 900 662 756
f 757 756 662
f 892 757 662
f 755 756 757
f 758 755 757
f 758 757 892
f 790 892 662
f 803 889 658
f 745 747 656
f 736 727 734
f 734 727 735
f 767 735 727
f 726 596 606
f 597 727 736
f 596 595 600
f 736 649 597
f 739 650 649
f 738 651 650
f 742 652 651
f 653 652 742
f 653 744 654
f 655 654 746
f 656 655 745
f 747 657 656
f 803 658 657
f 659 785 595
f 891 660 658
f 753 661 660
f 790 662 661
f 760 659 583
f 662 902 663
f 584 663 902
f 724 581 584
f 728 583 582
f 581 585 582


o Object.12
v -5.905199 -6.256400 0.000000 255 255 255
v -9.308801 -6.205599 0.000000 255 255 255
v -9.867597 -4.072000 0.000000 255 255 255
v -8.191196 2.024001 0.000000 255 255 255
v -12.509199 5.630802 0.000000 255 255 255
v -12.814001 6.697602 0.000000 255 255 255
v -9.156400 5.529202 0.000000 255 255 255
v -13.423599 8.882001 0.000000 255 255 255
v -10.172399 -2.954400 0.000000 255 255 255
v -4.685997 -10.828400 0.000000 255 255 255
v -8.699197 -8.288399 0.000000 255 255 255
v -4.482799 -11.691999 0.000000 255 255 255
v -4.533596 -11.691999 0.000000 255 255 255
v -8.699197 -8.339200 0.000000 255 255 255
v -6.667198 -12.403200 0.000000 255 255 255
v -6.616396 -12.403200 0.000000 255 255 255
v -6.565599 -12.352400 0.000000 255 255 255
v -6.210001 -5.189600 0.000000 255 255 255
v -10.477201 -1.887599 0.000000 255 255 255
v -10.375596 9.847202 0.000000 255 255 255
v -10.375596 9.796401 -0.050800 255 255 255
v -10.324800 9.796401 0.000000 255 255 255
v -12.407600 9.288402 0.000000 255 255 255
v -12.356797 9.288402 0.000000 255 255 255
v -9.715196 7.662801 0.000000 255 255 255
v -4.635201 -11.844399 0.000000 255 255 255
v -8.140401 -10.422000 0.000000 255 255 255
v -4.584398 -11.793599 0.000000 255 255 255
v -4.939996 -11.895200 0.000000 255 255 255
v -5.244799 -11.996799 0.000000 255 255 255
v -5.498798 -12.098400 0.000000 255 255 255
v -5.803600 -12.149199 0.000000 255 255 255
v -4.533596 -11.793599 0.000000 255 255 255
v -8.089598 -10.472799 0.000000 255 255 255
v -6.057600 -12.250799 0.000000 255 255 255
v -8.089598 -10.523600 0.000000 255 255 255
v -6.108397 -12.250799 0.000000 255 255 255
v -6.311600 -12.301600 0.000000 255 255 255
v -7.784796 -11.590400 0.000000 255 255 255
v -6.514797 -12.352400 0.000000 255 255 255
v -6.362396 -12.301600 0.000000 255 255 255
v -6.870396 -12.454000 0.000000 255 255 255
v -6.768797 -12.454000 0.000000 255 255 255
v -6.718001 -12.403200 0.000000 255 255 255
v -6.921198 -12.454000 0.000000 255 255 255
v -7.073599 -12.504800 0.000000 255 255 255
v -7.226000 -12.555599 0.000000 255 255 255
v -7.378401 -12.606400 0.000000 255 255 255
v -7.480000 -12.657200 0.000000 255 255 255
v -4.533596 -11.742800 0.000000 255 255 255
v -4.482799 -11.641200 0.000000 255 255 255
v -11.543996 1.973200 0.000000 255 255 255
v -7.987999 1.211201 0.000000 255 255 255
v -8.089598 1.617600 0.000000 255 255 255
v -12.255199 4.564000 0.000000 255 255 255
v -10.781997 -0.820799 0.000000 255 255 255
v -11.086799 0.246002 0.000000 255 255 255
v -12.814001 9.186801 0.000000 255 255 255
v -12.661600 9.237600 0.000000 255 255 255
v -11.188397 9.644002 0.000000 255 255 255
v -10.883595 9.745602 0.000000 255 255 255
v -10.781997 9.745602 0.000000 255 255 255
v -10.273997 9.745602 0.000000 255 255 255
v -11.239200 9.644002 0.000000 255 255 255
v -9.969201 8.678802 0.000000 255 255 255
v -10.578799 9.847202 0.000000 255 255 255
v -10.426398 9.898002 0.000000 255 255 255
v -11.950397 9.440801 0.000000 255 255 255
v -11.391601 9.593201 0.000000 255 255 255
v -11.543996 9.542401 0.000000 255 255 255
v -11.696397 9.491600 0.000000 255 255 255
v -11.797996 9.440801 0.000000 255 255 255
v -12.204396 9.339201 0.000000 255 255 255
v -13.321998 9.034402 0.000000 255 255 255
v -13.271198 9.034402 0.000000 255 255 255
v -9.410399 6.596002 0.000000 255 255 255
v -13.372800 8.882001 0.000000 255 255 255
v -13.372800 8.932801 0.000000 255 255 255
v -13.372800 8.983601 0.000000 255 255 255
v -13.321998 8.983601 0.000000 255 255 255
v -13.220399 9.085201 0.000000 255 255 255
v -13.067998 9.085201 0.000000 255 255 255
v -12.966399 9.136001 0.000000 255 255 255
v -12.255199 9.339201 0.000000 255 255 255
v -6.413198 -12.352400 0.000000 255 255 255
v -6.565599 -12.352400 1.981200 255 255 255
v -11.645600 2.379601 21.437601 188 188 188
v -7.987999 1.211201 21.437601 188 188 188
v -8.546795 3.344801 21.437601 188 188 188
v -12.661600 9.237600 21.437601 188 188 188
v -9.715196 7.662801 21.437601 188 188 188
v -12.407600 9.288402 21.437601 188 188 188
v -6.210001 -5.189600 21.437601 188 188 188
v -10.477201 -1.887599 21.437601 188 188 188
v -9.867597 -4.072000 21.437601 188 188 188
v -4.482799 -11.641200 21.437601 188 188 188
v -8.089598 -10.523600 21.437601 188 188 188
v -4.482799 -11.691999 21.437601 188 188 188
v -11.086799 0.246002 21.437601 188 188 188
v -13.423599 8.882001 21.437601 188 188 188
v -12.814001 6.697602 21.437601 188 188 188
v -9.308801 -6.205599 21.437601 188 188 188
v -5.651199 -7.323199 21.437601 188 188 188
v -4.533596 -11.691999 21.437601 188 188 188
v -4.533596 -11.742800 21.437601 188 188 188
v -4.533596 -11.793599 21.437601 188 188 188
v -4.584398 -11.793599 21.437601 188 188 188
v -4.635201 -11.844399 21.437601 188 188 188
v -4.939996 -11.895200 21.437601 188 188 188
v -6.057600 -12.250799 21.437601 188 188 188
v -6.362396 -12.301600 21.437601 188 188 188
v -6.667198 -12.403200 21.437601 188 188 188
v -7.226000 -12.555599 21.437601 188 188 188
v -7.480000 -12.657200 21.437601 188 188 188
v -6.921198 -12.454000 21.437601 188 188 188
v -5.803600 -12.149199 21.437601 188 188 188
v -5.498798 -12.098400 21.437601 188 188 188
v -8.699197 -8.339200 21.437601 188 188 188
v -12.255199 4.564000 21.437601 188 188 188
v -12.102798 9.390001 21.437601 188 188 188
v -11.797996 9.440801 21.437601 188 188 188
v -11.543996 9.542401 21.437601 188 188 188
v -11.239200 9.644002 21.437601 188 188 188
v -10.680398 9.796401 21.437601 188 188 188
v -10.375596 9.847202 21.437601 188 188 188
v -10.426398 9.898002 21.437601 188 188 188
v -10.324800 9.847202 21.437601 188 188 188
v -10.324800 9.796401 21.437601 188 188 188
v -12.966399 9.136001 21.437601 188 188 188
v -13.220399 9.085201 21.437601 188 188 188
v -13.271198 9.034402 21.437601 188 188 188
v -13.321998 9.034402 21.437601 188 188 188
v -13.321998 8.983601 21.437601 188 188 188
v -13.372800 8.983601 21.437601 188 188 188
v -13.372800 8.932801 21.437601 188 188 188
v -13.372800 8.882001 21.437601 188 188 188
v -9.156400 5.529202 21.437601 188 188 188
v -10.426398 9.796401 -0.050800 255 255 255
v -10.324800 9.847202 0.000000 255 255 255
v -10.324800 9.847202 20.066000 188 188 188
v -10.375596 9.796401 10.007601 255 255 255
v -10.324800 9.847202 6.654800 255 255 255
v -10.477201 -1.887599 20.929602 188 188 188
v -10.832799 -0.566799 20.929602 188 188 188
v -10.477201 -1.887599 20.066000 255 255 255
v -10.985200 -0.160399 20.929602 188 188 188
v -7.987999 1.211201 20.929602 188 188 188
v -7.632401 0.042801 20.929602 188 188 188
v -7.987999 1.211201 20.066000 255 255 255
v -6.514797 -4.021200 20.929602 188 188 188
v -8.089598 1.617600 20.929602 188 188 188
v -5.905199 -6.256400 20.066000 255 255 255
v -5.651199 -7.323199 20.929602 188 188 188
v -8.191196 2.024001 20.929602 188 188 188
v -9.867597 -4.072000 20.929602 188 188 188
v -9.765998 -4.478400 20.929602 188 188 188
v -12.712396 6.291201 20.929602 188 188 188
v -12.610798 5.935601 20.929602 188 188 188
v -12.255199 4.564000 20.066000 255 255 255
v -10.375596 9.796401 16.662399 255 255 255
v -10.324800 9.847202 7.670800 255 255 255
v -10.375596 9.796401 3.302000 255 255 255
v -10.375596 9.847202 13.360400 255 255 255
v -12.814001 6.697602 20.929602 188 188 188
v -4.889200 -10.066400 20.929602 188 188 188
v -4.685997 -10.828400 20.929602 188 188 188
v -12.915600 6.951602 20.929602 188 188 188
v -13.017199 7.459601 20.066000 255 255 255
v -13.271198 8.323202 20.929602 188 188 188
v -13.372800 8.729601 20.929602 188 188 188
v -8.699197 -8.339200 20.066000 255 255 255
v -9.207196 -6.561199 20.929602 188 188 188
v -9.156400 5.529202 20.929602 188 188 188
v -9.257998 5.884801 20.929602 188 188 188
v -9.003999 5.122801 20.929602 188 188 188
v -8.648400 3.751200 20.929602 188 188 188
v -8.546795 3.344801 20.929602 188 188 188
v -9.715196 7.662801 20.929602 188 188 188
v -9.359597 6.291201 20.929602 188 188 188
v -9.715196 7.662801 20.066000 255 255 255
v -13.423599 8.882001 20.929602 188 188 188
v -13.372800 8.882001 20.929602 188 188 188
v -13.372800 8.882001 20.066000 255 255 255
v -13.372800 8.932801 20.929602 188 188 188
v -13.372800 8.983601 20.929602 188 188 188
v -13.321998 8.983601 20.929602 188 188 188
v -13.321998 8.983601 20.066000 255 255 255
v -13.321998 9.034402 20.929602 188 188 188
v -13.271198 9.034402 20.929602 188 188 188
v -13.271198 9.034402 20.066000 255 255 255
v -13.220399 9.085201 20.929602 188 188 188
v -13.220399 9.085201 20.066000 255 255 255
v -13.169600 9.085201 20.929602 188 188 188
v -13.017199 9.136001 20.929602 188 188 188
v -13.067998 9.085201 20.066000 255 255 255
v -12.966399 9.136001 20.929602 188 188 188
v -12.763199 9.186801 20.929602 188 188 188
v -12.966399 9.136001 20.066000 188 188 188
v -4.889200 -11.895200 20.929602 188 188 188
v -12.610798 9.237600 20.929602 188 188 188
v -12.458396 9.288402 20.929602 188 188 188
v -12.407600 9.288402 20.929602 188 188 188
v -5.041601 -11.945999 20.929602 188 188 188
v -4.939996 -11.895200 20.929602 188 188 188
v -5.752798 -12.149199 20.929602 188 188 188
v -5.803600 -12.149199 20.929602 188 188 188
v -9.816800 8.018401 20.929602 188 188 188
v -9.918399 8.424801 20.929602 188 188 188
v -10.273997 9.745602 20.066000 255 255 255
v -4.533596 -11.793599 20.929602 188 188 188
v -4.584398 -11.793599 13.970000 255 255 255
v -10.273997 9.745602 20.929602 188 188 188
v -10.680398 9.796401 20.929602 188 188 188
v -10.527997 9.847202 20.929602 188 188 188
v -10.578799 9.847202 20.066000 255 255 255
v -10.477201 9.847202 20.929602 188 188 188
v -4.584398 -11.793599 17.018000 255 255 255
v -4.584398 -11.793599 20.929602 188 188 188
v -4.635201 -11.844399 20.929602 188 188 188
v -4.584398 -11.793599 20.624800 255 255 255
v -6.057600 -12.250799 20.066000 255 255 255
v -6.108397 -12.250799 20.929602 188 188 188
v -6.057600 -12.250799 20.929602 188 188 188
v -8.089598 -10.523600 20.929602 188 188 188
v -7.784796 -11.590400 20.066000 188 188 188
v -10.324800 9.847202 11.430000 255 255 255
v -10.324800 9.796401 20.066000 255 255 255
v -10.324800 9.796401 20.929602 188 188 188
v -7.429198 -12.657200 20.929602 188 188 188
v -7.480000 -12.657200 20.066000 188 188 188
v -6.565599 -12.352400 9.855200 255 255 255
v -6.565599 -12.352400 20.523201 255 255 255
v -6.667198 -12.403200 20.929602 188 188 188
v -10.375596 9.796401 20.066000 255 255 255
v -10.324800 9.847202 20.929602 188 188 188
v -10.375596 9.847202 20.066000 255 255 255
v -10.375596 9.847202 20.929602 188 188 188
v -10.375596 9.847202 20.370800 255 255 255
v -13.372800 8.983601 -0.050800 255 255 255
v -13.321998 9.034402 20.066000 255 255 255
v -10.375596 9.847202 20.320000 255 255 255
v -10.375596 9.847202 20.269201 255 255 255
v -10.426398 9.796401 20.320000 255 255 255
v -10.426398 9.847202 20.929602 188 188 188
v -10.375596 9.796401 20.015202 255 255 255
v -10.375596 9.847202 20.167601 255 255 255
v -6.362396 -12.301600 20.929602 188 188 188
v -6.514797 -12.352400 20.066000 255 255 255
v -6.311600 -12.301600 20.929602 188 188 188
v -10.426398 9.898002 20.929602 188 188 188
v -10.426398 9.898002 20.066000 255 255 255
v -10.781997 9.745602 20.929602 188 188 188
v -10.883595 9.745602 20.929602 188 188 188
v -6.260798 -12.301600 20.929602 188 188 188
v -11.239200 9.644002 20.929602 188 188 188
v -11.188397 9.644002 20.066000 188 188 188
v -10.375596 9.847202 20.218401 255 255 255
v -11.493199 9.542401 20.929602 188 188 188
v -11.289996 9.593201 20.929602 188 188 188
v -11.391601 9.593201 20.066000 255 255 255
v -11.797996 9.440801 20.929602 188 188 188
v -11.645600 9.491600 20.929602 188 188 188
v -11.797996 9.440801 20.066000 255 255 255
v -12.051995 9.390001 20.929602 188 188 188
v -11.848798 9.440801 20.929602 188 188 188
v -11.950397 9.440801 20.066000 255 255 255
v -6.413198 -12.352400 20.929602 188 188 188
v -11.543996 9.542401 20.929602 188 188 188
v -11.594798 9.542401 20.929602 188 188 188
v -6.616396 -12.403200 20.929602 188 188 188
v -12.102798 9.390001 20.929602 188 188 188
v -12.153601 9.390001 20.929602 188 188 188
v -12.204396 9.339201 20.929602 188 188 188
v -12.255199 9.339201 20.421600 255 255 255
v -7.480000 -12.657200 20.929602 188 188 188
v -12.356797 9.288402 20.929602 188 188 188
v -12.356797 9.288402 8.940801 255 255 255
v -12.661600 9.237600 20.066000 255 255 255
v -12.661600 9.237600 20.929602 188 188 188
v -12.712396 9.186801 20.929602 188 188 188
v -12.814001 9.186801 20.066000 188 188 188
v -13.372800 8.932801 20.066000 255 255 255
v -6.870396 -12.454000 20.929602 188 188 188
v -6.768797 -12.454000 20.066000 255 255 255
v -6.718001 -12.403200 13.157200 255 255 255
v -6.718001 -12.403200 20.624800 255 255 255
v -6.718001 -12.403200 20.929602 188 188 188
v -6.921198 -12.454000 20.066000 255 255 255
v -6.921198 -12.454000 20.929602 188 188 188
v -13.372800 8.983601 10.414001 255 255 255
v -13.321998 9.034402 2.286000 255 255 255
v -13.321998 9.034402 10.007601 255 255 255
v -13.321998 9.034402 20.472401 255 255 255
v -7.175198 -12.555599 20.929602 188 188 188
v -7.226000 -12.555599 20.929602 188 188 188
v -7.226000 -12.555599 20.066000 255 255 255
v -7.276796 -12.555599 20.929602 188 188 188
v -8.140401 -10.422000 20.929602 188 188 188
v -8.140401 -10.269599 20.066000 255 255 255
v -8.089598 -10.472799 20.929602 188 188 188
v -11.645600 2.379601 20.929602 188 188 188
v -12.051995 3.751200 20.929602 188 188 188
v -11.645600 2.379601 20.066000 255 255 255
v -12.153601 4.157601 20.929602 188 188 188
v -12.255199 4.564000 20.929602 188 188 188
v -11.543996 1.973200 20.929602 188 188 188
v -5.244799 -11.996799 20.066000 188 188 188
v -11.442397 1.617600 20.929602 188 188 188
v -5.498798 -12.098400 20.066000 255 255 255
v -5.498798 -12.098400 20.929602 188 188 188
v -11.086799 0.246002 20.929602 188 188 188
v -10.019998 -3.665600 20.929602 188 188 188
v -10.172399 -2.954400 20.066000 255 255 255
v -10.375596 -2.293999 20.929602 188 188 188
v -8.597598 -8.694799 20.929602 188 188 188
v -9.664399 -4.834000 20.929602 188 188 188
v -9.308801 -6.205599 20.066000 255 255 255
v -8.699197 -8.339200 20.929602 188 188 188
v -4.635201 -11.844399 10.058400 255 255 255
v -9.308801 -6.205599 20.929602 188 188 188
v -9.105597 -6.967599 20.929602 188 188 188
v -5.752798 -6.967599 20.929602 188 188 188
v -6.108397 -5.596000 20.929602 188 188 188
v -4.482799 -11.641200 20.929602 188 188 188
v -4.482799 -11.641200 20.066000 255 255 255
v -4.584398 -11.793599 20.066000 255 255 255
v -4.635201 -11.844399 20.523201 255 255 255
v -10.375596 9.847202 13.970000 255 255 255
v -10.324800 9.847202 17.018000 255 255 255
v -10.426398 9.796401 20.015202 255 255 255
v -8.495999 -9.050400 20.929602 188 188 188
v -4.584398 -11.793599 20.370800 255 255 255
v -4.533596 -11.742800 20.929602 188 188 188
v -5.397200 -12.047600 20.929602 188 188 188
v -5.701996 -12.098400 20.929602 188 188 188
v -5.854397 -12.149199 20.929602 188 188 188
v -6.006798 -12.199999 20.929602 188 188 188
v -7.987999 -10.879200 20.929602 188 188 188
v -7.886401 -11.285600 20.929602 188 188 188
v -4.482799 -11.691999 20.929602 188 188 188
v -4.533596 -11.691999 20.929602 188 188 188
v -6.972001 -12.504800 20.929602 188 188 188
v -6.210001 -5.189600 20.929602 188 188 188
v -4.838398 -11.895200 20.929602 188 188 188
v -4.635201 -11.844399 20.066000 255 255 255
v -12.255199 9.339201 8.077200 255 255 255
v -12.255199 9.339201 7.467600 255 255 255
v -10.375596 9.847202 16.002001 255 255 255
v -10.375596 9.847202 13.665201 255 255 255
v -10.375596 9.847202 18.034000 255 255 255
v -13.372800 8.932801 10.058400 255 255 255
v -10.375596 9.847202 6.705600 255 255 255

v -6.210001 -5.189600 20.929602 188 188 188
v -6.210001 -5.189600 21.437601 188 188 188
v -6.108397 -5.596000 20.929602 188 188 188
v -6.210001 -5.189600 21.437601 188 188 188
v -6.108397 -5.596000 20.929602 188 188 188
v -5.651199 -7.323199 21.437601 188 188 188
v -8.140401 -10.422000 20.929602 188 188 188
v -8.089598 -10.523600 21.437601 188 188 188
v -8.140401 -10.422000 20.929602 188 188 188
v -8.699197 -8.339200 21.437601 188 188 188
v -8.495999 -9.050400 20.929602 188 188 188
v -8.699197 -8.339200 21.437601 188 188 188
v -8.699197 -8.339200 21.437601 188 188 188
v -8.597598 -8.694799 20.929602 188 188 188
v -9.308801 -6.205599 21.437601 188 188 188
v -9.207196 -6.561199 20.929602 188 188 188
v -9.867597 -4.072000 21.437601 188 188 188
v -9.765998 -4.478400 20.929602 188 188 188
v -9.867597 -4.072000 20.929602 188 188 188
v -9.867597 -4.072000 21.437601 188 188 188
v -10.019998 -3.665600 20.929602 188 188 188
v -9.867597 -4.072000 21.437601 188 188 188
v -10.019998 -3.665600 20.929602 188 188 188
v -10.477201 -1.887599 21.437601 188 188 188
v -7.632401 0.042801 20.929602 188 188 188
v -7.987999 1.211201 21.437601 188 188 188
v -6.210001 -5.189600 21.437601 188 188 188
v -10.477201 -1.887599 21.437601 188 188 188
v -6.210001 -5.189600 21.437601 188 188 188
v -7.987999 1.211201 21.437601 188 188 188
v -7.987999 1.211201 21.437601 188 188 188
v -10.477201 -1.887599 21.437601 188 188 188
v -10.477201 -1.887599 21.437601 188 188 188
v -11.086799 0.246002 21.437601 188 188 188
v -10.477201 -1.887599 20.929602 188 188 188
v -11.086799 0.246002 21.437601 188 188 188
v -10.832799 -0.566799 20.929602 188 188 188
v -11.086799 0.246002 21.437601 188 188 188
v -11.086799 0.246002 21.437601 188 188 188
v -10.985200 -0.160399 20.929602 188 188 188
v -11.086799 0.246002 20.929602 188 188 188
v -11.086799 0.246002 21.437601 188 188 188
v -11.086799 0.246002 20.929602 188 188 188
v -11.645600 2.379601 21.437601 188 188 188
v -12.153601 4.157601 20.929602 188 188 188
v -12.255199 4.564000 21.437601 188 188 188
v -12.255199 4.564000 21.437601 188 188 188
v -12.051995 3.751200 20.929602 188 188 188
v -11.645600 2.379601 20.929602 188 188 188
v -11.645600 2.379601 21.437601 188 188 188
v -12.255199 4.564000 21.437601 188 188 188
v -12.255199 4.564000 21.437601 188 188 188
v -11.645600 2.379601 21.437601 188 188 188
v -11.645600 2.379601 21.437601 188 188 188
v -7.987999 1.211201 21.437601 188 188 188
v -8.546795 3.344801 21.437601 188 188 188
v -8.546795 3.344801 21.437601 188 188 188
v -7.987999 1.211201 21.437601 188 188 188
v -8.546795 3.344801 20.929602 188 188 188
v -7.987999 1.211201 21.437601 188 188 188
v -9.257998 5.884801 20.929602 188 188 188
v -9.156400 5.529202 21.437601 188 188 188
v -9.156400 5.529202 21.437601 188 188 188
v -9.156400 5.529202 20.929602 188 188 188
v -9.003999 5.122801 20.929602 188 188 188
v -9.156400 5.529202 21.437601 188 188 188
v -8.546795 3.344801 21.437601 188 188 188
v -9.156400 5.529202 21.437601 188 188 188
v -9.359597 6.291201 20.929602 188 188 188
v -9.715196 7.662801 20.929602 188 188 188
v -9.156400 5.529202 21.437601 188 188 188
v -9.156400 5.529202 21.437601 188 188 188
v -9.715196 7.662801 21.437601 188 188 188
v -9.715196 7.662801 21.437601 188 188 188
v -12.814001 6.697602 21.437601 188 188 188
v -12.814001 6.697602 21.437601 188 188 188
v -13.423599 8.882001 21.437601 188 188 188
v -12.915600 6.951602 20.929602 188 188 188
v -13.423599 8.882001 21.437601 188 188 188
v -12.814001 6.697602 21.437601 188 188 188
v -12.712396 6.291201 20.929602 188 188 188
v -12.814001 6.697602 21.437601 188 188 188
v -12.255199 4.564000 20.929602 188 188 188
v -12.814001 6.697602 21.437601 188 188 188
v -12.610798 5.935601 20.929602 188 188 188
v -13.423599 8.882001 21.437601 188 188 188
v -13.423599 8.882001 20.929602 188 188 188
v -13.423599 8.882001 21.437601 188 188 188
v -13.423599 8.882001 20.929602 188 188 188
v -13.372800 8.882001 21.437601 188 188 188
v -12.712396 9.186801 20.929602 188 188 188
v -12.966399 9.136001 20.066000 188 188 188
v -12.763199 9.186801 20.929602 188 188 188
v -12.712396 9.186801 20.929602 188 188 188
v -12.712396 9.186801 20.929602 188 188 188
v -12.661600 9.237600 21.437601 188 188 188
v -12.661600 9.237600 20.929602 188 188 188
v -12.661600 9.237600 21.437601 188 188 188
v -10.273997 9.745602 20.929602 188 188 188
v -10.324800 9.796401 21.437601 188 188 188
v -9.715196 7.662801 21.437601 188 188 188
v -10.273997 9.745602 20.929602 188 188 188
v -9.715196 7.662801 21.437601 188 188 188
v -9.918399 8.424801 20.929602 188 188 188
v -9.715196 7.662801 21.437601 188 188 188
v -9.715196 7.662801 21.437601 188 188 188
v -10.324800 9.796401 21.437601 188 188 188
v -10.680398 9.796401 21.437601 188 188 188
v -10.324800 9.796401 21.437601 188 188 188
v -10.680398 9.796401 21.437601 188 188 188
v -10.324800 9.847202 21.437601 188 188 188
v -10.680398 9.796401 21.437601 188 188 188
v -10.375596 9.847202 21.437601 188 188 188
v -10.680398 9.796401 21.437601 188 188 188
v -10.426398 9.898002 21.437601 188 188 188
v -10.680398 9.796401 20.929602 188 188 188
v -10.426398 9.898002 21.437601 188 188 188
v -10.375596 9.847202 21.437601 188 188 188
v -10.375596 9.847202 21.437601 188 188 188
v -10.426398 9.847202 20.929602 188 188 188
v -10.426398 9.898002 20.929602 188 188 188
v -10.426398 9.898002 21.437601 188 188 188
v -10.375596 9.847202 20.929602 188 188 188
v -10.324800 9.847202 21.437601 188 188 188
v -10.324800 9.847202 20.929602 188 188 188
v -10.324800 9.796401 20.929602 188 188 188
v -10.680398 9.796401 21.437601 188 188 188
v -10.680398 9.796401 21.437601 188 188 188
v -10.883595 9.745602 20.929602 188 188 188
v -11.239200 9.644002 20.929602 188 188 188
v -10.883595 9.745602 20.929602 188 188 188
v -11.239200 9.644002 20.929602 188 188 188
v -10.680398 9.796401 21.437601 188 188 188
v -11.239200 9.644002 20.929602 188 188 188
v -11.239200 9.644002 21.437601 188 188 188
v -11.239200 9.644002 21.437601 188 188 188
v -11.289996 9.593201 20.929602 188 188 188
v -11.493199 9.542401 20.929602 188 188 188
v -11.543996 9.542401 21.437601 188 188 188
v -11.543996 9.542401 20.929602 188 188 188
v -11.594798 9.542401 20.929602 188 188 188
v -11.543996 9.542401 21.437601 188 188 188
v -11.543996 9.542401 21.437601 188 188 188
v -11.645600 9.491600 20.929602 188 188 188
v -11.797996 9.440801 20.929602 188 188 188
v -11.797996 9.440801 21.437601 188 188 188
v -11.848798 9.440801 20.929602 188 188 188
v -12.051995 9.390001 20.929602 188 188 188
v -11.797996 9.440801 21.437601 188 188 188
v -12.102798 9.390001 21.437601 188 188 188
v -9.715196 7.662801 21.437601 188 188 188
v -11.797996 9.440801 21.437601 188 188 188
v -11.797996 9.440801 21.437601 188 188 188
v -9.715196 7.662801 21.437601 188 188 188
v -11.543996 9.542401 21.437601 188 188 188
v -11.543996 9.542401 21.437601 188 188 188
v -9.715196 7.662801 21.437601 188 188 188
v -11.239200 9.644002 21.437601 188 188 188
v -9.715196 7.662801 21.437601 188 188 188
v -12.102798 9.390001 21.437601 188 188 188
v -12.407600 9.288402 21.437601 188 188 188
v -12.102798 9.390001 21.437601 188 188 188
v -12.356797 9.288402 20.929602 188 188 188
v -12.102798 9.390001 21.437601 188 188 188
v -12.102798 9.390001 21.437601 188 188 188
v -12.153601 9.390001 20.929602 188 188 188
v -12.204396 9.339201 20.929602 188 188 188
v -12.102798 9.390001 21.437601 188 188 188
v -12.407600 9.288402 21.437601 188 188 188
v -12.356797 9.288402 20.929602 188 188 188
v -12.407600 9.288402 21.437601 188 188 188
v -12.407600 9.288402 20.929602 188 188 188
v -12.610798 9.237600 20.929602 188 188 188
v -12.407600 9.288402 21.437601 188 188 188
v -12.458396 9.288402 20.929602 188 188 188
v -12.661600 9.237600 21.437601 188 188 188
v -9.715196 7.662801 21.437601 188 188 188
v -12.407600 9.288402 21.437601 188 188 188
v -9.715196 7.662801 21.437601 188 188 188
v -12.661600 9.237600 21.437601 188 188 188
v -12.966399 9.136001 21.437601 188 188 188
v -12.661600 9.237600 21.437601 188 188 188
v -12.966399 9.136001 20.929602 188 188 188
v -12.966399 9.136001 21.437601 188 188 188
v -12.966399 9.136001 21.437601 188 188 188
v -13.017199 9.136001 20.929602 188 188 188
v -13.169600 9.085201 20.929602 188 188 188
v -13.220399 9.085201 21.437601 188 188 188
v -13.220399 9.085201 20.929602 188 188 188
v -13.321998 9.034402 20.929602 188 188 188
v -13.321998 9.034402 21.437601 188 188 188
v -13.321998 9.034402 21.437601 188 188 188
v -9.715196 7.662801 21.437601 188 188 188
v -13.271198 9.034402 21.437601 188 188 188
v -13.271198 9.034402 21.437601 188 188 188
v -9.715196 7.662801 21.437601 188 188 188
v -13.220399 9.085201 21.437601 188 188 188
v -9.715196 7.662801 21.437601 188 188 188
v -13.321998 9.034402 21.437601 188 188 188
v -9.715196 7.662801 21.437601 188 188 188
v -13.321998 8.983601 21.437601 188 188 188
v -13.372800 8.983601 21.437601 188 188 188
v -13.321998 8.983601 21.437601 188 188 188
v -13.372800 8.983601 20.929602 188 188 188
v -13.321998 8.983601 21.437601 188 188 188
v -13.321998 8.983601 20.929602 188 188 188
v -13.372800 8.882001 20.929602 188 188 188
v -13.372800 8.932801 20.929602 188 188 188
v -13.372800 8.932801 21.437601 188 188 188
v -13.372800 8.983601 21.437601 188 188 188
v -13.372800 8.983601 21.437601 188 188 188
v -13.372800 8.983601 20.929602 188 188 188
v -13.372800 8.932801 20.929602 188 188 188
v -13.372800 8.932801 21.437601 188 188 188
v -9.715196 7.662801 21.437601 188 188 188
v -13.372800 8.983601 21.437601 188 188 188
v -13.372800 8.882001 21.437601 188 188 188
v -9.715196 7.662801 21.437601 188 188 188
v -13.372800 8.932801 21.437601 188 188 188
v -13.321998 8.983601 20.929602 188 188 188
v -13.321998 8.983601 21.437601 188 188 188
v -13.321998 9.034402 21.437601 188 188 188
v -13.321998 9.034402 20.929602 188 188 188
v -13.271198 9.034402 21.437601 188 188 188
v -13.271198 9.034402 20.929602 188 188 188
v -13.271198 9.034402 20.929602 188 188 188
v -13.271198 9.034402 21.437601 188 188 188
v -13.220399 9.085201 21.437601 188 188 188
v -13.169600 9.085201 20.929602 188 188 188
v -13.220399 9.085201 21.437601 188 188 188
v -12.966399 9.136001 21.437601 188 188 188
v -13.220399 9.085201 21.437601 188 188 188
v -9.715196 7.662801 21.437601 188 188 188
v -12.966399 9.136001 21.437601 188 188 188
v -12.051995 9.390001 20.929602 188 188 188
v -12.102798 9.390001 20.929602 188 188 188
v -12.102798 9.390001 21.437601 188 188 188
v -11.797996 9.440801 20.929602 188 188 188
v -11.797996 9.440801 21.437601 188 188 188
v -11.543996 9.542401 21.437601 188 188 188
v -11.493199 9.542401 20.929602 188 188 188
v -11.543996 9.542401 21.437601 188 188 188
v -11.239200 9.644002 21.437601 188 188 188
v -10.477201 9.847202 20.929602 188 188 188
v -10.527997 9.847202 20.929602 188 188 188
v -10.426398 9.898002 21.437601 188 188 188
v -10.680398 9.796401 20.929602 188 188 188
v -10.781997 9.745602 20.929602 188 188 188
v -10.680398 9.796401 21.437601 188 188 188
v -10.426398 9.898002 20.929602 188 188 188
v -10.426398 9.898002 21.437601 188 188 188
v -10.375596 9.847202 21.437601 188 188 188
v -10.324800 9.847202 21.437601 188 188 188
v -10.375596 9.847202 20.929602 188 188 188
v -10.375596 9.847202 21.437601 188 188 188
v -10.324800 9.847202 20.929602 188 188 188
v -10.324800 9.847202 21.437601 188 188 188
v -10.324800 9.796401 21.437601 188 188 188
v -11.239200 9.644002 21.437601 188 188 188
v -9.715196 7.662801 21.437601 188 188 188
v -10.680398 9.796401 21.437601 188 188 188
v -10.324800 9.847202 20.929602 188 188 188
v -10.324800 9.796401 21.437601 188 188 188
v -10.324800 9.796401 20.929602 188 188 188
v -12.610798 9.237600 20.929602 188 188 188
v -12.661600 9.237600 21.437601 188 188 188
v -12.407600 9.288402 21.437601 188 188 188
v -12.966399 9.136001 20.929602 188 188 188
v -12.661600 9.237600 21.437601 188 188 188
v -12.763199 9.186801 20.929602 188 188 188
v -13.372800 8.882001 20.929602 188 188 188
v -13.372800 8.882001 21.437601 188 188 188
v -13.372800 8.932801 21.437601 188 188 188
v -13.372800 8.729601 20.929602 188 188 188
v -13.271198 8.323202 20.929602 188 188 188
v -13.423599 8.882001 21.437601 188 188 188
v -12.915600 6.951602 20.929602 188 188 188
v -12.814001 6.697602 20.929602 188 188 188
v -12.814001 6.697602 21.437601 188 188 188
v -13.423599 8.882001 21.437601 188 188 188
v -9.715196 7.662801 21.437601 188 188 188
v -13.372800 8.882001 21.437601 188 188 188
v -9.156400 5.529202 21.437601 188 188 188
v -12.814001 6.697602 21.437601 188 188 188
v -12.255199 4.564000 21.437601 188 188 188
v -9.715196 7.662801 20.929602 188 188 188
v -9.816800 8.018401 20.929602 188 188 188
v -9.715196 7.662801 21.437601 188 188 188
v -9.003999 5.122801 20.929602 188 188 188
v -8.546795 3.344801 21.437601 188 188 188
v -8.191196 2.024001 20.929602 188 188 188
v -7.987999 1.211201 21.437601 188 188 188
v -8.546795 3.344801 20.929602 188 188 188
v -8.648400 3.751200 20.929602 188 188 188
v -8.546795 3.344801 21.437601 188 188 188
v -12.255199 4.564000 21.437601 188 188 188
v -8.546795 3.344801 21.437601 188 188 188
v -9.156400 5.529202 21.437601 188 188 188
v -11.645600 2.379601 21.437601 188 188 188
v -11.645600 2.379601 20.929602 188 188 188
v -12.255199 4.564000 20.929602 188 188 188
v -12.255199 4.564000 21.437601 188 188 188
v -12.814001 6.697602 21.437601 188 188 188
v -11.543996 1.973200 20.929602 188 188 188
v -11.442397 1.617600 20.929602 188 188 188
v -11.645600 2.379601 21.437601 188 188 188
v -7.987999 1.211201 21.437601 188 188 188
v -11.645600 2.379601 21.437601 188 188 188
v -11.086799 0.246002 21.437601 188 188 188
v -7.987999 1.211201 20.929602 188 188 188
v -8.089598 1.617600 20.929602 188 188 188
v -7.987999 1.211201 21.437601 188 188 188
v -10.477201 -1.887599 20.929602 188 188 188
v -10.375596 -2.293999 20.929602 188 188 188
v -10.477201 -1.887599 21.437601 188 188 188
v -6.210001 -5.189600 21.437601 188 188 188
v -10.477201 -1.887599 21.437601 188 188 188
v -9.867597 -4.072000 21.437601 188 188 188
v -6.210001 -5.189600 21.437601 188 188 188
v -9.867597 -4.072000 21.437601 188 188 188
v -9.308801 -6.205599 21.437601 188 188 188
v -9.308801 -6.205599 20.929602 188 188 188
v -9.867597 -4.072000 21.437601 188 188 188
v -9.664399 -4.834000 20.929602 188 188 188
v -9.308801 -6.205599 20.929602 188 188 188
v -9.308801 -6.205599 21.437601 188 188 188
v -9.867597 -4.072000 21.437601 188 188 188
v -8.699197 -8.339200 20.929602 188 188 188
v -9.308801 -6.205599 21.437601 188 188 188
v -9.105597 -6.967599 20.929602 188 188 188
v -8.699197 -8.339200 20.929602 188 188 188
v -8.699197 -8.339200 21.437601 188 188 188
v -9.308801 -6.205599 21.437601 188 188 188
v -5.651199 -7.323199 21.437601 188 188 188
v -9.308801 -6.205599 21.437601 188 188 188
v -8.699197 -8.339200 21.437601 188 188 188
v -5.651199 -7.323199 21.437601 188 188 188
v -8.699197 -8.339200 21.437601 188 188 188
v -8.089598 -10.523600 21.437601 188 188 188
v -8.089598 -10.523600 21.437601 188 188 188
v -5.651199 -7.323199 21.437601 188 188 188
v -5.651199 -7.323199 21.437601 188 188 188
v -4.482799 -11.641200 21.437601 188 188 188
v -4.482799 -11.641200 21.437601 188 188 188
v -8.089598 -10.523600 21.437601 188 188 188
v -4.482799 -11.641200 21.437601 188 188 188
v -4.482799 -11.691999 21.437601 188 188 188
v -4.482799 -11.641200 20.929602 188 188 188
v -4.482799 -11.691999 21.437601 188 188 188
v -4.482799 -11.691999 20.929602 188 188 188
v -4.482799 -11.691999 21.437601 188 188 188
v -4.482799 -11.691999 20.929602 188 188 188
v -4.533596 -11.691999 21.437601 188 188 188
v -4.533596 -11.691999 20.929602 188 188 188
v -4.533596 -11.691999 21.437601 188 188 188
v -4.533596 -11.691999 20.929602 188 188 188
v -4.533596 -11.742800 21.437601 188 188 188
v -4.533596 -11.742800 21.437601 188 188 188
v -4.533596 -11.742800 20.929602 188 188 188
v -4.533596 -11.742800 20.929602 188 188 188
v -4.533596 -11.793599 21.437601 188 188 188
v -4.533596 -11.793599 21.437601 188 188 188
v -4.533596 -11.793599 20.929602 188 188 188
v -4.838398 -11.895200 20.929602 188 188 188
v -4.939996 -11.895200 21.437601 188 188 188
v -4.889200 -11.895200 20.929602 188 188 188
v -4.939996 -11.895200 21.437601 188 188 188
v -4.939996 -11.895200 20.929602 188 188 188
v -4.939996 -11.895200 21.437601 188 188 188
v -5.041601 -11.945999 20.929602 188 188 188
v -4.939996 -11.895200 21.437601 188 188 188
v -5.041601 -11.945999 20.929602 188 188 188
v -5.498798 -12.098400 21.437601 188 188 188
v -5.041601 -11.945999 20.929602 188 188 188
v -5.397200 -12.047600 20.929602 188 188 188
v -5.752798 -12.149199 20.929602 188 188 188
v -5.803600 -12.149199 21.437601 188 188 188
v -5.803600 -12.149199 20.929602 188 188 188
v -5.803600 -12.149199 21.437601 188 188 188
v -5.854397 -12.149199 20.929602 188 188 188
v -5.803600 -12.149199 21.437601 188 188 188
v -5.854397 -12.149199 20.929602 188 188 188
v -6.057600 -12.250799 21.437601 188 188 188
v -8.089598 -10.523600 21.437601 188 188 188
v -7.987999 -10.879200 20.929602 188 188 188
v -8.089598 -10.523600 21.437601 188 188 188
v -8.089598 -10.523600 21.437601 188 188 188
v -7.886401 -11.285600 20.929602 188 188 188
v -7.480000 -12.657200 20.929602 188 188 188
v -7.480000 -12.657200 21.437601 188 188 188
v -7.429198 -12.657200 20.929602 188 188 188
v -6.921198 -12.454000 20.929602 188 188 188
v -6.921198 -12.454000 21.437601 188 188 188
v -6.972001 -12.504800 20.929602 188 188 188
v -6.921198 -12.454000 21.437601 188 188 188
v -6.972001 -12.504800 20.929602 188 188 188
v -7.226000 -12.555599 21.437601 188 188 188
v -6.921198 -12.454000 21.437601 188 188 188
v -8.089598 -10.523600 21.437601 188 188 188
v -7.226000 -12.555599 21.437601 188 188 188
v -7.226000 -12.555599 21.437601 188 188 188
v -8.089598 -10.523600 21.437601 188 188 188
v -7.480000 -12.657200 21.437601 188 188 188
v -8.089598 -10.523600 21.437601 188 188 188
v -6.921198 -12.454000 21.437601 188 188 188
v -6.667198 -12.403200 21.437601 188 188 188
v -6.921198 -12.454000 21.437601 188 188 188
v -6.718001 -12.403200 20.929602 188 188 188
v -6.667198 -12.403200 21.437601 188 188 188
v -6.667198 -12.403200 20.929602 188 188 188
v -6.667198 -12.403200 21.437601 188 188 188
v -6.667198 -12.403200 21.437601 188 188 188
v -6.616396 -12.403200 20.929602 188 188 188
v -6.413198 -12.352400 20.929602 188 188 188
v -6.362396 -12.301600 20.929602 188 188 188
v -6.362396 -12.301600 21.437601 188 188 188
v -6.311600 -12.301600 20.929602 188 188 188
v -6.362396 -12.301600 21.437601 188 188 188
v -6.362396 -12.301600 21.437601 188 188 188
v -6.260798 -12.301600 20.929602 188 188 188
v -6.108397 -12.250799 20.929602 188 188 188
v -6.057600 -12.250799 21.437601 188 188 188
v -6.362396 -12.301600 21.437601 188 188 188
v -6.057600 -12.250799 21.437601 188 188 188
v -8.089598 -10.523600 21.437601 188 188 188
v -6.362396 -12.301600 21.437601 188 188 188
v -6.413198 -12.352400 20.929602 188 188 188
v -6.362396 -12.301600 21.437601 188 188 188
v -6.667198 -12.403200 21.437601 188 188 188
v -6.362396 -12.301600 21.437601 188 188 188
v -8.089598 -10.523600 21.437601 188 188 188
v -6.667198 -12.403200 21.437601 188 188 188
v -6.718001 -12.403200 20.929602 188 188 188
v -6.921198 -12.454000 21.437601 188 188 188
v -6.870396 -12.454000 20.929602 188 188 188
v -7.175198 -12.555599 20.929602 188 188 188
v -7.226000 -12.555599 21.437601 188 188 188
v -7.276796 -12.555599 20.929602 188 188 188
v -7.226000 -12.555599 20.929602 188 188 188
v -7.226000 -12.555599 21.437601 188 188 188
v -7.276796 -12.555599 20.929602 188 188 188
v -7.226000 -12.555599 21.437601 188 188 188
v -7.480000 -12.657200 21.437601 188 188 188
v -7.480000 -12.657200 20.929602 188 188 188
v -7.480000 -12.657200 21.437601 188 188 188
v -8.089598 -10.523600 21.437601 188 188 188
v -7.987999 -10.879200 20.929602 188 188 188
v -7.886401 -11.285600 20.929602 188 188 188
v -7.987999 -10.879200 20.929602 188 188 188
v -7.480000 -12.657200 20.066000 188 188 188
v -6.108397 -12.250799 20.929602 188 188 188
v -6.057600 -12.250799 21.437601 188 188 188
v -6.057600 -12.250799 20.929602 188 188 188
v -6.006798 -12.199999 20.929602 188 188 188
v -6.057600 -12.250799 21.437601 188 188 188
v -5.803600 -12.149199 21.437601 188 188 188
v -8.089598 -10.523600 21.437601 188 188 188
v -6.057600 -12.250799 21.437601 188 188 188
v -5.498798 -12.098400 21.437601 188 188 188
v -8.089598 -10.523600 21.437601 188 188 188
v -5.803600 -12.149199 21.437601 188 188 188
v -5.498798 -12.098400 21.437601 188 188 188
v -5.803600 -12.149199 21.437601 188 188 188
v -5.498798 -12.098400 20.929602 188 188 188
v -5.803600 -12.149199 21.437601 188 188 188
v -5.701996 -12.098400 20.929602 188 188 188
v -5.498798 -12.098400 20.929602 188 188 188
v -5.397200 -12.047600 20.929602 188 188 188
v -5.498798 -12.098400 21.437601 188 188 188
v -4.939996 -11.895200 21.437601 188 188 188
v -8.089598 -10.523600 21.437601 188 188 188
v -5.498798 -12.098400 21.437601 188 188 188
v -8.089598 -10.523600 21.437601 188 188 188
v -4.939996 -11.895200 21.437601 188 188 188
v -8.089598 -10.523600 21.437601 188 188 188
v -4.635201 -11.844399 21.437601 188 188 188
v -4.584398 -11.793599 20.929602 188 188 188
v -4.584398 -11.793599 21.437601 188 188 188
v -4.635201 -11.844399 21.437601 188 188 188
v -4.584398 -11.793599 20.929602 188 188 188
v -4.635201 -11.844399 21.437601 188 188 188
v -4.635201 -11.844399 20.929602 188 188 188
v -4.533596 -11.793599 21.437601 188 188 188
v -8.089598 -10.523600 21.437601 188 188 188
v -4.584398 -11.793599 21.437601 188 188 188
v -4.635201 -11.844399 20.929602 188 188 188
v -4.635201 -11.844399 21.437601 188 188 188
v -4.939996 -11.895200 21.437601 188 188 188
v -4.584398 -11.793599 20.929602 188 188 188
v -4.533596 -11.793599 21.437601 188 188 188
v -4.584398 -11.793599 21.437601 188 188 188
v -4.533596 -11.742800 21.437601 188 188 188
v -8.089598 -10.523600 21.437601 188 188 188
v -4.533596 -11.793599 21.437601 188 188 188
v -4.533596 -11.691999 21.437601 188 188 188
v -8.089598 -10.523600 21.437601 188 188 188
v -4.533596 -11.742800 21.437601 188 188 188
v -4.482799 -11.641200 20.929602 188 188 188
v -4.482799 -11.641200 21.437601 188 188 188
v -4.482799 -11.691999 21.437601 188 188 188
v -8.089598 -10.523600 21.437601 188 188 188
v -4.533596 -11.691999 21.437601 188 188 188
v -8.089598 -10.523600 20.929602 188 188 188
v -8.089598 -10.523600 21.437601 188 188 188
v -8.089598 -10.472799 20.929602 188 188 188
v -4.685997 -10.828400 20.929602 188 188 188
v -4.482799 -11.641200 21.437601 188 188 188
v -5.651199 -7.323199 20.929602 188 188 188
v -4.482799 -11.641200 21.437601 188 188 188
v -4.889200 -10.066400 20.929602 188 188 188
v -5.651199 -7.323199 20.929602 188 188 188
v -5.752798 -6.967599 20.929602 188 188 188
v -5.651199 -7.323199 21.437601 188 188 188
v -9.308801 -6.205599 21.437601 188 188 188
v -5.651199 -7.323199 21.437601 188 188 188
v -6.210001 -5.189600 21.437601 188 188 188
v -7.632401 0.042801 20.929602 188 188 188
v -6.210001 -5.189600 21.437601 188 188 188
v -6.514797 -4.021200 20.929602 188 188 188

f 1803 1610 1553
f 1783 1813 1814
f 1815 1816 1563
f 1817 1818 1782
f 1758 1760 1557
f 1819 1820 1578
f 1821 1822 1791
f 1775 1823 1824
f 1825 1778 1826
f 1632 1781 1562
f 1827 1780 1828
f 1616 1776 1555
f 1829 1615 1830
f 1772 1831 1832
f 1833 1834 1554
f 1835 1836 1774
f 1548 1608 1607
f 1837 1838 1839
f 1840 1841 1842
f 1843 1559 1844
f 1603 1845 1846
f 1847 1848 1604
f 1606 1849 1850
f 1851 1771 1852
f 1853 1854 1547
f 1855 1856 1768
f 1579 1765 1764
f 1857 1762 1858
f 1761 1859 1860
f 1861 1862 1863
f 1549 1864 1865
f 1866 1867 1868
f 1637 1869 1870
f 1871 1872 1614
f 1634 1639 1597
f 1633 1873 1874
f 1875 1635 1876
f 1877 1878 1879
f 1638 1880 1881
f 1882 1551 1883
f 1561 1884 1885
f 1886 1560 1887
f 1627 1888 1889
f 1890 1891 1629
f 1892 1624 1617
f 1893 1618 1894
f 1895 1896 1897
f 1898 1641 1630
f 1899 1900 1596
f 1901 1902 1642
f 1740 1741 1658
f 1903 1904 1657
f 1905 1550 1906
f 1907 1908 1739
f 1909 1910 1660
f 1672 1688 1588
f 1911 1912 1913
f 1914 1915 1668
f 1667 1916 1917
f 1584 1918 1919
f 1920 1921 1587
f 1922 1923 1585
f 1924 1925 1586
f 1673 1926 1927
f 1928 1929 1674
f 1704 1930 1697
f 1710 1931 1932
f 1933 1676 1934
f 1935 1936 1695
f 1937 1938 1600
f 1712 1713 1939
f 1715 1940 1941
f 1942 1943 1716
f 1944 1583 1945
f 1946 1719 1947
f 1718 1948 1949
f 1728 1582 1950
f 1729 1951 1952
f 1953 1722 1954
f 1721 1955 1956
f 1957 1725 1581
f 1724 1958 1959
f 1960 1580 1961
f 1962 1963 1964
f 1965 1966 1967
f 1968 1969 1970
f 1552 1971 1972
f 1736 1973 1974
f 1975 1976 1733
f 1731 1732 1977
f 1978 1979 1980
f 1662 1981 1982
f 1661 1983 1984
f 1985 1986 1987
f 1988 1989 1990
f 1589 1991 1992
f 1656 1993 1994
f 1995 1654 1996
f 1653 1997 1998
f 1999 1651 1590
f 1649 2000 2001
f 1646 1592 1648
f 2002 2003 1591
f 2004 2005 2006
f 2007 2008 2009
f 1593 2010 2011
f 1594 2012 2013
f 1645 2014 2015
f 2016 2017 2018
f 1595 1644 2019
f 2020 2021 2022
f 2023 2024 2025
f 2026 2027 2028
f 2029 2030 2031
f 2032 2033 2034
f 2035 2036 2037
f 2038 2039 2040
f 2041 2042 2043
f 2044 2045 2046
f 2047 2048 2049
f 2050 2051 2052
f 2053 2054 2055
f 2056 2057 2058
f 2059 2060 2061
f 2062 2063 2064
f 2065 2066 2067
f 2068 2069 2070
f 2071 2072 2073
f 2074 2075 2076
f 2077 2078 2079
f 2080 2081 2082
f 2083 2084 2085
f 2086 2087 2088
f 2089 2090 2091
f 2092 2093 2094
f 2095 2096 2097
f 2098 2099 2100
f 2101 2102 1636
f 1611 2103 2104
f 2105 2106 2107
f 2108 2109 2110
f 2111 2112 1766
f 2113 2114 2115
f 2116 2117 2118
f 2119 2120 2121
f 2122 2123 2124
f 2125 2126 2127
f 2128 2129 2130
f 2131 2132 2133
f 2134 2135 2136
f 2137 2138 2139
f 2140 2141 2142
f 2143 2144 2145
f 2146 2147 2148
f 2149 2150 2151
f 2152 1556 2153
f 1613 2154 2155
f 2156 2157 1558
f 1784 2158 2159
f 2160 2161 1800
f 2162 2163 1564
f 1801 2164 2165
f 2166 2167 1565
f 2168 2169 1793
f 2170 1566 2171
f 1670 2172 2173
f 2174 1678 2175
f 1679 1569 1804
f 1659 2176 2177
f 1664 2178 2179
f 1663 2180 2181
f 2182 2183 1577
f 2184 2185 1794
f 2186 2187 1767
f 1665 1795 1576
f 1666 2188 2189
f 1796 2190 2191
f 2192 2193 1570
f 2194 2195 1797
f 1684 1798 2196
f 2197 1799 2198
f 1735 2199 2200
f 2201 1689 1574
f 1757 2202 2203
f 1749 1743 1575
f 1802 2204 2205
f 2206 2207 1573
f 2208 2209 1754
f 2210 2211 2212
f 2213 2214 2215
f 1572 2216 2217
f 1747 2218 2219
f 2220 1693 2221
f 2222 1730 2223
f 1727 2224 2225
f 2226 1707 1571
f 2227 1709 2228
f 2229 1714 2230
f 1682 2231 2232
f 2233 2234 2235
f 2236 2237 2238
f 2239 2240 2241
f 2242 2243 2244
f 2245 2246 2247
f 1755 2248 2249
f 2250 2251 2252
f 2253 2254 2255
f 2256 2257 2258
f 2259 1690 2260
f 2261 1685 2262
f 2263 1683 2264
f 2265 2266 2267
f 2268 2269 2270
f 2271 2272 2273
f 1770 2274 2275
f 2276 2277 2278
f 2279 2280 2281
f 2282 2283 2284
f 1568 2285 2286
f 1567 2287 2288
f 2289 2290 2291
f 2292 2293 2294
f 2295 2296 2297
f 2298 2299 2300
f 2301 2302 2303
f 2304 2305 2306
f 2307 2308 2309
f 2310 1626 2311
f 2312 2313 2314
f 2315 2316 2317
f 2318 1625 2319
f 2320 2321 2322
f 2323 2324 2325
f 2326 2327 2328
f 2329 2330 2331

usemtl BaseColor_0
f 1461 1462 1463
f 1461 1463 1469
f 1469 1478 1461
f 1803 1461 1478
f 1478 1610 1803
f 1783 1782 1612
f 1613 1612 1782
f 1612 1613 1461
f 1613 1470 1461
f 1613 1625 1470
f 1625 1626 1470
f 1626 1511 1470
f 1474 1470 1511
f 1511 1472 1474
f 1472 1473 1474
f 1473 1510 1474
f 1510 1493 1474
f 1493 1488 1474
f 1488 1486 1474
f 1486 1487 1474
f 1775 1474 1487
f 1759 1775 1487
f 1758 1759 1487
f 1758 1487 1760
f 1778 1631 1775
f 1778 1781 1631
f 1632 1631 1781
f 1780 1777 1632
f 1777 1462 1632
f 1780 1776 1777
f 1616 1777 1776
f 1615 1463 1616
f 1772 1774 1773
f 1603 1773 1774
f 1603 1605 1773
f 1605 1479 1773
f 1469 1773 1479
f 1773 1469 1615
f 1605 1516 1479
f 1478 1479 1516
f 1478 1516 1517
f 1478 1517 1512
f 1512 1513 1478
f 1609 1478 1513
f 1513 1611 1609
f 1609 1611 1607
f 1607 1608 1609
f 1608 1610 1609
f 1771 1517 1606
f 1771 1768 1512
f 1768 1766 1512
f 1512 1766 1763
f 1763 1515 1512
f 1763 1764 1515
f 1619 1515 1764
f 1765 1619 1764
f 1761 1762 1763
f 1637 1614 1464
f 1637 1464 1636
f 1636 1464 1467
f 1635 1636 1467
f 1640 1635 1467
f 1640 1467 1536
f 1640 1536 1485
f 1485 1667 1640
f 1640 1667 1638
f 1638 1639 1640
f 1634 1640 1639
f 1633 1640 1634
f 1627 1629 1628
f 1627 1628 1624
f 1624 1628 1466
f 1624 1466 1617
f 1617 1619 1618
f 1619 1617 1465
f 1617 1466 1465
f 1464 1465 1466
f 1465 1464 1514
f 1514 1515 1465
f 1515 1514 1513
f 1628 1468 1466
f 1467 1466 1468
f 1628 1630 1468
f 1641 1468 1630
f 1641 1642 1643
f 1643 1537 1641
f 1537 1643 1538
f 1537 1538 1536
f 1468 1537 1536
f 1538 1539 1536
f 1539 1540 1536
f 1540 1534 1536
f 1534 1535 1536
f 1535 1541 1536
f 1541 1542 1536
f 1542 1543 1536
f 1543 1518 1536
f 1543 1658 1518
f 1741 1518 1658
f 1660 1738 1739
f 1741 1739 1738
f 1738 1519 1741
f 1738 1661 1519
f 1661 1483 1519
f 1519 1483 1485
f 1518 1519 1485
f 1483 1484 1485
f 1484 1533 1485
f 1533 1528 1485
f 1528 1525 1485
f 1528 1532 1525
f 1532 1531 1525
f 1531 1530 1525
f 1530 1529 1525
f 1529 1524 1525
f 1524 1520 1525
f 1520 1523 1525
f 1669 1525 1523
f 1523 1688 1669
f 1672 1669 1688
f 1667 1669 1668
f 1673 1674 1675
f 1673 1675 1712
f 1526 1712 1675
f 1526 1675 1527
f 1527 1480 1526
f 1482 1526 1480
f 1480 1481 1482
f 1481 1599 1482
f 1599 1686 1482
f 1600 1482 1686
f 1694 1600 1686
f 1696 1694 1686
f 1694 1696 1695
f 1696 1717 1695
f 1717 1701 1695
f 1701 1703 1695
f 1703 1698 1695
f 1697 1695 1698
f 1697 1698 1704
f 1710 1704 1711
f 1710 1711 1675
f 1710 1675 1676
f 1711 1704 1480
f 1480 1704 1696
f 1696 1704 1706
f 1696 1706 1600
f 1601 1696 1600
f 1599 1601 1600
f 1598 1599 1600
f 1480 1598 1600
f 1812 1480 1600
f 1623 1812 1600
f 1600 1789 1623
f 1789 1788 1623
f 1788 1599 1623
f 1788 1808 1599
f 1808 1696 1599
f 1696 1808 1790
f 1696 1790 1621
f 1602 1696 1621
f 1622 1602 1621
f 1480 1622 1621
f 1480 1621 1623
f 1480 1623 1602
f 1623 1809 1602
f 1809 1788 1602
f 1788 1810 1602
f 1810 1788 1705
f 1696 1810 1705
f 1600 1705 1788
f 1620 1600 1788
f 1600 1620 1621
f 1705 1600 1701
f 1701 1600 1702
f 1702 1704 1701
f 1788 1809 1620
f 1809 1623 1620
f 1620 1623 1621
f 1622 1480 1599
f 1602 1622 1599
f 1810 1696 1602
f 1790 1600 1621
f 1808 1788 1790
f 1788 1789 1790
f 1789 1600 1790
f 1812 1623 1599
f 1480 1812 1599
f 1598 1480 1602
f 1599 1598 1602
f 1696 1601 1481
f 1702 1600 1706
f 1702 1706 1704
f 1698 1703 1704
f 1703 1701 1704
f 1701 1717 1705
f 1717 1696 1705
f 1600 1694 1695
f 1687 1600 1688
f 1482 1600 1687
f 1482 1687 1523
f 1599 1696 1686
f 1601 1599 1481
f 1481 1480 1696
f 1523 1526 1482
f 1522 1526 1523
f 1711 1480 1527
f 1711 1527 1675
f 1522 1712 1526
f 1712 1522 1713
f 1520 1715 1716
f 1520 1716 1521
f 1520 1521 1522
f 1713 1521 1716
f 1718 1719 1720
f 1718 1720 1728
f 1728 1530 1729
f 1721 1722 1723
f 1726 1721 1723
f 1723 1532 1726
f 1721 1726 1725
f 1733 1734 1736
f 1806 1736 1734
f 1734 1533 1806
f 1806 1533 1807
f 1484 1806 1807
f 1484 1807 1544
f 1484 1737 1806
f 1544 1807 1533
f 1732 1533 1734
f 1732 1731 1533
f 1736 1806 1737
f 1483 1736 1737
f 1736 1483 1662
f 1732 1734 1733
f 1653 1654 1655
f 1653 1655 1651
f 1649 1651 1652
f 1541 1649 1652
f 1649 1541 1650
f 1648 1649 1650
f 1535 1648 1650
f 1648 1535 1753
f 1648 1753 1646
f 1645 1646 1742
f 1645 1742 1644
f 1644 1742 1642
f 1742 1811 1642
f 1811 1538 1642
f 1811 1742 1539
f 1742 1646 1539
f 1646 1647 1539
f 1646 1534 1647
f 1534 1646 1700
f 1699 1534 1700
f 1540 1699 1700
f 1699 1540 1646
f 1646 1750 1699
f 1750 1646 1751
f 1534 1750 1751
f 1752 1751 1646
f 1752 1535 1751
f 1750 1534 1699
f 1540 1700 1646
f 1753 1752 1646
f 1753 1535 1752
f 1651 1542 1652
f 1542 1651 1655
f 1656 1655 1654
f 1655 1656 1658
f 1724 1726 1731
f 1731 1726 1528
f 1724 1725 1726
f 1729 1723 1722
f 1723 1729 1531
f 1529 1728 1720
f 1715 1720 1719
f 1715 1524 1720
f 1521 1713 1522
f 1676 1675 1674
f 1672 1668 1669
f 1688 1523 1687
f 1669 1667 1525
f 1520 1522 1523
f 1524 1715 1520
f 1529 1720 1524
f 1530 1728 1529
f 1729 1530 1531
f 1723 1531 1532
f 1528 1726 1532
f 1731 1528 1533
f 1484 1544 1533
f 1483 1737 1484
f 1662 1483 1661
f 1660 1661 1738
f 1656 1657 1658
f 1739 1741 1740
f 1518 1741 1519
f 1658 1543 1655
f 1542 1655 1543
f 1541 1652 1542
f 1535 1650 1541
f 1534 1751 1535
f 1540 1647 1534
f 1540 1539 1647
f 1538 1811 1539
f 1642 1538 1643
f 1468 1641 1537
f 1630 1628 1629
f 1667 1485 1525
f 1518 1485 1536
f 1468 1536 1467
f 1635 1640 1633
f 1466 1467 1464
f 1614 1514 1464
f 1514 1614 1611
f 1765 1618 1619
f 1619 1465 1515
f 1764 1763 1762
f 1761 1763 1766
f 1606 1605 1604
f 1611 1513 1514
f 1513 1512 1515
f 1771 1512 1517
f 1606 1517 1516
f 1605 1606 1516
f 1603 1604 1605
f 1772 1773 1615
f 1777 1616 1463
f 1631 1632 1462
f 1631 1462 1471
f 1631 1471 1474
f 1470 1471 1462
f 1784 1800 1785
f 1784 1785 1626
f 1785 1800 1511
f 1801 1793 1473
f 1678 1680 1670
f 1680 1792 1670
f 1792 1786 1670
f 1786 1677 1670
f 1677 1671 1670
f 1488 1670 1671
f 1671 1677 1486
f 1677 1786 1486
f 1779 1486 1786
f 1805 1779 1786
f 1787 1805 1786
f 1679 1787 1786
f 1787 1679 1804
f 1770 1767 1794
f 1769 1767 1770
f 1770 1795 1769
f 1665 1769 1795
f 1796 1797 1681
f 1797 1683 1681
f 1683 1682 1681
f 1497 1681 1682
f 1682 1498 1497
f 1497 1498 1496
f 1495 1497 1496
f 1492 1495 1496
f 1492 1496 1494
f 1492 1494 1487
f 1491 1492 1487
f 1490 1491 1487
f 1489 1490 1487
f 1490 1489 1664
f 1664 1767 1490
f 1491 1490 1767
f 1665 1492 1491
f 1496 1684 1494
f 1760 1494 1684
f 1684 1496 1685
f 1684 1685 1798
f 1735 1799 1690
f 1735 1690 1689
f 1757 1689 1756
f 1755 1757 1756
f 1754 1755 1756
f 1754 1756 1507
f 1754 1507 1506
f 1748 1754 1506
f 1748 1506 1505
f 1744 1748 1505
f 1505 1503 1744
f 1503 1743 1744
f 1749 1744 1743
f 1727 1730 1692
f 1727 1692 1691
f 1727 1691 1546
f 1727 1546 1545
f 1727 1545 1708
f 1727 1708 1707
f 1714 1709 1498
f 1501 1498 1709
f 1709 1707 1501
f 1500 1501 1707
f 1501 1500 1496
f 1500 1476 1496
f 1476 1475 1496
f 1475 1499 1496
f 1475 1504 1499
f 1504 1503 1499
f 1502 1503 1504
f 1502 1504 1745
f 1502 1745 1746
f 1502 1746 1747
f 1747 1743 1502
f 1693 1746 1745
f 1693 1745 1475
f 1475 1692 1693
f 1504 1475 1745
f 1475 1476 1477
f 1475 1477 1546
f 1477 1500 1546
f 1500 1477 1476
f 1707 1708 1500
f 1500 1708 1545
f 1545 1546 1500
f 1475 1546 1691
f 1475 1691 1692
f 1730 1693 1692
f 1693 1747 1746
f 1749 1802 1748
f 1502 1743 1503
f 1503 1505 1499
f 1748 1744 1749
f 1505 1506 1499
f 1802 1754 1748
f 1506 1507 1499
f 1507 1508 1499
f 1508 1509 1499
f 1690 1499 1509
f 1690 1685 1499
f 1689 1509 1508
f 1756 1508 1507
f 1756 1689 1508
f 1509 1689 1690
f 1499 1685 1496
f 1495 1492 1666
f 1666 1681 1495
f 1498 1501 1496
f 1682 1714 1498
f 1497 1495 1681
f 1796 1681 1666
f 1665 1666 1492
f 1769 1665 1491
f 1767 1769 1491
f 1663 1767 1664
f 1659 1664 1489
f 1659 1489 1486
f 1659 1805 1804
f 1805 1787 1804
f 1779 1805 1659
f 1486 1779 1659
f 1786 1792 1679
f 1792 1680 1679
f 1678 1679 1680
f 1670 1510 1793
f 1473 1800 1801
f 1494 1760 1487
f 1758 1791 1759
f 1775 1759 1791
f 1631 1474 1775
f 1486 1489 1487
f 1488 1671 1486
f 1670 1488 1493
f 1493 1510 1670
f 1473 1793 1510
f 1800 1473 1472
f 1800 1472 1511
f 1470 1474 1471
f 1511 1626 1785
f 1783 1612 1803
f 1609 1610 1478
f 1461 1803 1612
f 1478 1469 1479
f 1463 1615 1469
f 1462 1777 1463
f 1462 1461 1470


o Object.13
v 6.591603 -12.707999 0.000000 255 255 255
v 6.591603 9.644002 0.000000 255 255 255
v 11.062000 9.644002 0.000000 255 255 255
v 11.062000 -12.707999 0.000000 255 255 255
v 8.217200 -12.707999 20.929602 188 188 188
v 7.404405 -12.707999 20.929602 188 188 188
v 11.062000 -12.707999 20.929602 188 188 188
v 11.062000 -12.707999 21.437601 188 188 188
v 6.591603 -12.707999 21.437601 188 188 188
v 6.591603 -12.707999 20.929602 188 188 188
v 6.591603 9.644002 21.437601 188 188 188
v 11.062000 9.644002 21.437601 188 188 188
v 11.062000 -8.694799 20.929602 188 188 188
v 11.062000 5.529202 20.929602 188 188 188
v 11.062000 9.644002 20.929602 188 188 188
v 6.591603 9.644002 20.929602 188 188 188
v 7.404405 9.644002 20.929602 188 188 188
v 10.249205 9.644002 20.929602 188 188 188
v 6.591603 -8.643999 20.929602 188 188 188
v 6.591603 5.580001 20.929602 188 188 188

v 6.591603 -8.643999 20.929602 188 188 188
v 6.591603 -12.707999 21.437601 188 188 188
v 6.591603 -12.707999 21.437601 188 188 188
v 6.591603 9.644002 21.437601 188 188 188
v 6.591603 9.644002 21.437601 188 188 188
v 11.062000 -12.707999 21.437601 188 188 188
v 11.062000 9.644002 21.437601 188 188 188
v 11.062000 -12.707999 21.437601 188 188 188
v 11.062000 9.644002 21.437601 188 188 188
v 11.062000 5.529202 20.929602 188 188 188
v 11.062000 9.644002 21.437601 188 188 188
v 11.062000 9.644002 20.929602 188 188 188
v 6.591603 9.644002 21.437601 188 188 188
v 6.591603 9.644002 21.437601 188 188 188
v 6.591603 9.644002 20.929602 188 188 188
v 7.404405 9.644002 20.929602 188 188 188
v 11.062000 9.644002 21.437601 188 188 188
v 10.249205 9.644002 20.929602 188 188 188
v 11.062000 5.529202 20.929602 188 188 188
v 11.062000 -12.707999 21.437601 188 188 188
v 6.591603 -12.707999 21.437601 188 188 188
v 8.217200 -12.707999 20.929602 188 188 188
v 6.591603 -12.707999 21.437601 188 188 188
v 11.062000 -12.707999 20.929602 188 188 188
v 11.062000 -8.694799 20.929602 188 188 188
v 11.062000 -12.707999 21.437601 188 188 188
v 11.062000 9.644002 21.437601 188 188 188
v 7.404405 9.644002 20.929602 188 188 188
v 6.591603 9.644002 21.437601 188 188 188
v 11.062000 -12.707999 21.437601 188 188 188
v 6.591603 -12.707999 21.437601 188 188 188
v 11.062000 -12.707999 20.929602 188 188 188
v 6.591603 9.644002 21.437601 188 188 188
v 6.591603 5.580001 20.929602 188 188 188
v 6.591603 -8.643999 20.929602 188 188 188
v 6.591603 -12.707999 20.929602 188 188 188
v 7.404405 -12.707999 20.929602 188 188 188
v 6.591603 -12.707999 21.437601 188 188 188

f 2341 2340 2350
f 2342 2352 2353
f 2354 2339 2355
f 2343 2356 2357
f 2358 2359 2345
f 2360 2361 2346
f 2349 2362 2363
f 2347 2364 2348
f 2365 2366 2351
f 2367 2368 2369
f 2370 2371 2344
f 2336 2338 2372
f 2337 2373 2374
f 2375 2376 2377
f 2378 2379 2380
f 2381 2382 2383
f 2384 2385 2386
f 2387 2388 2389

usemtl BaseColor_0
f 2332 2333 2334
f 2334 2335 2332
f 2332 2335 2337
f 2337 2341 2332
f 2332 2341 2350
f 2346 2333 2349
f 2349 2333 2348
f 2348 2333 2347
f 2347 2333 2351
f 2350 2351 2333
f 2346 2345 2334
f 2335 2345 2344
f 2335 2344 2338
f 2338 2336 2335
f 2336 2337 2335
f 2335 2334 2345
f 2333 2346 2334
f 2332 2350 2333


o Object.14
v 26.810003 11.168001 0.000000 255 255 255
v 26.810003 -12.707999 0.000000 255 255 255
v 22.542803 11.168001 0.000000 255 255 255
v 22.542803 -12.707999 0.000000 255 255 255
v 23.355606 -12.707999 20.929602 188 188 188
v 22.542803 -12.707999 20.929602 188 188 188
v 26.810003 -12.707999 21.437601 188 188 188
v 22.542803 -12.707999 21.437601 188 188 188
v 26.810003 -12.707999 20.929602 188 188 188
v 24.117605 -12.707999 20.929602 188 188 188
v 26.810003 11.168001 21.437601 188 188 188
v 22.542803 11.168001 21.437601 188 188 188
v 22.542803 -8.339200 20.929602 188 188 188
v 22.542803 6.850001 20.929602 188 188 188
v 22.542803 11.168001 20.929602 188 188 188
v 26.810003 -6.459600 20.929602 188 188 188
v 26.810003 -10.777599 20.929602 188 188 188
v 26.810003 8.678802 20.929602 188 188 188
v 26.810003 11.168001 20.929602 188 188 188
v 25.235203 11.168001 20.929602 188 188 188
v 25.997202 11.168001 20.929602 188 188 188

v 25.235203 11.168001 20.929602 188 188 188
v 26.810003 11.168001 21.437601 188 188 188
v 25.997202 11.168001 20.929602 188 188 188
v 26.810003 11.168001 21.437601 188 188 188
v 26.810003 11.168001 21.437601 188 188 188
v 26.810003 11.168001 20.929602 188 188 188
v 26.810003 11.168001 21.437601 188 188 188
v 26.810003 8.678802 20.929602 188 188 188
v 26.810003 8.678802 20.929602 188 188 188
v 26.810003 -12.707999 21.437601 188 188 188
v 22.542803 11.168001 21.437601 188 188 188
v 22.542803 -8.339200 20.929602 188 188 188
v 22.542803 -12.707999 21.437601 188 188 188
v 26.810003 -12.707999 21.437601 188 188 188
v 22.542803 11.168001 21.437601 188 188 188
v 26.810003 -12.707999 21.437601 188 188 188
v 22.542803 -12.707999 21.437601 188 188 188
v 22.542803 11.168001 21.437601 188 188 188
v 22.542803 11.168001 20.929602 188 188 188
v 22.542803 6.850001 20.929602 188 188 188
v 22.542803 -12.707999 21.437601 188 188 188
v 22.542803 -8.339200 20.929602 188 188 188
v 22.542803 -12.707999 20.929602 188 188 188
v 22.542803 -12.707999 21.437601 188 188 188
v 23.355606 -12.707999 20.929602 188 188 188
v 22.542803 -12.707999 21.437601 188 188 188
v 24.117605 -12.707999 20.929602 188 188 188
v 26.810003 -12.707999 20.929602 188 188 188
v 22.542803 -12.707999 21.437601 188 188 188
v 26.810003 -12.707999 20.929602 188 188 188
v 26.810003 -12.707999 21.437601 188 188 188
v 26.810003 -6.459600 20.929602 188 188 188
v 26.810003 -12.707999 21.437601 188 188 188
v 26.810003 -10.777599 20.929602 188 188 188
v 26.810003 11.168001 21.437601 188 188 188
v 22.542803 11.168001 21.437601 188 188 188
v 26.810003 -12.707999 21.437601 188 188 188
v 26.810003 11.168001 21.437601 188 188 188
v 22.542803 11.168001 20.929602 188 188 188
v 22.542803 11.168001 21.437601 188 188 188

f 2404 2400 2409
f 2411 2412 2410
f 2413 2414 2408
f 2415 2407 2416
f 2417 2396 2418
f 2419 2420 2405
f 2401 2403 2402
f 2421 2422 2397
f 2423 2424 2425
f 2426 2427 2398
f 2428 2429 2430
f 2395 2431 2432
f 2433 2394 2434
f 2435 2399 2436
f 2437 2438 2439
f 2440 2406 2441
f 2442 2443 2444
f 2445 2446 2447
f 2448 2449 2450

usemtl BaseColor_0
f 2390 2391 2392
f 2392 2404 2390
f 2409 2390 2404
f 2408 2390 2410
f 2408 2407 2390
f 2391 2407 2405
f 2391 2405 2406
f 2391 2406 2398
f 2393 2391 2398
f 2398 2399 2393
f 2399 2394 2393
f 2394 2395 2393
f 2393 2395 2392
f 2395 2402 2392
f 2402 2403 2392
f 2410 2390 2409
f 2404 2392 2403
f 2393 2392 2391
f 2391 2390 2407


o Object.15
v 18.326401 -12.707999 0.000000 255 255 255
v 18.326401 6.392801 0.000000 255 255 255
v 21.526804 -12.707999 0.000000 255 255 255
v 21.526804 6.392801 0.000000 255 255 255
v 21.526804 -12.707999 20.929602 188 188 188
v 18.326401 -12.707999 20.929602 188 188 188
v 18.885202 -12.707999 20.929602 188 188 188
v 18.326401 -12.707999 21.437601 188 188 188
v 19.494801 -12.707999 20.929602 188 188 188
v 21.526804 -12.707999 21.437601 188 188 188
v 21.526804 6.392801 21.437601 188 188 188
v 18.326401 6.392801 20.929602 188 188 188
v 18.326401 6.392801 21.437601 188 188 188
v 20.358404 6.392801 20.929602 188 188 188
v 20.917200 6.392801 20.929602 188 188 188
v 21.526804 6.392801 20.929602 188 188 188
v 18.326401 2.938402 20.929602 188 188 188
v 18.326401 -9.202800 20.929602 188 188 188
v 21.526804 -9.253599 20.929602 188 188 188
v 21.526804 2.887601 20.929602 188 188 188

v 18.326401 -12.707999 20.929602 188 188 188
v 18.326401 -12.707999 21.437601 188 188 188
v 18.326401 6.392801 20.929602 188 188 188
v 18.326401 6.392801 21.437601 188 188 188
v 21.526804 6.392801 21.437601 188 188 188
v 18.326401 6.392801 21.437601 188 188 188
v 21.526804 6.392801 21.437601 188 188 188
v 21.526804 -12.707999 21.437601 188 188 188
v 21.526804 6.392801 21.437601 188 188 188
v 21.526804 2.887601 20.929602 188 188 188
v 21.526804 6.392801 21.437601 188 188 188
v 21.526804 6.392801 20.929602 188 188 188
v 21.526804 6.392801 21.437601 188 188 188
v 20.917200 6.392801 20.929602 188 188 188
v 21.526804 2.887601 20.929602 188 188 188
v 21.526804 -12.707999 21.437601 188 188 188
v 21.526804 -9.253599 20.929602 188 188 188
v 21.526804 -12.707999 21.437601 188 188 188
v 21.526804 -12.707999 21.437601 188 188 188
v 18.326401 -12.707999 21.437601 188 188 188
v 21.526804 -12.707999 20.929602 188 188 188
v 18.326401 -12.707999 21.437601 188 188 188
v 21.526804 -12.707999 21.437601 188 188 188
v 18.326401 6.392801 21.437601 188 188 188
v 18.326401 6.392801 20.929602 188 188 188
v 21.526804 6.392801 21.437601 188 188 188
v 20.358404 6.392801 20.929602 188 188 188
v 18.326401 6.392801 21.437601 188 188 188
v 18.326401 2.938402 20.929602 188 188 188
v 18.326401 -9.202800 20.929602 188 188 188
v 18.326401 6.392801 21.437601 188 188 188
v 18.326401 -9.202800 20.929602 188 188 188
v 18.326401 -12.707999 21.437601 188 188 188
v 18.885202 -12.707999 20.929602 188 188 188
v 18.326401 -12.707999 21.437601 188 188 188
v 19.494801 -12.707999 20.929602 188 188 188
v 21.526804 -12.707999 20.929602 188 188 188
v 18.326401 -12.707999 21.437601 188 188 188

f 2456 2457 2458
f 2471 2472 2468
f 2463 2462 2467
f 2461 2473 2474
f 2475 2476 2460
f 2477 2478 2470
f 2479 2480 2466
f 2465 2481 2482
f 2464 2483 2484
f 2485 2486 2469
f 2455 2487 2488
f 2489 2490 2491
f 2492 2493 2494
f 2495 2496 2497
f 2498 2499 2500
f 2501 2502 2503
f 2504 2459 2505
f 2506 2507 2508

usemtl BaseColor_0
f 2451 2452 2453
f 2451 2453 2455
f 2455 2459 2451
f 2459 2457 2451
f 2457 2456 2451
f 2456 2468 2452
f 2468 2467 2452
f 2462 2452 2467
f 2466 2452 2465
f 2465 2452 2464
f 2452 2466 2454
f 2466 2470 2454
f 2453 2454 2470
f 2453 2470 2469
f 2464 2452 2462
f 2453 2469 2455
f 2454 2453 2452
f 2451 2456 2452


o Object.16
v 27.470404 -5.087999 0.000000 255 255 255
v 27.470404 -3.106799 0.000000 255 255 255
v 52.413208 -3.106799 0.000000 255 255 255
v 52.413208 -5.087999 0.000000 255 255 255
v 52.413208 -3.106799 21.437601 188 188 188
v 27.470404 -3.106799 21.437601 188 188 188
v 52.413208 -5.087999 21.437601 188 188 188
v 27.470404 -5.087999 21.437601 188 188 188
v 52.413208 -4.376800 20.929602 188 188 188
v 52.413208 -4.732399 20.929602 188 188 188
v 52.413208 -3.106799 20.929602 188 188 188
v 52.413208 -5.087999 20.929602 188 188 188
v 32.042404 -3.106799 20.929602 188 188 188
v 27.470404 -3.106799 20.929602 188 188 188
v 47.892006 -3.106799 20.929602 188 188 188
v 27.470404 -5.087999 20.929602 188 188 188
v 31.991604 -5.087999 20.929602 188 188 188
v 47.790401 -5.087999 20.929602 188 188 188
v 27.470404 -4.732399 20.929602 188 188 188
v 27.470404 -3.462399 20.929602 188 188 188

v 27.470404 -5.087999 20.929602 188 188 188
v 27.470404 -5.087999 21.437601 188 188 188
v 27.470404 -3.106799 20.929602 188 188 188
v 27.470404 -3.106799 21.437601 188 188 188
v 32.042404 -3.106799 20.929602 188 188 188
v 47.892006 -3.106799 20.929602 188 188 188
v 52.413208 -3.106799 21.437601 188 188 188
v 52.413208 -3.106799 21.437601 188 188 188
v 52.413208 -3.106799 20.929602 188 188 188
v 52.413208 -3.106799 20.929602 188 188 188
v 52.413208 -5.087999 21.437601 188 188 188
v 52.413208 -4.376800 20.929602 188 188 188
v 52.413208 -5.087999 21.437601 188 188 188
v 52.413208 -4.732399 20.929602 188 188 188
v 52.413208 -5.087999 21.437601 188 188 188
v 52.413208 -3.106799 21.437601 188 188 188
v 27.470404 -3.106799 21.437601 188 188 188
v 52.413208 -5.087999 21.437601 188 188 188
v 27.470404 -5.087999 21.437601 188 188 188
v 52.413208 -5.087999 21.437601 188 188 188
v 27.470404 -3.106799 21.437601 188 188 188
v 52.413208 -5.087999 21.437601 188 188 188
v 27.470404 -5.087999 21.437601 188 188 188
v 52.413208 -3.106799 21.437601 188 188 188
v 32.042404 -3.106799 20.929602 188 188 188
v 27.470404 -3.106799 21.437601 188 188 188
v 27.470404 -3.106799 21.437601 188 188 188
v 27.470404 -3.462399 20.929602 188 188 188
v 27.470404 -4.732399 20.929602 188 188 188
v 27.470404 -3.106799 21.437601 188 188 188
v 27.470404 -4.732399 20.929602 188 188 188
v 27.470404 -5.087999 21.437601 188 188 188
v 31.991604 -5.087999 20.929602 188 188 188
v 47.790401 -5.087999 20.929602 188 188 188
v 27.470404 -5.087999 21.437601 188 188 188
v 47.790401 -5.087999 20.929602 188 188 188
v 52.413208 -5.087999 20.929602 188 188 188
v 52.413208 -5.087999 21.437601 188 188 188

f 2524 2525 2516
f 2529 2530 2527
f 2514 2522 2528
f 2531 2532 2521
f 2533 2513 2523
f 2534 2535 2519
f 2536 2515 2537
f 2538 2539 2517
f 2540 2541 2518
f 2520 2542 2543
f 2544 2545 2546
f 2547 2548 2549
f 2550 2551 2526
f 2552 2553 2554
f 2555 2556 2557
f 2558 2559 2560
f 2561 2562 2563
f 2564 2565 2566

usemtl BaseColor_0
f 2509 2510 2511
f 2511 2512 2509
f 2509 2512 2520
f 2520 2526 2509
f 2526 2525 2509
f 2525 2524 2509
f 2524 2527 2510
f 2527 2528 2510
f 2522 2510 2528
f 2521 2511 2522
f 2523 2511 2521
f 2512 2519 2517
f 2512 2517 2518
f 2519 2511 2523
f 2512 2518 2520
f 2519 2512 2511
f 2510 2522 2511
f 2509 2524 2510


o Object.17
v 31.991604 -2.192399 0.000000 255 255 255
v 31.991604 1.211201 0.000000 255 255 255
v 50.076405 -2.192399 0.000000 255 255 255
v 50.076405 1.211201 0.000000 255 255 255
v 50.076405 1.211201 21.437601 188 188 188
v 31.991604 1.211201 21.437601 188 188 188
v 50.076405 -2.192399 21.437601 188 188 188
v 31.991604 -2.192399 21.437601 188 188 188
v 35.242802 -2.192399 20.929602 188 188 188
v 46.774403 -2.192399 20.929602 188 188 188
v 50.076405 -2.192399 20.929602 188 188 188
v 31.991604 -2.192399 20.929602 188 188 188
v 31.991604 1.211201 20.929602 188 188 188
v 31.991604 0.601601 20.929602 188 188 188
v 31.991604 -0.058799 20.929602 188 188 188
v 50.076405 1.211201 20.929602 188 188 188
v 50.076405 -0.973199 20.929602 188 188 188
v 50.076405 -1.582799 20.929602 188 188 188
v 43.472401 1.211201 20.929602 188 188 188
v 46.774403 1.211201 20.929602 188 188 188

v 31.991604 -2.192399 20.929602 188 188 188
v 31.991604 -2.192399 21.437601 188 188 188
v 31.991604 1.211201 21.437601 188 188 188
v 31.991604 -2.192399 20.929602 188 188 188
v 31.991604 1.211201 21.437601 188 188 188
v 31.991604 1.211201 20.929602 188 188 188
v 31.991604 1.211201 21.437601 188 188 188
v 50.076405 1.211201 21.437601 188 188 188
v 31.991604 1.211201 21.437601 188 188 188
v 50.076405 1.211201 21.437601 188 188 188
v 50.076405 -2.192399 21.437601 188 188 188
v 50.076405 1.211201 21.437601 188 188 188
v 50.076405 1.211201 20.929602 188 188 188
v 50.076405 -2.192399 21.437601 188 188 188
v 50.076405 -1.582799 20.929602 188 188 188
v 50.076405 -2.192399 21.437601 188 188 188
v 50.076405 1.211201 21.437601 188 188 188
v 46.774403 1.211201 20.929602 188 188 188
v 50.076405 1.211201 20.929602 188 188 188
v 50.076405 -2.192399 21.437601 188 188 188
v 50.076405 -0.973199 20.929602 188 188 188
v 31.991604 1.211201 20.929602 188 188 188
v 50.076405 1.211201 21.437601 188 188 188
v 43.472401 1.211201 20.929602 188 188 188
v 31.991604 1.211201 21.437601 188 188 188
v 31.991604 0.601601 20.929602 188 188 188
v 31.991604 -0.058799 20.929602 188 188 188
v 31.991604 -2.192399 21.437601 188 188 188
v 50.076405 -2.192399 21.437601 188 188 188
v 31.991604 1.211201 21.437601 188 188 188
v 50.076405 -2.192399 21.437601 188 188 188
v 31.991604 -2.192399 21.437601 188 188 188
v 35.242802 -2.192399 20.929602 188 188 188
v 46.774403 -2.192399 20.929602 188 188 188
v 31.991604 -2.192399 21.437601 188 188 188
v 46.774403 -2.192399 20.929602 188 188 188
v 50.076405 -2.192399 20.929602 188 188 188
v 50.076405 -2.192399 21.437601 188 188 188

f 2578 2575 2574
f 2587 2588 2572
f 2589 2581 2590
f 2591 2579 2580
f 2571 2592 2593
f 2594 2595 2573
f 2596 2597 2582
f 2586 2598 2599
f 2583 2600 2584
f 2577 2601 2602
f 2585 2603 2604
f 2605 2606 2607
f 2608 2609 2610
f 2611 2612 2613
f 2614 2615 2616
f 2617 2618 2576
f 2619 2620 2621
f 2622 2623 2624

usemtl BaseColor_0
f 2567 2568 2569
f 2567 2569 2577
f 2577 2576 2567
f 2576 2575 2567
f 2575 2578 2567
f 2578 2581 2568
f 2581 2580 2568
f 2579 2568 2580
f 2582 2570 2586
f 2568 2586 2570
f 2586 2568 2585
f 2582 2583 2570
f 2584 2570 2583
f 2569 2570 2584
f 2585 2568 2579
f 2569 2584 2577
f 2570 2569 2568
f 2567 2578 2568


o Object.18
v 28.740402 2.074801 0.000000 255 255 255
v 28.740402 5.376801 0.000000 255 255 255
v 52.311600 2.074801 0.000000 255 255 255
v 52.311600 5.376801 0.000000 255 255 255
v 52.311600 5.376801 21.437601 188 188 188
v 28.740402 2.074801 21.437601 188 188 188
v 52.311600 2.074801 21.437601 188 188 188
v 28.740402 5.376801 21.437601 188 188 188
v 52.311600 2.074801 20.929602 188 188 188
v 47.993599 2.074801 20.929602 188 188 188
v 28.740402 2.074801 20.929602 188 188 188
v 33.007603 2.074801 20.929602 188 188 188
v 28.740402 5.376801 20.929602 188 188 188
v 28.740402 4.767201 20.929602 188 188 188
v 28.740402 2.684400 20.929602 188 188 188
v 52.311600 5.376801 20.929602 188 188 188
v 52.311600 3.243201 20.929602 188 188 188
v 52.311600 2.684400 20.929602 188 188 188
v 43.726406 5.376801 20.929602 188 188 188
v 47.993599 5.376801 20.929602 188 188 188

v 28.740402 2.074801 20.929602 188 188 188
v 28.740402 2.074801 21.437601 188 188 188
v 28.740402 5.376801 20.929602 188 188 188
v 28.740402 5.376801 21.437601 188 188 188
v 28.740402 2.074801 21.437601 188 188 188
v 52.311600 5.376801 21.437601 188 188 188
v 28.740402 5.376801 21.437601 188 188 188
v 52.311600 5.376801 21.437601 188 188 188
v 28.740402 2.074801 21.437601 188 188 188
v 52.311600 5.376801 21.437601 188 188 188
v 52.311600 2.074801 21.437601 188 188 188
v 52.311600 5.376801 21.437601 188 188 188
v 52.311600 5.376801 20.929602 188 188 188
v 52.311600 2.074801 21.437601 188 188 188
v 52.311600 2.684400 20.929602 188 188 188
v 52.311600 2.074801 21.437601 188 188 188
v 52.311600 5.376801 21.437601 188 188 188
v 47.993599 5.376801 20.929602 188 188 188
v 52.311600 5.376801 20.929602 188 188 188
v 52.311600 2.074801 21.437601 188 188 188
v 52.311600 3.243201 20.929602 188 188 188
v 52.311600 2.074801 21.437601 188 188 188
v 28.740402 2.074801 21.437601 188 188 188
v 28.740402 5.376801 20.929602 188 188 188
v 52.311600 5.376801 21.437601 188 188 188
v 43.726406 5.376801 20.929602 188 188 188
v 28.740402 5.376801 21.437601 188 188 188
v 28.740402 4.767201 20.929602 188 188 188
v 28.740402 2.684400 20.929602 188 188 188
v 28.740402 5.376801 21.437601 188 188 188
v 28.740402 2.684400 20.929602 188 188 188
v 28.740402 2.074801 21.437601 188 188 188
v 33.007603 2.074801 20.929602 188 188 188
v 47.993599 2.074801 20.929602 188 188 188
v 28.740402 2.074801 21.437601 188 188 188
v 47.993599 2.074801 20.929602 188 188 188
v 52.311600 2.074801 20.929602 188 188 188
v 52.311600 2.074801 21.437601 188 188 188

f 2635 2636 2630
f 2645 2646 2639
f 2632 2637 2638
f 2629 2647 2648
f 2649 2650 2651
f 2652 2653 2631
f 2654 2655 2640
f 2644 2656 2657
f 2641 2658 2642
f 2633 2659 2660
f 2643 2661 2662
f 2663 2664 2665
f 2666 2667 2634
f 2668 2669 2670
f 2671 2672 2673
f 2674 2675 2676
f 2677 2678 2679
f 2680 2681 2682

usemtl BaseColor_0
f 2625 2626 2627
f 2625 2627 2633
f 2633 2634 2625
f 2634 2636 2625
f 2636 2635 2625
f 2635 2639 2626
f 2639 2638 2626
f 2637 2626 2638
f 2640 2628 2644
f 2626 2644 2628
f 2644 2626 2643
f 2640 2641 2628
f 2642 2628 2641
f 2627 2628 2642
f 2643 2626 2637
f 2627 2642 2633
f 2628 2627 2626
f 2625 2635 2626


o Object.19
v 11.925604 -12.707999 0.000000 255 255 255
v 11.925604 10.660001 0.000000 255 255 255
v 17.107204 -12.707999 0.000000 255 255 255
v 17.107204 10.660001 0.000000 255 255 255
v 12.890800 -12.707999 20.929602 188 188 188
v 11.925604 -12.707999 20.929602 188 188 188
v 16.142002 -12.707999 20.929602 188 188 188
v 17.107204 -12.707999 20.929602 188 188 188
v 17.107204 -12.707999 21.437601 188 188 188
v 11.925604 -12.707999 21.437601 188 188 188
v 17.107204 10.660001 21.437601 188 188 188
v 11.925604 10.660001 21.437601 188 188 188
v 17.107204 10.660001 20.929602 188 188 188
v 11.925604 10.660001 20.929602 188 188 188
v 15.227601 10.660001 20.929602 188 188 188
v 16.142002 10.660001 20.929602 188 188 188
v 11.925604 6.342001 20.929602 188 188 188
v 11.925604 2.125602 20.929602 188 188 188
v 17.107204 -8.491599 20.929602 188 188 188
v 17.107204 6.342001 20.929602 188 188 188

v 11.925604 10.660001 21.437601 188 188 188
v 11.925604 6.342001 20.929602 188 188 188
v 11.925604 10.660001 20.929602 188 188 188
v 15.227601 10.660001 20.929602 188 188 188
v 17.107204 10.660001 21.437601 188 188 188
v 16.142002 10.660001 20.929602 188 188 188
v 17.107204 10.660001 21.437601 188 188 188
v 17.107204 -8.491599 20.929602 188 188 188
v 17.107204 -12.707999 21.437601 188 188 188
v 17.107204 10.660001 21.437601 188 188 188
v 17.107204 -12.707999 21.437601 188 188 188
v 17.107204 6.342001 20.929602 188 188 188
v 17.107204 10.660001 21.437601 188 188 188
v 17.107204 -12.707999 21.437601 188 188 188
v 17.107204 -12.707999 21.437601 188 188 188
v 11.925604 -12.707999 21.437601 188 188 188
v 11.925604 -12.707999 21.437601 188 188 188
v 17.107204 10.660001 21.437601 188 188 188
v 11.925604 10.660001 21.437601 188 188 188
v 11.925604 -12.707999 21.437601 188 188 188
v 11.925604 10.660001 21.437601 188 188 188
v 17.107204 10.660001 21.437601 188 188 188
v 17.107204 6.342001 20.929602 188 188 188
v 17.107204 10.660001 20.929602 188 188 188
v 17.107204 10.660001 21.437601 188 188 188
v 11.925604 10.660001 20.929602 188 188 188
v 11.925604 10.660001 21.437601 188 188 188
v 11.925604 10.660001 21.437601 188 188 188
v 11.925604 2.125602 20.929602 188 188 188
v 11.925604 -12.707999 20.929602 188 188 188
v 11.925604 -12.707999 20.929602 188 188 188
v 11.925604 -12.707999 21.437601 188 188 188
v 12.890800 -12.707999 20.929602 188 188 188
v 16.142002 -12.707999 20.929602 188 188 188
v 11.925604 -12.707999 21.437601 188 188 188
v 16.142002 -12.707999 20.929602 188 188 188
v 17.107204 -12.707999 20.929602 188 188 188
v 17.107204 -12.707999 21.437601 188 188 188

f 2694 2699 2700
f 2703 2696 2704
f 2705 2693 2697
f 2706 2707 2698
f 2708 2709 2695
f 2702 2691 2701
f 2690 2710 2711
f 2712 2713 2714
f 2715 2692 2716
f 2717 2718 2689
f 2719 2720 2721
f 2688 2722 2723
f 2724 2725 2726
f 2727 2728 2729
f 2730 2731 2732
f 2733 2687 2734
f 2735 2736 2737
f 2738 2739 2740

usemtl BaseColor_0
f 2683 2684 2685
f 2683 2685 2690
f 2690 2689 2683
f 2689 2687 2683
f 2687 2688 2683
f 2683 2688 2700
f 2683 2700 2699
f 2696 2684 2699
f 2697 2684 2696
f 2695 2684 2698
f 2684 2695 2686
f 2695 2702 2686
f 2685 2686 2702
f 2685 2702 2701
f 2698 2684 2697
f 2685 2701 2690
f 2686 2685 2684
f 2683 2699 2684


o Object.20
v -1.942796 9.847202 0.000000 255 255 255
v -1.942796 9.898002 0.000000 255 255 255
v -1.790401 9.796401 0.000000 255 255 255
v 0.546400 1.262001 0.000000 255 255 255
v -3.466800 3.446401 0.000000 255 255 255
v -4.025596 5.630802 0.000000 255 255 255
v -4.330398 6.697602 0.000000 255 255 255
v -0.317198 4.462402 0.000000 255 255 255
v -1.891999 9.898002 0.000000 255 255 255
v -1.891999 9.847202 0.000000 255 255 255
v -1.942796 9.796401 -0.050800 255 255 255
v -1.891999 9.796401 -0.050800 255 255 255
v -3.161998 2.379601 0.000000 255 255 255
v 1.410004 -1.989199 0.000000 255 255 255
v -2.552400 0.246002 0.000000 255 255 255
v 1.714800 -3.055999 0.000000 255 255 255
v -2.247598 -0.820799 0.000000 255 255 255
v -1.993598 -1.887599 0.000000 255 255 255
v -1.079198 -5.138800 0.000000 255 255 255
v -1.688796 -3.005199 0.000000 255 255 255
v 2.883200 -7.323199 0.000000 255 255 255
v -0.672797 -6.612000 0.000000 255 255 255
v 3.594403 -10.066400 0.000000 255 255 255
v 3.543600 -11.895200 0.000000 255 255 255
v 3.543600 -11.895200 20.929602 188 188 188
v 3.442002 -11.945999 0.000000 255 255 255
v 3.848403 -11.844399 0.000000 255 255 255
v -0.215600 -8.339200 0.000000 255 255 255
v 1.714800 -12.454000 0.000000 255 255 255
v 1.308405 -12.555599 0.000000 255 255 255
v 0.495603 -10.879200 0.000000 255 255 255
v 1.867201 -12.403200 0.000000 255 255 255
v 1.003603 -12.657200 0.000000 255 255 255
v 0.394005 -10.523600 0.000000 255 255 255
v 2.019602 -12.352400 0.000000 255 255 255
v 2.121200 -12.301600 0.000000 255 255 255
v 2.273602 -12.250799 0.000000 255 255 255
v 2.426003 -12.250799 0.000000 255 255 255
v 2.730805 -12.149199 0.000000 255 255 255
v 0.089202 -9.406000 0.000000 255 255 255
v 2.832403 -12.098400 0.000000 255 255 255
v 3.035601 -12.047600 0.000000 255 255 255
v 3.899205 -11.844399 0.000000 255 255 255
v 3.899205 -11.793599 0.000000 255 255 255
v 3.950001 -11.742800 0.000000 255 255 255
v 4.000803 -11.742800 0.000000 255 255 255
v 4.000803 -11.691999 0.000000 255 255 255
v 4.000803 -11.641200 0.000000 255 255 255
v -0.571198 -6.967599 0.000000 255 255 255
v -2.857196 1.312801 0.000000 255 255 255
v -4.635201 7.764401 0.000000 255 255 255
v -4.889200 8.882001 0.000000 255 255 255
v -0.926797 6.545200 0.000000 255 255 255
v -4.127201 9.237600 0.000000 255 255 255
v -4.025596 9.288402 0.000000 255 255 255
v -1.231599 7.662801 0.000000 255 255 255
v -3.619195 9.390001 0.000000 255 255 255
v -4.889200 8.932801 0.000000 255 255 255
v -4.838398 8.932801 0.000000 255 255 255
v -4.838398 8.983601 0.000000 255 255 255
v -4.787595 9.034402 0.000000 255 255 255
v -4.736799 9.034402 0.000000 255 255 255
v -4.736799 9.085201 0.000000 255 255 255
v -3.466800 9.440801 0.000000 255 255 255
v -3.314399 9.440801 0.000000 255 255 255
v -1.485598 8.729601 0.000000 255 255 255
v -3.161998 9.491600 0.000000 255 255 255
v -3.060399 9.542401 0.000000 255 255 255
v -2.907998 9.593201 0.000000 255 255 255
v -2.704801 9.644002 0.000000 255 255 255
v -2.552400 9.694800 0.000000 255 255 255
v -2.501597 9.694800 0.000000 255 255 255
v -2.349196 9.745602 0.000000 255 255 255
v -2.196795 9.796401 0.000000 255 255 255
v -1.891999 9.796401 0.050800 255 255 255
v -1.841197 9.796401 0.000000 255 255 255
v -1.891999 9.796401 0.000000 255 255 255
v -2.501597 9.694800 21.437601 188 188 188
v -1.231599 7.662801 21.437601 188 188 188
v -2.196795 9.796401 21.437601 188 188 188
v -1.891999 9.847202 21.437601 188 188 188
v -1.891999 9.898002 21.437601 188 188 188
v -1.841197 9.847202 21.437601 188 188 188
v -1.841197 9.796401 21.437601 188 188 188
v -1.790401 9.796401 21.437601 188 188 188
v -4.889200 8.882001 21.437601 188 188 188
v -4.330398 6.697602 21.437601 188 188 188
v -2.755597 9.644002 21.437601 188 188 188
v -3.060399 9.542401 21.437601 188 188 188
v -3.314399 9.440801 21.437601 188 188 188
v -3.619195 9.390001 21.437601 188 188 188
v -3.873201 9.288402 21.437601 188 188 188
v -4.177997 9.237600 21.437601 188 188 188
v -4.736799 9.085201 21.437601 188 188 188
v -4.736799 9.034402 21.437601 188 188 188
v -4.787595 9.034402 21.437601 188 188 188
v -4.838398 8.983601 21.437601 188 188 188
v -4.889200 8.932801 21.437601 188 188 188
v -0.622001 5.529202 21.437601 188 188 188
v -3.720800 4.564000 21.437601 188 188 188
v 1.105201 -0.922399 21.437601 188 188 188
v -2.552400 0.246002 21.437601 188 188 188
v -1.993598 -1.887599 21.437601 188 188 188
v 1.714800 -3.055999 21.437601 188 188 188
v 2.883200 -7.323199 21.437601 188 188 188
v -0.774396 -6.205599 21.437601 188 188 188
v -0.215600 -8.339200 21.437601 188 188 188
v -1.384000 -4.072000 21.437601 188 188 188
v 3.899205 -11.844399 21.437601 188 188 188
v 3.543600 -11.895200 21.437601 188 188 188
v 3.848403 -11.844399 21.437601 188 188 188
v 2.121200 -12.301600 21.437601 188 188 188
v 0.394005 -10.523600 21.437601 188 188 188
v 1.867201 -12.403200 21.437601 188 188 188
v 2.730805 -12.149199 21.437601 188 188 188
v 2.984804 -12.098400 21.437601 188 188 188
v 1.308405 -12.555599 21.437601 188 188 188
v 1.003603 -12.657200 21.437601 188 188 188
v 3.899205 -11.793599 21.437601 188 188 188
v 3.950001 -11.793599 21.437601 188 188 188
v 3.950001 -11.742800 21.437601 188 188 188
v 4.000803 -11.742800 21.437601 188 188 188
v 4.000803 -11.691999 21.437601 188 188 188
v 4.000803 -11.641200 21.437601 188 188 188
v 3.289601 -11.996799 21.437601 188 188 188
v 1.562405 -12.454000 21.437601 188 188 188
v 2.426003 -12.250799 21.437601 188 188 188
v -0.063199 3.344801 21.437601 188 188 188
v -3.161998 2.379601 21.437601 188 188 188
v -1.942796 9.898002 21.437601 188 188 188
v 3.035601 -12.047600 20.929602 188 188 188
v 2.984804 -12.098400 20.929602 188 188 188
v 2.934002 -12.098400 20.929602 188 188 188
v -1.841197 9.847202 0.000000 255 255 255
v -1.841197 9.847202 7.010400 255 255 255
v -1.942796 9.898002 20.929602 188 188 188
v -1.942796 9.847202 20.929602 188 188 188
v -2.196795 9.796401 20.929602 188 188 188
v -1.993598 9.847202 20.929602 188 188 188
v -4.330398 6.697602 20.066000 188 188 188
v -4.025596 5.630802 20.066000 255 255 255
v -4.330398 6.697602 20.929602 188 188 188
v -0.317198 4.462402 20.066000 255 255 255
v 0.546400 1.262001 20.066000 255 255 255
v -4.736799 9.085201 20.929602 188 188 188
v -4.736799 9.085201 20.066000 255 255 255
v -4.635201 7.764401 20.066000 188 188 188
v -4.889200 8.882001 20.929602 188 188 188
v -4.889200 8.882001 20.066000 255 255 255
v -4.838398 8.983601 20.066000 255 255 255
v -4.787595 9.034402 20.929602 188 188 188
v -4.787595 9.034402 20.066000 255 255 255
v -4.838398 8.983601 20.929602 188 188 188
v -4.787595 8.475601 20.929602 188 188 188
v -3.720800 4.564000 20.929602 188 188 188
v -4.685997 8.069201 20.929602 188 188 188
v -4.228799 6.291201 20.929602 188 188 188
v -3.822399 4.919600 20.929602 188 188 188
v -0.622001 5.529202 20.929602 188 188 188
v -0.266396 4.157601 20.929602 188 188 188
v -0.164797 3.751200 20.929602 188 188 188
v -0.063199 3.344801 20.929602 188 188 188
v 0.698801 0.652401 20.929602 188 188 188
v 0.902004 -0.109599 20.929602 188 188 188
v -1.841197 9.796401 2.743200 255 255 255
v -1.841197 9.796401 3.200400 255 255 255
v -1.841197 9.796401 20.066000 188 188 188
v -1.790401 9.796401 20.066000 188 188 188
v -3.619195 4.157601 20.929602 188 188 188
v -1.891999 9.847202 20.066000 255 255 255
v -1.841197 9.847202 7.670800 255 255 255
v -3.517596 3.751200 20.929602 188 188 188
v -3.161998 2.379601 20.066000 255 255 255
v -3.161998 2.379601 20.929602 188 188 188
v -3.060399 2.024001 20.929602 188 188 188
v -2.857196 1.312801 20.066000 255 255 255
v -1.841197 9.847202 8.382000 255 255 255
v -2.653999 0.652401 20.929602 188 188 188
v -2.552400 0.246002 20.929602 188 188 188
v -1.891999 9.847202 13.360400 255 255 255
v -2.450795 -0.160399 20.929602 188 188 188
v -1.841197 9.847202 18.135601 255 255 255
v -1.841197 9.847202 13.665201 255 255 255
v -1.841197 9.847202 20.929602 188 188 188
v -1.841197 9.847202 20.066000 188 188 188
v -2.349196 -0.566799 20.929602 188 188 188
v -1.993598 -1.887599 20.066000 255 255 255
v -1.993598 -1.887599 20.929602 188 188 188
v -1.891999 -2.293999 20.929602 188 188 188
v -1.841197 9.847202 11.836400 255 255 255
v -1.841197 9.847202 11.887200 255 255 255
v -1.739598 -2.700399 20.929602 188 188 188
v -1.079198 -5.138800 20.066000 255 255 255
v -1.384000 -4.072000 20.929602 188 188 188
v 1.918003 -3.868799 20.929602 188 188 188
v 2.629200 -6.561199 20.929602 188 188 188
v 2.883200 -7.323199 20.929602 188 188 188
v -0.926797 -5.799199 20.929602 188 188 188
v -0.774396 -6.205599 20.929602 188 188 188
v -0.672797 -6.612000 20.929602 188 188 188
v -1.841197 9.796401 20.929602 188 188 188
v -0.571198 -6.967599 20.929602 188 188 188
v -0.215600 -8.339200 20.929602 188 188 188
v -0.114001 -8.745599 20.929602 188 188 188
v 0.089202 -9.406000 20.066000 255 255 255
v -0.926797 6.545200 20.066000 255 255 255
v 0.292400 -10.117200 20.929602 188 188 188
v 3.289601 -11.996799 20.929602 188 188 188
v 3.086403 -12.047600 20.929602 188 188 188
v 0.394005 -10.523600 20.929602 188 188 188
v 0.495603 -10.879200 20.929602 188 188 188
v 0.597202 -11.285600 20.929602 188 188 188
v 1.562405 -12.454000 20.929602 188 188 188
v 1.613201 -12.454000 20.929602 188 188 188
v 1.714800 -12.454000 20.066000 255 255 255
v 1.816404 -12.403200 20.929602 188 188 188
v 1.867201 -12.403200 20.929602 188 188 188
v 1.511602 -12.504800 20.929602 188 188 188
v 1.359201 -12.555599 20.929602 188 188 188
v 1.410004 -12.504800 20.066000 255 255 255
v 1.714800 -3.055999 20.066000 255 255 255
v 1.410004 -1.989199 20.066000 255 255 255
v 1.714800 -3.055999 20.929602 188 188 188
v 1.257602 -12.555599 20.929602 188 188 188
v 1.054399 -12.657200 20.929602 188 188 188
v 1.003603 -12.657200 20.929602 188 188 188
v 1.308405 -12.555599 20.929602 188 188 188
v 1.918003 -12.403200 20.929602 188 188 188
v 2.019602 -12.352400 20.066000 255 255 255
v 2.070404 -12.352400 20.929602 188 188 188
v 2.121200 -12.301600 20.929602 188 188 188
v 3.594403 -10.066400 20.929602 188 188 188
v 3.797600 -10.828400 20.929602 188 188 188
v 2.172003 -12.301600 20.929602 188 188 188
v 2.273602 -12.250799 20.066000 255 255 255
v 2.375200 -12.250799 20.929602 188 188 188
v 2.426003 -12.250799 20.929602 188 188 188
v 2.476805 -12.199999 20.929602 188 188 188
v -4.889200 8.932801 20.929602 188 188 188
v -4.889200 8.932801 20.066000 188 188 188
v 2.730805 -12.149199 20.929602 188 188 188
v 2.680002 -12.149199 20.929602 188 188 188
v 2.730805 -12.149199 20.066000 255 255 255
v 2.781601 -12.149199 20.929602 188 188 188
v 4.000803 -11.641200 20.929602 188 188 188
v 4.000803 -11.691999 20.929602 188 188 188
v 4.000803 -11.691999 20.066000 188 188 188
v 3.340403 -11.996799 20.929602 188 188 188
v 3.340403 -11.996799 0.000000 255 255 255
v 3.391199 -11.945999 20.929602 188 188 188
v 4.000803 -11.742800 20.929602 188 188 188
v 3.950001 -11.742800 20.929602 188 188 188
v 3.950001 -11.793599 20.929602 188 188 188
v 3.950001 -11.742800 20.066000 255 255 255
v 3.899205 -11.793599 20.066000 255 255 255
v 3.899205 -11.793599 20.929602 188 188 188
v 3.899205 -11.844399 20.929602 188 188 188
v 3.899205 -11.844399 20.066000 255 255 255
v 3.848403 -11.844399 20.929602 188 188 188
v 3.797600 -11.844399 20.929602 188 188 188
v 3.594403 -11.895200 20.929602 188 188 188
v 3.848403 -11.844399 20.066000 255 255 255
v 4.000803 -11.742800 20.066000 188 188 188
v -4.838398 8.932801 20.066000 188 188 188
v -1.282395 -4.427599 20.929602 188 188 188
v 1.105201 -0.922399 20.929602 188 188 188
v 1.511602 -2.293999 20.929602 188 188 188
v 1.613201 -2.649599 20.929602 188 188 188
v -4.838398 8.932801 20.929602 188 188 188
v -4.736799 9.034402 20.929602 188 188 188
v -4.635201 9.085201 20.929602 188 188 188
v -4.279596 9.186801 20.929602 188 188 188
v -4.177997 9.237600 20.929602 188 188 188
v -3.974800 9.288402 20.929602 188 188 188
v -4.127201 9.237600 20.066000 255 255 255
v -3.822399 9.339201 20.929602 188 188 188
v -3.669998 9.390001 20.929602 188 188 188
v -3.568399 9.390001 20.929602 188 188 188
v -3.365196 9.440801 20.929602 188 188 188
v -3.466800 9.440801 20.066000 255 255 255
v -3.314399 9.440801 20.929602 188 188 188
v -3.161998 9.491600 20.929602 188 188 188
v -3.314399 9.440801 20.066000 255 255 255
v -3.060399 9.542401 20.929602 188 188 188
v -2.857196 9.593201 20.929602 188 188 188
v -3.060399 9.542401 20.066000 188 188 188
v -2.755597 9.644002 20.929602 188 188 188
v -2.552400 9.694800 20.929602 188 188 188
v -2.704801 9.644002 20.066000 188 188 188
v -2.501597 9.694800 20.929602 188 188 188
v -2.298400 9.745602 20.929602 188 188 188
v -2.501597 9.694800 20.066000 188 188 188
v -1.891999 9.898002 20.929602 188 188 188
v -1.891999 9.847202 20.370800 255 255 255
v -1.891999 9.847202 20.929602 188 188 188
v -1.790401 9.796401 20.929602 188 188 188
v -1.434796 8.424801 20.929602 188 188 188
v -1.130000 7.256401 20.929602 188 188 188
v -0.723599 5.884801 20.929602 188 188 188
v -1.231599 7.662801 20.929602 188 188 188
v -1.333197 8.069201 20.929602 188 188 188
v -3.923997 9.288402 20.929602 188 188 188
v -3.873201 9.288402 20.929602 188 188 188
v -3.619195 9.390001 20.929602 188 188 188
v -1.485598 8.729601 20.066000 188 188 188
v -3.111196 9.542401 20.929602 188 188 188
v -2.806400 9.593201 20.929602 188 188 188
v -2.907998 9.593201 20.066000 188 188 188
v -2.552400 9.694800 20.066000 188 188 188
v -2.247598 9.796401 20.929602 188 188 188
v -2.349196 9.745602 20.066000 188 188 188

v -4.889200 8.882001 20.929602 188 188 188
v -4.889200 8.882001 21.437601 188 188 188
v -4.889200 8.882001 20.929602 188 188 188
v -4.889200 8.932801 21.437601 188 188 188
v -4.889200 8.932801 20.929602 188 188 188
v -4.889200 8.932801 21.437601 188 188 188
v -4.889200 8.932801 20.929602 188 188 188
v -4.838398 8.983601 21.437601 188 188 188
v -4.838398 8.932801 20.929602 188 188 188
v -4.787595 9.034402 20.929602 188 188 188
v -4.787595 9.034402 21.437601 188 188 188
v -4.787595 9.034402 21.437601 188 188 188
v -4.736799 9.034402 21.437601 188 188 188
v -4.736799 9.034402 21.437601 188 188 188
v -1.231599 7.662801 21.437601 188 188 188
v -4.736799 9.034402 21.437601 188 188 188
v -4.736799 9.085201 21.437601 188 188 188
v -4.736799 9.034402 20.929602 188 188 188
v -4.736799 9.085201 21.437601 188 188 188
v -4.279596 9.186801 20.929602 188 188 188
v -4.177997 9.237600 21.437601 188 188 188
v -4.177997 9.237600 20.929602 188 188 188
v -4.177997 9.237600 21.437601 188 188 188
v -4.177997 9.237600 20.929602 188 188 188
v -3.873201 9.288402 21.437601 188 188 188
v -3.873201 9.288402 21.437601 188 188 188
v -3.822399 9.339201 20.929602 188 188 188
v -3.873201 9.288402 21.437601 188 188 188
v -3.822399 9.339201 20.929602 188 188 188
v -3.619195 9.390001 21.437601 188 188 188
v -3.669998 9.390001 20.929602 188 188 188
v -3.619195 9.390001 21.437601 188 188 188
v -3.619195 9.390001 20.929602 188 188 188
v -3.619195 9.390001 21.437601 188 188 188
v -3.568399 9.390001 20.929602 188 188 188
v -3.619195 9.390001 21.437601 188 188 188
v -3.568399 9.390001 20.929602 188 188 188
v -3.314399 9.440801 21.437601 188 188 188
v -3.111196 9.542401 20.929602 188 188 188
v -3.060399 9.542401 21.437601 188 188 188
v -2.806400 9.593201 20.929602 188 188 188
v -2.857196 9.593201 20.929602 188 188 188
v -2.806400 9.593201 20.929602 188 188 188
v -2.755597 9.644002 21.437601 188 188 188
v -2.755597 9.644002 20.929602 188 188 188
v -2.755597 9.644002 21.437601 188 188 188
v -2.755597 9.644002 20.929602 188 188 188
v -2.501597 9.694800 21.437601 188 188 188
v -2.552400 9.694800 20.929602 188 188 188
v -2.501597 9.694800 20.929602 188 188 188
v -2.704801 9.644002 20.066000 188 188 188
v -2.247598 9.796401 20.929602 188 188 188
v -2.298400 9.745602 20.929602 188 188 188
v -2.247598 9.796401 20.929602 188 188 188
v -2.196795 9.796401 21.437601 188 188 188
v -2.196795 9.796401 20.929602 188 188 188
v -2.196795 9.796401 21.437601 188 188 188
v -2.196795 9.796401 20.929602 188 188 188
v -1.942796 9.898002 21.437601 188 188 188
v -1.993598 9.847202 20.929602 188 188 188
v -1.942796 9.898002 21.437601 188 188 188
v -1.942796 9.847202 20.929602 188 188 188
v -1.942796 9.898002 21.437601 188 188 188
v -1.790401 9.796401 20.066000 188 188 188
v -1.333197 8.069201 20.929602 188 188 188
v -1.434796 8.424801 20.929602 188 188 188
v -1.231599 7.662801 21.437601 188 188 188
v -1.333197 8.069201 20.929602 188 188 188
v -1.231599 7.662801 21.437601 188 188 188
v -1.231599 7.662801 21.437601 188 188 188
v -1.231599 7.662801 20.929602 188 188 188
v -0.622001 5.529202 20.929602 188 188 188
v -0.622001 5.529202 21.437601 188 188 188
v -0.622001 5.529202 20.929602 188 188 188
v -0.063199 3.344801 21.437601 188 188 188
v -0.063199 3.344801 21.437601 188 188 188
v -0.063199 3.344801 20.929602 188 188 188
v -0.063199 3.344801 21.437601 188 188 188
v -0.063199 3.344801 20.929602 188 188 188
v 1.105201 -0.922399 21.437601 188 188 188
v 1.105201 -0.922399 21.437601 188 188 188
v 1.105201 -0.922399 20.929602 188 188 188
v 1.105201 -0.922399 21.437601 188 188 188
v 1.105201 -0.922399 20.929602 188 188 188
v 1.714800 -3.055999 21.437601 188 188 188
v 1.714800 -3.055999 21.437601 188 188 188
v 1.714800 -3.055999 21.437601 188 188 188
v 1.714800 -3.055999 20.929602 188 188 188
v -4.330398 6.697602 20.929602 188 188 188
v -4.330398 6.697602 21.437601 188 188 188
v -4.889200 8.882001 21.437601 188 188 188
v -4.330398 6.697602 20.929602 188 188 188
v -4.889200 8.882001 21.437601 188 188 188
v -1.231599 7.662801 21.437601 188 188 188
v -4.889200 8.882001 21.437601 188 188 188
v -4.330398 6.697602 21.437601 188 188 188
v -4.330398 6.697602 21.437601 188 188 188
v -0.622001 5.529202 21.437601 188 188 188
v -1.231599 7.662801 21.437601 188 188 188
v -0.622001 5.529202 21.437601 188 188 188
v -4.330398 6.697602 21.437601 188 188 188
v -3.720800 4.564000 21.437601 188 188 188
v -4.330398 6.697602 21.437601 188 188 188
v -3.720800 4.564000 21.437601 188 188 188
v -3.822399 4.919600 20.929602 188 188 188
v -3.720800 4.564000 21.437601 188 188 188
v -3.720800 4.564000 20.929602 188 188 188
v -3.619195 4.157601 20.929602 188 188 188
v -3.720800 4.564000 21.437601 188 188 188
v -3.720800 4.564000 21.437601 188 188 188
v -3.517596 3.751200 20.929602 188 188 188
v -3.161998 2.379601 20.929602 188 188 188
v -3.161998 2.379601 21.437601 188 188 188
v -3.060399 2.024001 20.929602 188 188 188
v -2.653999 0.652401 20.929602 188 188 188
v -3.161998 2.379601 21.437601 188 188 188
v -0.063199 3.344801 21.437601 188 188 188
v -3.161998 2.379601 21.437601 188 188 188
v -2.552400 0.246002 21.437601 188 188 188
v -0.063199 3.344801 21.437601 188 188 188
v -3.720800 4.564000 21.437601 188 188 188
v -3.161998 2.379601 21.437601 188 188 188
v -2.653999 0.652401 20.929602 188 188 188
v -2.552400 0.246002 21.437601 188 188 188
v -2.552400 0.246002 21.437601 188 188 188
v -2.552400 0.246002 20.929602 188 188 188
v -2.450795 -0.160399 20.929602 188 188 188
v -2.552400 0.246002 21.437601 188 188 188
v -2.552400 0.246002 21.437601 188 188 188
v -2.349196 -0.566799 20.929602 188 188 188
v -1.993598 -1.887599 20.929602 188 188 188
v -1.891999 -2.293999 20.929602 188 188 188
v -1.993598 -1.887599 21.437601 188 188 188
v -1.993598 -1.887599 21.437601 188 188 188
v -1.739598 -2.700399 20.929602 188 188 188
v -1.384000 -4.072000 20.929602 188 188 188
v -1.384000 -4.072000 21.437601 188 188 188
v -1.282395 -4.427599 20.929602 188 188 188
v -0.926797 -5.799199 20.929602 188 188 188
v -1.384000 -4.072000 21.437601 188 188 188
v 1.714800 -3.055999 21.437601 188 188 188
v -1.384000 -4.072000 21.437601 188 188 188
v -0.774396 -6.205599 21.437601 188 188 188
v -0.774396 -6.205599 21.437601 188 188 188
v 1.714800 -3.055999 21.437601 188 188 188
v 2.883200 -7.323199 21.437601 188 188 188
v -0.774396 -6.205599 21.437601 188 188 188
v 2.883200 -7.323199 21.437601 188 188 188
v -0.215600 -8.339200 21.437601 188 188 188
v 2.883200 -7.323199 21.437601 188 188 188
v 0.394005 -10.523600 21.437601 188 188 188
v 2.883200 -7.323199 21.437601 188 188 188
v 2.121200 -12.301600 21.437601 188 188 188
v 2.883200 -7.323199 21.437601 188 188 188
v 2.426003 -12.250799 21.437601 188 188 188
v 2.730805 -12.149199 21.437601 188 188 188
v 2.883200 -7.323199 21.437601 188 188 188
v 2.883200 -7.323199 21.437601 188 188 188
v 2.984804 -12.098400 21.437601 188 188 188
v 3.289601 -11.996799 21.437601 188 188 188
v 2.984804 -12.098400 21.437601 188 188 188
v 3.289601 -11.996799 20.929602 188 188 188
v 3.289601 -11.996799 21.437601 188 188 188
v 3.340403 -11.996799 20.929602 188 188 188
v 3.289601 -11.996799 21.437601 188 188 188
v 3.289601 -11.996799 21.437601 188 188 188
v 3.391199 -11.945999 20.929602 188 188 188
v 2.883200 -7.323199 20.929602 188 188 188
v 2.883200 -7.323199 21.437601 188 188 188
v 4.000803 -11.641200 21.437601 188 188 188
v 4.000803 -11.641200 21.437601 188 188 188
v 2.883200 -7.323199 21.437601 188 188 188
v 4.000803 -11.641200 21.437601 188 188 188
v 3.543600 -11.895200 21.437601 188 188 188
v 4.000803 -11.641200 21.437601 188 188 188
v 4.000803 -11.691999 21.437601 188 188 188
v 4.000803 -11.641200 20.929602 188 188 188
v 4.000803 -11.691999 21.437601 188 188 188
v 3.543600 -11.895200 21.437601 188 188 188
v 3.543600 -11.895200 20.929602 188 188 188
v 3.594403 -11.895200 20.929602 188 188 188
v 3.543600 -11.895200 21.437601 188 188 188
v 3.797600 -11.844399 20.929602 188 188 188
v 3.543600 -11.895200 21.437601 188 188 188
v 3.543600 -11.895200 21.437601 188 188 188
v 3.848403 -11.844399 21.437601 188 188 188
v 3.899205 -11.844399 21.437601 188 188 188
v 3.848403 -11.844399 21.437601 188 188 188
v 3.543600 -11.895200 21.437601 188 188 188
v 3.899205 -11.844399 21.437601 188 188 188
v 3.899205 -11.793599 21.437601 188 188 188
v 3.899205 -11.844399 21.437601 188 188 188
v 3.543600 -11.895200 21.437601 188 188 188
v 3.899205 -11.793599 21.437601 188 188 188
v 3.950001 -11.793599 21.437601 188 188 188
v 3.899205 -11.793599 21.437601 188 188 188
v 3.543600 -11.895200 21.437601 188 188 188
v 3.950001 -11.793599 21.437601 188 188 188
v 3.950001 -11.742800 21.437601 188 188 188
v 3.950001 -11.793599 21.437601 188 188 188
v 4.000803 -11.742800 20.929602 188 188 188
v 3.950001 -11.742800 21.437601 188 188 188
v 3.950001 -11.742800 20.929602 188 188 188
v 4.000803 -11.742800 20.929602 188 188 188
v 3.950001 -11.742800 21.437601 188 188 188
v 4.000803 -11.742800 21.437601 188 188 188
v 3.543600 -11.895200 21.437601 188 188 188
v 3.950001 -11.742800 21.437601 188 188 188
v 3.797600 -11.844399 20.929602 188 188 188
v 3.848403 -11.844399 21.437601 188 188 188
v 3.899205 -11.844399 20.929602 188 188 188
v 3.848403 -11.844399 21.437601 188 188 188
v 3.848403 -11.844399 20.929602 188 188 188
v 3.899205 -11.793599 20.929602 188 188 188
v 3.899205 -11.844399 21.437601 188 188 188
v 3.899205 -11.844399 20.929602 188 188 188
v 3.899205 -11.793599 20.929602 188 188 188
v 3.950001 -11.793599 20.929602 188 188 188
v 3.899205 -11.793599 21.437601 188 188 188
v 3.950001 -11.742800 20.929602 188 188 188
v 3.950001 -11.793599 21.437601 188 188 188
v 3.950001 -11.793599 20.929602 188 188 188
v 4.000803 -11.691999 20.929602 188 188 188
v 4.000803 -11.742800 21.437601 188 188 188
v 4.000803 -11.742800 20.929602 188 188 188
v 4.000803 -11.691999 20.929602 188 188 188
v 4.000803 -11.691999 21.437601 188 188 188
v 4.000803 -11.742800 21.437601 188 188 188
v 4.000803 -11.641200 20.929602 188 188 188
v 4.000803 -11.641200 21.437601 188 188 188
v 4.000803 -11.691999 21.437601 188 188 188
v 3.543600 -11.895200 21.437601 188 188 188
v 4.000803 -11.742800 21.437601 188 188 188
v 2.883200 -7.323199 20.929602 188 188 188
v 2.883200 -7.323199 21.437601 188 188 188
v -0.774396 -6.205599 21.437601 188 188 188
v -0.672797 -6.612000 20.929602 188 188 188
v -0.774396 -6.205599 21.437601 188 188 188
v -0.774396 -6.205599 21.437601 188 188 188
v -0.571198 -6.967599 20.929602 188 188 188
v -0.215600 -8.339200 20.929602 188 188 188
v -0.215600 -8.339200 21.437601 188 188 188
v -0.215600 -8.339200 21.437601 188 188 188
v -0.114001 -8.745599 20.929602 188 188 188
v 0.292400 -10.117200 20.929602 188 188 188
v 0.394005 -10.523600 21.437601 188 188 188
v 0.394005 -10.523600 21.437601 188 188 188
v 0.394005 -10.523600 20.929602 188 188 188
v 0.495603 -10.879200 20.929602 188 188 188
v 0.394005 -10.523600 21.437601 188 188 188
v 0.394005 -10.523600 21.437601 188 188 188
v 0.597202 -11.285600 20.929602 188 188 188
v 1.562405 -12.454000 20.929602 188 188 188
v 1.562405 -12.454000 21.437601 188 188 188
v 1.511602 -12.504800 20.929602 188 188 188
v 1.562405 -12.454000 21.437601 188 188 188
v 1.511602 -12.504800 20.929602 188 188 188
v 1.308405 -12.555599 21.437601 188 188 188
v 1.308405 -12.555599 21.437601 188 188 188
v 1.257602 -12.555599 20.929602 188 188 188
v 1.308405 -12.555599 21.437601 188 188 188
v 1.257602 -12.555599 20.929602 188 188 188
v 1.003603 -12.657200 21.437601 188 188 188
v 1.308405 -12.555599 21.437601 188 188 188
v 0.394005 -10.523600 21.437601 188 188 188
v 1.003603 -12.657200 21.437601 188 188 188
v 1.308405 -12.555599 20.929602 188 188 188
v 1.359201 -12.555599 20.929602 188 188 188
v 1.308405 -12.555599 21.437601 188 188 188
v 1.562405 -12.454000 21.437601 188 188 188
v 0.394005 -10.523600 21.437601 188 188 188
v 1.308405 -12.555599 21.437601 188 188 188
v 0.394005 -10.523600 21.437601 188 188 188
v 1.562405 -12.454000 21.437601 188 188 188
v 1.867201 -12.403200 21.437601 188 188 188
v 1.562405 -12.454000 21.437601 188 188 188
v 1.816404 -12.403200 20.929602 188 188 188
v 1.867201 -12.403200 21.437601 188 188 188
v 1.867201 -12.403200 20.929602 188 188 188
v 1.867201 -12.403200 21.437601 188 188 188
v 1.867201 -12.403200 21.437601 188 188 188
v 1.918003 -12.403200 20.929602 188 188 188
v 2.070404 -12.352400 20.929602 188 188 188
v 2.121200 -12.301600 21.437601 188 188 188
v 2.121200 -12.301600 20.929602 188 188 188
v 2.121200 -12.301600 21.437601 188 188 188
v 2.121200 -12.301600 21.437601 188 188 188
v 2.172003 -12.301600 20.929602 188 188 188
v 2.375200 -12.250799 20.929602 188 188 188
v 2.426003 -12.250799 21.437601 188 188 188
v 2.426003 -12.250799 20.929602 188 188 188
v 2.426003 -12.250799 21.437601 188 188 188
v 2.426003 -12.250799 21.437601 188 188 188
v 2.476805 -12.199999 20.929602 188 188 188
v 2.984804 -12.098400 21.437601 188 188 188
v 3.035601 -12.047600 20.929602 188 188 188
v 2.984804 -12.098400 21.437601 188 188 188
v 2.984804 -12.098400 20.929602 188 188 188
v 2.984804 -12.098400 21.437601 188 188 188
v 2.934002 -12.098400 20.929602 188 188 188
v 2.730805 -12.149199 21.437601 188 188 188
v 2.781601 -12.149199 20.929602 188 188 188
v 2.730805 -12.149199 21.437601 188 188 188
v 2.680002 -12.149199 20.929602 188 188 188
v 2.730805 -12.149199 20.929602 188 188 188
v 2.730805 -12.149199 21.437601 188 188 188
v 2.070404 -12.352400 20.929602 188 188 188
v 2.121200 -12.301600 21.437601 188 188 188
v 1.867201 -12.403200 21.437601 188 188 188
v 1.816404 -12.403200 20.929602 188 188 188
v 1.562405 -12.454000 21.437601 188 188 188
v 1.613201 -12.454000 20.929602 188 188 188
v 1.003603 -12.657200 20.929602 188 188 188
v 1.054399 -12.657200 20.929602 188 188 188
v 1.003603 -12.657200 21.437601 188 188 188
v 1.003603 -12.657200 20.929602 188 188 188
v 1.003603 -12.657200 21.437601 188 188 188
v 0.394005 -10.523600 21.437601 188 188 188
v 3.797600 -10.828400 20.929602 188 188 188
v 3.594403 -10.066400 20.929602 188 188 188
v 4.000803 -11.641200 21.437601 188 188 188
v 3.543600 -11.895200 21.437601 188 188 188
v 3.289601 -11.996799 21.437601 188 188 188
v 3.543600 -11.895200 20.929602 188 188 188
v 3.289601 -11.996799 20.929602 188 188 188
v 2.984804 -12.098400 21.437601 188 188 188
v 3.086403 -12.047600 20.929602 188 188 188
v 3.543600 -11.895200 21.437601 188 188 188
v 2.883200 -7.323199 21.437601 188 188 188
v 3.289601 -11.996799 21.437601 188 188 188
v 2.934002 -12.098400 20.929602 188 188 188
v 2.984804 -12.098400 21.437601 188 188 188
v 2.730805 -12.149199 21.437601 188 188 188
v 2.680002 -12.149199 20.929602 188 188 188
v 2.730805 -12.149199 21.437601 188 188 188
v 2.426003 -12.250799 21.437601 188 188 188
v 2.375200 -12.250799 20.929602 188 188 188
v 2.426003 -12.250799 21.437601 188 188 188
v 2.121200 -12.301600 21.437601 188 188 188
v 2.121200 -12.301600 21.437601 188 188 188
v 0.394005 -10.523600 21.437601 188 188 188
v 1.867201 -12.403200 21.437601 188 188 188
v 0.292400 -10.117200 20.929602 188 188 188
v 0.394005 -10.523600 21.437601 188 188 188
v -0.215600 -8.339200 21.437601 188 188 188
v -0.215600 -8.339200 20.929602 188 188 188
v -0.215600 -8.339200 21.437601 188 188 188
v -0.774396 -6.205599 21.437601 188 188 188
v 1.714800 -3.055999 21.437601 188 188 188
v -1.993598 -1.887599 21.437601 188 188 188
v -1.384000 -4.072000 21.437601 188 188 188
v -0.926797 -5.799199 20.929602 188 188 188
v -0.774396 -6.205599 20.929602 188 188 188
v -0.774396 -6.205599 21.437601 188 188 188
v -1.384000 -4.072000 20.929602 188 188 188
v -1.384000 -4.072000 21.437601 188 188 188
v -1.993598 -1.887599 21.437601 188 188 188
v -1.993598 -1.887599 20.929602 188 188 188
v -1.993598 -1.887599 21.437601 188 188 188
v -2.552400 0.246002 21.437601 188 188 188
v 1.105201 -0.922399 21.437601 188 188 188
v -2.552400 0.246002 21.437601 188 188 188
v -1.993598 -1.887599 21.437601 188 188 188
v -3.161998 2.379601 20.929602 188 188 188
v -3.161998 2.379601 21.437601 188 188 188
v -3.720800 4.564000 21.437601 188 188 188
v -3.822399 4.919600 20.929602 188 188 188
v -4.330398 6.697602 21.437601 188 188 188
v -4.228799 6.291201 20.929602 188 188 188
v -4.787595 8.475601 20.929602 188 188 188
v -4.685997 8.069201 20.929602 188 188 188
v 1.918003 -3.868799 20.929602 188 188 188
v 2.883200 -7.323199 21.437601 188 188 188
v 2.629200 -6.561199 20.929602 188 188 188
v 1.918003 -3.868799 20.929602 188 188 188
v 1.714800 -3.055999 21.437601 188 188 188
v 2.883200 -7.323199 21.437601 188 188 188
v 1.613201 -2.649599 20.929602 188 188 188
v 1.511602 -2.293999 20.929602 188 188 188
v 1.714800 -3.055999 21.437601 188 188 188
v -1.993598 -1.887599 21.437601 188 188 188
v 1.714800 -3.055999 21.437601 188 188 188
v 1.105201 -0.922399 21.437601 188 188 188
v 0.902004 -0.109599 20.929602 188 188 188
v 0.698801 0.652401 20.929602 188 188 188
v 1.105201 -0.922399 21.437601 188 188 188
v -2.552400 0.246002 21.437601 188 188 188
v 1.105201 -0.922399 21.437601 188 188 188
v -0.063199 3.344801 21.437601 188 188 188
v -0.164797 3.751200 20.929602 188 188 188
v -0.266396 4.157601 20.929602 188 188 188
v -0.063199 3.344801 21.437601 188 188 188
v -3.720800 4.564000 21.437601 188 188 188
v -0.063199 3.344801 21.437601 188 188 188
v -0.622001 5.529202 21.437601 188 188 188
v -1.130000 7.256401 20.929602 188 188 188
v -0.622001 5.529202 21.437601 188 188 188
v -0.723599 5.884801 20.929602 188 188 188
v -1.130000 7.256401 20.929602 188 188 188
v -1.231599 7.662801 21.437601 188 188 188
v -0.622001 5.529202 21.437601 188 188 188
v -1.333197 8.069201 20.929602 188 188 188
v -1.790401 9.796401 20.066000 188 188 188
v -1.790401 9.796401 20.929602 188 188 188
v -1.231599 7.662801 21.437601 188 188 188
v -1.434796 8.424801 20.929602 188 188 188
v -1.790401 9.796401 20.929602 188 188 188
v -1.231599 7.662801 21.437601 188 188 188
v -1.790401 9.796401 21.437601 188 188 188
v -1.231599 7.662801 21.437601 188 188 188
v -2.196795 9.796401 21.437601 188 188 188
v -1.231599 7.662801 21.437601 188 188 188
v -1.841197 9.796401 21.437601 188 188 188
v -2.196795 9.796401 21.437601 188 188 188
v -1.841197 9.796401 21.437601 188 188 188
v -2.196795 9.796401 21.437601 188 188 188
v -1.841197 9.847202 21.437601 188 188 188
v -2.196795 9.796401 21.437601 188 188 188
v -1.891999 9.847202 21.437601 188 188 188
v -1.891999 9.898002 21.437601 188 188 188
v -1.891999 9.847202 21.437601 188 188 188
v -1.891999 9.898002 20.929602 188 188 188
v -1.891999 9.847202 21.437601 188 188 188
v -1.891999 9.847202 20.929602 188 188 188
v -1.841197 9.847202 21.437601 188 188 188
v -1.841197 9.847202 20.929602 188 188 188
v -1.891999 9.847202 20.929602 188 188 188
v -1.891999 9.847202 21.437601 188 188 188
v -1.841197 9.847202 21.437601 188 188 188
v -1.841197 9.847202 20.929602 188 188 188
v -1.841197 9.847202 21.437601 188 188 188
v -1.841197 9.796401 21.437601 188 188 188
v -2.501597 9.694800 21.437601 188 188 188
v -1.231599 7.662801 21.437601 188 188 188
v -2.196795 9.796401 21.437601 188 188 188
v -2.501597 9.694800 20.929602 188 188 188
v -2.501597 9.694800 21.437601 188 188 188
v -2.196795 9.796401 21.437601 188 188 188
v -1.841197 9.796401 21.437601 188 188 188
v -1.790401 9.796401 21.437601 188 188 188
v -1.841197 9.796401 20.929602 188 188 188
v -1.841197 9.796401 20.929602 188 188 188
v -1.790401 9.796401 21.437601 188 188 188
v -1.790401 9.796401 20.929602 188 188 188
v -1.841197 9.847202 20.929602 188 188 188
v -1.841197 9.796401 21.437601 188 188 188
v -1.841197 9.796401 20.929602 188 188 188
v -1.942796 9.898002 20.929602 188 188 188
v -1.891999 9.898002 21.437601 188 188 188
v -1.891999 9.898002 20.929602 188 188 188
v -1.942796 9.898002 20.929602 188 188 188
v -1.942796 9.898002 21.437601 188 188 188
v -1.891999 9.898002 21.437601 188 188 188
v -2.196795 9.796401 21.437601 188 188 188
v -1.891999 9.898002 21.437601 188 188 188
v -1.942796 9.898002 21.437601 188 188 188
v -2.247598 9.796401 20.929602 188 188 188
v -2.501597 9.694800 20.066000 188 188 188
v -2.501597 9.694800 20.929602 188 188 188
v -2.196795 9.796401 21.437601 188 188 188
v -2.298400 9.745602 20.929602 188 188 188
v -2.501597 9.694800 20.929602 188 188 188
v -2.552400 9.694800 20.929602 188 188 188
v -2.501597 9.694800 21.437601 188 188 188
v -2.755597 9.644002 21.437601 188 188 188
v -1.231599 7.662801 21.437601 188 188 188
v -2.501597 9.694800 21.437601 188 188 188
v -3.060399 9.542401 21.437601 188 188 188
v -1.231599 7.662801 21.437601 188 188 188
v -2.755597 9.644002 21.437601 188 188 188
v -3.314399 9.440801 21.437601 188 188 188
v -1.231599 7.662801 21.437601 188 188 188
v -3.060399 9.542401 21.437601 188 188 188
v -3.314399 9.440801 21.437601 188 188 188
v -3.060399 9.542401 21.437601 188 188 188
v -2.806400 9.593201 20.929602 188 188 188
v -3.060399 9.542401 20.066000 188 188 188
v -3.060399 9.542401 20.929602 188 188 188
v -2.755597 9.644002 21.437601 188 188 188
v -2.857196 9.593201 20.929602 188 188 188
v -3.060399 9.542401 20.929602 188 188 188
v -3.060399 9.542401 21.437601 188 188 188
v -2.755597 9.644002 21.437601 188 188 188
v -3.314399 9.440801 20.929602 188 188 188
v -3.060399 9.542401 21.437601 188 188 188
v -3.161998 9.491600 20.929602 188 188 188
v -3.314399 9.440801 20.929602 188 188 188
v -3.365196 9.440801 20.929602 188 188 188
v -3.314399 9.440801 21.437601 188 188 188
v -3.619195 9.390001 21.437601 188 188 188
v -1.231599 7.662801 21.437601 188 188 188
v -3.314399 9.440801 21.437601 188 188 188
v -3.873201 9.288402 21.437601 188 188 188
v -1.231599 7.662801 21.437601 188 188 188
v -3.619195 9.390001 21.437601 188 188 188
v -3.873201 9.288402 20.929602 188 188 188
v -3.873201 9.288402 21.437601 188 188 188
v -3.923997 9.288402 20.929602 188 188 188
v -3.974800 9.288402 20.929602 188 188 188
v -3.873201 9.288402 21.437601 188 188 188
v -4.177997 9.237600 21.437601 188 188 188
v -1.231599 7.662801 21.437601 188 188 188
v -3.873201 9.288402 21.437601 188 188 188
v -4.635201 9.085201 20.929602 188 188 188
v -4.736799 9.085201 21.437601 188 188 188
v -4.177997 9.237600 21.437601 188 188 188
v -4.736799 9.085201 20.929602 188 188 188
v -4.736799 9.085201 21.437601 188 188 188
v -4.635201 9.085201 20.929602 188 188 188
v -4.736799 9.085201 21.437601 188 188 188
v -1.231599 7.662801 21.437601 188 188 188
v -4.177997 9.237600 21.437601 188 188 188
v -4.838398 8.983601 21.437601 188 188 188
v -1.231599 7.662801 21.437601 188 188 188
v -4.787595 9.034402 21.437601 188 188 188
v -4.787595 9.034402 20.929602 188 188 188
v -4.736799 9.034402 21.437601 188 188 188
v -4.736799 9.034402 20.929602 188 188 188
v -4.838398 8.983601 20.929602 188 188 188
v -4.838398 8.983601 21.437601 188 188 188
v -4.787595 9.034402 21.437601 188 188 188
v -4.838398 8.983601 21.437601 188 188 188
v -4.838398 8.983601 20.929602 188 188 188
v -4.838398 8.932801 20.929602 188 188 188
v -4.889200 8.932801 21.437601 188 188 188
v -1.231599 7.662801 21.437601 188 188 188
v -4.838398 8.983601 21.437601 188 188 188
v -4.889200 8.882001 21.437601 188 188 188
v -1.231599 7.662801 21.437601 188 188 188
v -4.889200 8.932801 21.437601 188 188 188
v -4.787595 8.475601 20.929602 188 188 188
v -4.685997 8.069201 20.929602 188 188 188
v -4.889200 8.882001 21.437601 188 188 188
v -4.787595 8.475601 20.929602 188 188 188
v -4.330398 6.697602 20.066000 188 188 188

f 2888 2894 2826
f 3052 3053 2838
f 2979 3054 3055
f 3056 3057 2837
f 3058 3059 3009
f 3060 3004 2980
f 2893 2836 2891
f 2835 3061 3062
f 3063 2819 3064
f 3065 3066 2834
f 3010 3067 3068
f 3069 3070 2885
f 3011 2833 3012
f 3013 3071 3072
f 3073 3074 2832
f 3075 3076 3014
f 3016 3043 3077
f 3078 3079 2831
f 3080 3081 3017
f 3082 3083 3044
f 3018 3084 3085
f 3086 3087 2830
f 3088 3089 3019
f 3046 3022 2829
f 3090 3091 3024
f 3047 3026 3025
f 3092 3093 2828
f 3027 3094 3095
f 3096 3097 2818
f 3098 3099 3028
f 3030 3029 3100
f 3101 3049 3102
f 3050 3032 3031
f 3103 3104 2820
f 2878 3105 3106
f 3107 3108 2870
f 3109 3110 2879
f 2877 3111 3112
f 3113 3114 2876
f 2924 2941 2925
f 3036 2908 2907
f 3041 3115 3037
f 3116 3117 3118
f 3040 3119 3120
f 3121 3038 3122
f 2899 3039 2839
f 3123 3124 2868
f 3125 3126 2900
f 2902 2901 3127
f 3128 3129 2841
f 3130 3131 2903
f 3006 2904 3132
f 3133 3134 2844
f 3135 3136 3007
f 2963 3008 3137
f 3138 2935 3139
f 2882 2897 2827
f 3140 3141 3142
f 3143 3144 2896
f 3145 3146 3147
f 3148 3149 3150
f 3151 3152 2840
f 2898 3153 3154
f 2895 3155 3156
f 3157 3158 2909
f 3159 2912 3160
f 2914 3161 3162
f 3163 2915 2869
f 2918 3164 3165
f 3166 2842 3167
f 3168 3169 3170
f 3171 3172 3173
f 3174 2919 3175
f 3176 3177 2921
f 3178 2926 3179
f 2928 3180 3181
f 2843 3182 2929
f 3183 2932 3184
f 2934 3185 3186
f 3187 3005 2848
f 2938 3188 3189
f 3190 2846 3191
f 3192 3193 3194
f 3195 2845 3196
f 3197 3198 2847
f 3199 3200 2853
f 3201 3202 2852
f 3203 3204 2867
f 3205 3206 2855
f 3207 2856 3208
f 2865 3209 3210
f 3211 3212 2948
f 3213 2988 3214
f 3215 2990 3216
f 2765 3217 3218
f 2937 2864 2972
f 3219 3220 3221
f 3222 3223 2850
f 3224 3225 2863
f 2985 3226 3227
f 3228 3229 2986
f 2991 3003 2987
f 3000 3230 3001
f 3231 3232 3233
f 3234 2851 3235
f 2849 3236 3237
f 2997 3238 3239
f 2859 3240 3241
f 2996 3242 3243
f 2860 3244 3245
f 3246 3247 2993
f 2861 3248 3249
f 2992 3250 3251
f 3252 3253 3254
f 3255 2862 3256
f 3257 3258 3259
f 3260 2999 3261
f 3262 3263 3264
f 3265 3266 3267
f 3268 3269 3270
f 3271 3272 3273
f 3274 3275 3276
f 3277 3278 3279
f 3280 2973 3281
f 3282 3283 3284
f 3285 2936 3286
f 3287 2939 2940
f 3288 2942 3289
f 2943 3290 3291
f 3292 2944 3293
f 2947 3294 3295
f 3296 2950 3297
f 3298 3299 2951
f 3300 2952 3301
f 2966 3302 3303
f 2953 2954 2866
f 2958 3304 3305
f 3306 3307 2857
f 3308 3309 2959
f 2964 2967 3310
f 3311 3312 2858
f 3313 3314 2965
f 3315 3316 3317
f 3318 3319 3320
f 3321 3322 3323
f 2854 3324 3325
f 2956 3326 3327
f 3328 2957 3329
f 3330 2968 3331
f 2970 3332 3333
f 3334 2971 3335
f 3336 2974 3337
f 2976 3338 3339
f 3340 2977 3341
f 3342 2978 3343
f 2982 3344 3345
f 2871 2949 3346
f 2872 3347 3348
f 2873 3349 3350
f 3351 3352 2984
f 2981 3353 3354
f 3355 3356 3357
f 3358 3359 3360
f 3361 3362 3363
f 3364 3365 3366
f 3367 3368 3369
f 3370 3371 3372
f 3373 3374 3375
f 3376 3377 3378
f 3379 3380 3381
f 3382 3383 3384
f 3385 3386 3387
f 3388 3389 3390
f 3391 3392 3393
f 3394 3395 3396
f 3397 3398 3399
f 3400 3401 3402
f 3403 3404 3405
f 3406 3407 3408
f 3409 3410 3411
f 3412 3413 3414
f 3415 3416 3417
f 3418 3419 3420
f 3421 2880 3422
f 3423 3424 3425
f 3426 3427 3428
f 3429 3430 3431
f 3432 3433 3434
f 3435 3436 3437
f 3438 3439 3440
f 3441 3442 3443
f 3444 3445 3446
f 3447 3448 3449
f 3450 3451 3452
f 3453 3045 3454
f 3455 3456 3457
f 3458 2825 3459
f 3460 2824 3461
f 3462 3463 3464
f 3465 3466 2823
f 3467 3468 2821
f 3469 3470 2822
f 3033 3471 3472
f 3473 3474 3035
f 3475 3476 3477
f 3478 3479 3480
f 3481 3482 3483
f 3484 3485 3486
f 3487 3488 3489
f 3490 3491 3492
f 3493 3494 3495
f 3496 3497 3498
f 3499 3500 3501
f 3502 3503 3504
f 3505 3506 3507
f 3508 3051 3509
f 3510 3511 3512
f 3513 3514 3515
f 3516 3517 3518
f 3519 3520 3521
f 3522 3523 3524
f 3021 3525 3526
f 3527 3048 3528
f 3529 3530 3531
f 3532 3533 3534
f 3535 3536 3537
f 3538 3539 3540
f 3541 3542 3543
f 3544 3545 3546
f 3547 3042 3548
f 3549 3550 3551
f 3552 3553 3554
f 3555 3556 3557
f 3558 3559 3560
f 3561 3562 3563
f 3564 3565 3566
f 3567 3568 3569
f 3570 3571 3572
f 3573 3574 3575
f 3576 3577 3578
f 3579 3580 3581
f 3582 3583 3584
f 3585 2887 3586

usemtl BaseColor_0
f 2741 2742 2743
f 2814 2741 2743
f 2813 2814 2743
f 2812 2813 2743
f 2811 2812 2743
f 2810 2811 2743
f 2810 2743 2806
f 2809 2810 2806
f 2808 2809 2806
f 2807 2808 2806
f 2805 2807 2806
f 2804 2805 2806
f 2804 2806 2796
f 2797 2804 2796
f 2795 2797 2796
f 2794 2795 2796
f 2794 2796 2793
f 2803 2794 2793
f 2802 2803 2793
f 2801 2802 2793
f 2800 2801 2793
f 2799 2800 2793
f 2798 2799 2793
f 2792 2798 2793
f 2792 2793 2748
f 2748 2791 2792
f 2791 2887 2792
f 2792 2887 2889
f 2888 2889 2887
f 2888 2887 2894
f 2979 3009 2980
f 2979 2980 2889
f 2798 2889 2980
f 3004 2799 2980
f 2893 3004 3009
f 2893 2890 3004
f 2800 3004 2890
f 2893 2801 2890
f 2801 2893 2892
f 2891 2892 2893
f 3010 2885 2802
f 3010 2802 2891
f 2885 2886 2802
f 3011 2886 2885
f 3011 3012 2886
f 2886 3012 2803
f 3013 3014 3015
f 3013 3015 2794
f 3042 3015 3014
f 3042 3043 3015
f 3015 3043 2795
f 3043 3016 2795
f 3016 3017 2797
f 3044 2797 3017
f 3018 3019 3020
f 3021 3020 3019
f 3020 3021 3023
f 3023 2805 3020
f 3021 3022 3023
f 3046 3023 3022
f 3024 3026 3046
f 2808 3046 3026
f 3024 3025 3026
f 3027 3028 3029
f 3027 3029 2810
f 3048 3027 2810
f 3049 2811 3029
f 3049 3030 3032
f 3032 2812 3049
f 3030 3031 3032
f 2878 2879 2741
f 2879 2877 2741
f 2876 2742 2877
f 2876 3033 2742
f 3033 2910 2742
f 2742 2910 2749
f 2910 2920 2749
f 2920 2750 2749
f 2749 2750 2743
f 2750 2752 2743
f 2752 2816 2743
f 2816 2905 2743
f 2906 2743 2905
f 2905 2874 2906
f 2874 2875 2906
f 2875 2911 2906
f 2917 2906 2911
f 2917 2911 2910
f 2917 2910 2930
f 2930 2910 2931
f 2931 2906 2930
f 2931 2923 2906
f 2923 2922 2906
f 2925 2906 2922
f 2925 2922 2910
f 2910 2924 2925
f 2925 2941 2907
f 2941 3036 2907
f 2908 2743 2907
f 3036 3037 2908
f 3038 2946 3040
f 2793 3040 2946
f 3038 3039 2946
f 2899 2946 3039
f 2899 2900 2883
f 2901 2883 2900
f 2902 2883 2901
f 2902 2903 2884
f 2904 2884 2903
f 3006 2884 2904
f 3006 3007 2962
f 3008 2962 3007
f 2963 2962 3008
f 2963 2935 2961
f 2935 2936 2961
f 2961 2936 2756
f 2756 2962 2961
f 2962 2756 2754
f 2754 2884 2962
f 2884 2754 2744
f 2744 2883 2884
f 2883 2744 2748
f 2748 2946 2883
f 2747 2748 2744
f 2744 2746 2747
f 2746 2881 2747
f 2880 2747 2881
f 2882 2880 2881
f 2882 2881 2897
f 2898 2881 2895
f 2914 2912 2913
f 2914 2913 2916
f 2914 2916 2915
f 2928 2926 2927
f 2928 2927 2929
f 2934 2932 2933
f 2934 2933 3005
f 2765 2990 2989
f 2989 2766 2765
f 2764 2765 2766
f 2764 2766 2768
f 2767 2764 2768
f 2783 2767 2768
f 2784 2783 2768
f 2785 2784 2768
f 2786 2785 2768
f 2787 2786 2768
f 2788 2787 2768
f 2768 2763 2788
f 2973 2788 2763
f 2972 2973 2763
f 2763 2937 2972
f 2986 2987 2985
f 2787 2985 2987
f 2986 2991 2987
f 2987 3003 2786
f 3003 2992 2786
f 2992 2994 2786
f 2992 2993 2994
f 2995 2994 2993
f 2995 2993 2996
f 2996 2783 2995
f 2996 2998 2783
f 2996 2997 2998
f 2997 2999 2998
f 2999 3002 2998
f 2767 2998 3002
f 2999 3000 3002
f 3000 3001 3002
f 3002 3001 2764
f 2784 2994 2995
f 2991 2992 3003
f 2761 2936 2937
f 2937 2763 2761
f 2762 2761 2763
f 2761 2762 2759
f 2759 2756 2761
f 2756 2759 2760
f 2756 2760 2758
f 2756 2758 2757
f 2756 2757 2755
f 2921 2755 2757
f 2927 2921 2757
f 2927 2757 2758
f 2929 2758 2760
f 2933 2929 2760
f 2933 2760 2759
f 2939 2933 2759
f 2938 2933 2939
f 2939 2759 2762
f 2762 2940 2939
f 2942 2789 2943
f 2768 2943 2789
f 2768 2789 2762
f 2943 2768 2945
f 2943 2945 2944
f 2947 2944 2945
f 2947 2945 2950
f 2966 2952 2771
f 2966 2771 2773
f 2965 2966 2773
f 2965 2773 2770
f 2960 2965 2770
f 2960 2770 2769
f 2953 2960 2769
f 2769 2955 2953
f 2953 2955 2954
f 2958 2959 2960
f 2967 2960 2959
f 2964 2960 2967
f 2970 2968 2969
f 2970 2969 2971
f 2976 2974 2975
f 2976 2975 2977
f 2982 2978 2983
f 2981 2982 2983
f 2984 2981 2983
f 2984 2983 2779
f 2984 2779 2781
f 2873 2984 2781
f 2871 2873 2781
f 2871 2781 2782
f 2949 2871 2782
f 2948 2949 2782
f 2948 2782 2766
f 2766 2782 2780
f 2782 2781 2780
f 2871 2872 2873
f 2781 2779 2780
f 2779 2774 2780
f 2774 2950 2780
f 2779 2778 2774
f 2778 2777 2774
f 2777 2776 2774
f 2776 2775 2774
f 2775 2772 2774
f 2772 2771 2774
f 2771 2951 2774
f 2772 2769 2771
f 2769 2772 2957
f 2772 2969 2957
f 2772 2775 2969
f 2775 2776 2971
f 2776 2975 2971
f 2776 2777 2975
f 2777 2778 2977
f 2983 2778 2779
f 2983 2978 2778
f 2978 2977 2778
f 2977 2975 2777
f 2971 2975 2974
f 2971 2969 2775
f 2957 2969 2968
f 2956 2955 2957
f 2956 2954 2955
f 2957 2955 2769
f 2958 2960 2953
f 2769 2770 2771
f 2964 2965 2960
f 2770 2773 2771
f 2952 2951 2771
f 2950 2774 2951
f 2945 2780 2950
f 2780 2945 2768
f 2789 2942 2762
f 2940 2762 2942
f 2788 2973 2985
f 2763 2768 2762
f 2985 2787 2788
f 2987 2786 2787
f 2785 2786 2994
f 2994 2784 2785
f 2784 2995 2783
f 2998 2767 2783
f 3002 2764 2767
f 2766 2780 2768
f 3001 2765 2764
f 2988 2766 2989
f 2990 2988 2989
f 2988 2948 2766
f 2938 3005 2933
f 2929 2933 2932
f 2927 2758 2929
f 2921 2927 2926
f 2919 2755 2921
f 2755 2919 2790
f 2754 2755 2790
f 2754 2790 2753
f 2790 2916 2753
f 2916 2790 2919
f 2918 2916 2919
f 2918 2915 2916
f 2913 2753 2916
f 2913 2745 2753
f 2744 2753 2745
f 2913 2909 2745
f 2909 2913 2912
f 2909 2895 2745
f 2745 2895 2746
f 2898 2897 2881
f 2882 2896 2880
f 2747 2880 2791
f 2881 2746 2895
f 2744 2745 2746
f 2753 2744 2754
f 2755 2754 2756
f 2936 2761 2756
f 2961 2962 2963
f 3006 2962 2884
f 2902 2884 2883
f 2899 2883 2946
f 3040 3045 3041
f 2796 3045 3040
f 2806 2908 3045
f 3035 3034 3033
f 3034 3035 2924
f 2910 3034 2924
f 2906 2925 2907
f 2922 2923 2910
f 2923 2931 2910
f 2874 2910 2911
f 2750 2874 2911
f 2930 2906 2917
f 2911 2875 2750
f 2815 2750 2875
f 2750 2815 2816
f 2816 2817 2750
f 2751 2750 2817
f 2874 2751 2817
f 2874 2817 2752
f 2751 2874 2752
f 2815 2874 2816
f 2874 2815 2875
f 2907 2743 2906
f 2816 2874 2905
f 2817 2816 2752
f 2750 2751 2752
f 2750 2920 2874
f 2920 2910 2874
f 3034 2910 3033
f 2878 3051 3050
f 2878 2814 3051
f 3051 2813 3032
f 3027 3048 3047
f 3048 2809 3026
f 3023 3046 2807
f 3018 3020 3044
f 2804 3044 3020
f 3012 3013 2794
f 2891 2802 2892
f 2979 2889 2888
f 2887 2791 2880
f 2748 2747 2791
f 2946 2748 2793
f 2792 2889 2798
f 2798 2980 2799
f 3004 2800 2799
f 2800 2890 2801
f 2801 2892 2802
f 2803 2802 2886
f 3012 2794 2803
f 3040 2793 2796
f 3015 2795 2794
f 3016 2797 2795
f 2797 3044 2804
f 3045 2796 2806
f 2804 3020 2805
f 3023 2807 2805
f 3046 2808 2807
f 2808 3026 2809
f 3048 2810 2809
f 2908 2806 2743
f 2810 3029 2811
f 2811 3049 2812
f 2812 3032 2813
f 2813 3051 2814
f 2878 2741 2814
f 2742 2749 2743
f 2741 2877 2742


o Object.21
v -6.921198 0.246002 0.000000 255 255 255
v -4.076398 2.328800 0.000000 255 255 255
v -2.907998 -2.039999 0.000000 255 255 255
v -1.485598 -7.323199 0.000000 255 255 255
v -5.143200 -6.205599 0.000000 255 255 255
v -5.447996 -5.138800 0.000000 255 255 255
v -4.533596 -8.339200 0.000000 255 255 255
v -0.876000 -9.456800 0.000000 255 255 255
v -0.317198 -11.641200 0.000000 255 255 255
v -1.739598 -6.256400 0.000000 255 255 255
v -5.701996 -4.072000 0.000000 255 255 255
v -6.006798 -3.005199 0.000000 255 255 255
v -8.648400 6.697602 0.000000 255 255 255
v -4.381200 3.344801 0.000000 255 255 255
v -6.565599 -0.973199 0.000000 255 255 255
v -9.257998 8.882001 0.000000 255 255 255
v -4.990799 5.529202 0.000000 255 255 255
v -4.685997 4.411601 0.000000 255 255 255
v -6.159199 9.796401 0.000000 255 255 255
v -6.819599 9.694800 0.000000 255 255 255
v -6.210001 9.847202 0.000000 255 255 255
v -2.095197 -12.301600 0.000000 255 255 255
v -2.095197 -12.301600 1.524000 255 255 255
v -2.145999 -12.301600 0.000000 255 255 255
v -5.600397 7.764401 0.000000 255 255 255
v -5.600397 7.916801 0.000000 255 255 255
v -5.955996 9.034402 0.000000 255 255 255
v -7.480000 2.379601 0.000000 255 255 255
v -8.089598 4.564000 0.000000 255 255 255
v -4.533596 -8.288399 0.000000 255 255 255
v -6.870396 0.093600 0.000000 255 255 255
v -0.368001 -11.691999 0.000000 255 255 255
v -0.368001 -11.742800 0.000000 255 255 255
v -0.774396 -11.895200 0.000000 255 255 255
v -1.079198 -11.996799 0.000000 255 255 255
v -4.228799 -9.406000 0.000000 255 255 255
v -1.333197 -12.098400 0.000000 255 255 255
v -1.587197 -12.149199 0.000000 255 255 255
v -1.790401 -12.199999 0.000000 255 255 255
v -3.923997 -10.523600 0.000000 255 255 255
v -2.501597 -12.403200 0.000000 255 255 255
v -3.619195 -11.590400 0.000000 255 255 255
v -3.212801 -12.606400 0.000000 255 255 255
v -3.314399 -12.657200 0.000000 255 255 255
v -2.603196 -12.454000 0.000000 255 255 255
v -3.060399 -12.555599 0.000000 255 255 255
v -2.349196 -12.352400 0.000000 255 255 255
v -2.196795 -12.301600 0.000000 255 255 255
v -1.891999 -12.250799 0.000000 255 255 255
v -1.993598 -12.250799 0.000000 255 255 255
v -0.317198 -11.691999 0.000000 255 255 255
v -0.368001 -11.793599 0.000000 255 255 255
v -0.418797 -11.793599 0.000000 255 255 255
v -0.469599 -11.844399 0.000000 255 255 255
v -6.260798 9.796401 -0.050800 255 255 255
v -5.244799 6.596002 0.000000 255 255 255
v -9.156400 9.034402 0.000000 255 255 255
v -9.105597 9.034402 0.000000 255 255 255
v -9.207196 8.882001 0.000000 255 255 255
v -9.207196 8.932801 0.000000 255 255 255
v -9.207196 8.983601 0.000000 255 255 255
v -9.156400 8.983601 0.000000 255 255 255
v -9.054801 9.085201 0.000000 255 255 255
v -7.632401 9.440801 0.000000 255 255 255
v -8.597598 9.186801 0.000000 255 255 255
v -8.242000 9.288402 0.000000 255 255 255
v -7.987999 9.390001 0.000000 255 255 255
v -5.549601 7.662801 0.000000 255 255 255
v -8.343598 9.288402 0.000000 255 255 255
v -7.683197 9.440801 0.000000 255 255 255
v -7.378401 9.542401 0.000000 255 255 255
v -7.226000 9.593201 0.000000 255 255 255
v -7.022797 9.644002 0.000000 255 255 255
v -6.870396 9.694800 0.000000 255 255 255
v -6.260798 9.898002 0.000000 255 255 255
v -1.942796 -12.250799 0.000000 255 255 255
v -2.044400 -5.189600 21.437601 188 188 188
v -6.311600 -1.887599 21.437601 188 188 188
v -5.701996 -4.072000 21.437601 188 188 188
v -1.333197 -12.098400 21.437601 188 188 188
v -3.923997 -10.523600 21.437601 188 188 188
v -1.638000 -12.149199 21.437601 188 188 188
v -4.381200 3.344801 21.437601 188 188 188
v -8.089598 4.564000 21.437601 188 188 188
v -7.480000 2.379601 21.437601 188 188 188
v -8.648400 6.697602 21.437601 188 188 188
v -4.990799 5.529202 21.437601 188 188 188
v -5.549601 7.662801 21.437601 188 188 188
v -6.514797 9.796401 21.437601 188 188 188
v -6.159199 9.847202 21.437601 188 188 188
v -6.210001 9.847202 21.437601 188 188 188
v -6.819599 9.694800 21.437601 188 188 188
v -3.822399 1.211201 21.437601 188 188 188
v -6.921198 0.246002 21.437601 188 188 188
v -4.533596 -8.339200 21.437601 188 188 188
v -0.317198 -11.641200 21.437601 188 188 188
v -1.485598 -7.323199 21.437601 188 188 188
v -2.755597 -12.454000 21.437601 188 188 188
v -3.060399 -12.555599 21.437601 188 188 188
v -1.891999 -12.250799 21.437601 188 188 188
v -2.196795 -12.301600 21.437601 188 188 188
v -2.501597 -12.403200 21.437601 188 188 188
v -3.314399 -12.657200 21.437601 188 188 188
v -0.774396 -11.895200 21.437601 188 188 188
v -0.469599 -11.844399 21.437601 188 188 188
v -0.418797 -11.793599 21.437601 188 188 188
v -0.368001 -11.793599 21.437601 188 188 188
v -0.368001 -11.742800 21.437601 188 188 188
v -0.368001 -11.691999 21.437601 188 188 188
v -0.317198 -11.691999 21.437601 188 188 188
v -5.143200 -6.205599 21.437601 188 188 188
v -9.257998 8.882001 21.437601 188 188 188
v -6.159199 9.796401 21.437601 188 188 188
v -7.073599 9.644002 21.437601 188 188 188
v -7.378401 9.542401 21.437601 188 188 188
v -7.632401 9.440801 21.437601 188 188 188
v -7.937197 9.390001 21.437601 188 188 188
v -8.242000 9.288402 21.437601 188 188 188
v -8.495999 9.237600 21.437601 188 188 188
v -9.054801 9.085201 21.437601 188 188 188
v -9.105597 9.034402 21.437601 188 188 188
v -9.156400 9.034402 21.437601 188 188 188
v -9.156400 8.983601 21.437601 188 188 188
v -9.207196 8.983601 21.437601 188 188 188
v -9.207196 8.932801 21.437601 188 188 188
v -9.207196 8.882001 21.437601 188 188 188
v -6.260798 9.898002 21.437601 188 188 188
v -6.260798 9.898002 20.929602 188 188 188
v -6.260798 9.898002 20.066000 255 255 255
v -6.464001 9.796401 20.929602 188 188 188
v -6.311600 9.847202 20.929602 188 188 188
v -6.260798 9.847202 20.929602 188 188 188
v -5.600397 7.764401 20.929602 188 188 188
v -5.651199 7.967600 20.066000 188 188 188
v -5.701996 8.170801 20.929602 188 188 188
v -5.955996 9.034402 20.066000 255 255 255
v -7.734000 9.440801 20.929602 188 188 188
v -7.683197 9.440801 20.929602 188 188 188
v -6.159199 9.847202 20.777201 188 188 188
v -6.159199 9.847202 20.675600 255 255 255
v -6.210001 9.847202 20.066000 188 188 188
v -7.937197 9.390001 20.929602 188 188 188
v -7.987999 9.390001 20.929602 188 188 188
v -8.038795 9.339201 20.929602 188 188 188
v -8.242000 9.288402 20.929602 188 188 188
v -9.257998 8.882001 20.929602 188 188 188
v -9.207196 8.729601 20.929602 188 188 188
v -9.257998 8.882001 20.066000 255 255 255
v -9.207196 8.882001 20.929602 188 188 188
v -9.207196 8.932801 20.929602 188 188 188
v -9.207196 8.983601 20.929602 188 188 188
v -9.156400 8.983601 20.929602 188 188 188
v -9.207196 8.983601 20.066000 255 255 255
v -8.699197 9.186801 20.929602 188 188 188
v -8.597598 9.186801 20.929602 188 188 188
v -9.156400 9.034402 20.929602 188 188 188
v -9.105597 9.034402 20.929602 188 188 188
v -9.105597 9.034402 20.066000 255 255 255
v -9.054801 9.085201 20.066000 255 255 255
v -9.054801 9.085201 20.929602 188 188 188
v -8.445196 9.237600 20.929602 188 188 188
v -8.292795 9.288402 20.929602 188 188 188
v -8.343598 9.288402 20.066000 255 255 255
v -7.632401 9.440801 20.929602 188 188 188
v -7.480000 9.491600 20.929602 188 188 188
v -7.632401 9.440801 20.066000 255 255 255
v -7.327599 9.542401 20.929602 188 188 188
v -7.124395 9.593201 20.929602 188 188 188
v -7.073599 9.644002 20.929602 188 188 188
v -6.870396 9.694800 20.929602 188 188 188
v -7.022797 9.644002 20.066000 255 255 255
v -6.819599 9.694800 20.929602 188 188 188
v -6.616396 9.745602 20.929602 188 188 188
v -6.870396 9.694800 20.066000 255 255 255
v -6.210001 9.847202 20.929602 188 188 188
v -6.159199 9.847202 20.929602 188 188 188
v -6.210001 9.847202 20.472401 255 255 255
v -9.207196 8.983601 -0.050800 255 255 255
v -9.156400 9.034402 4.521200 255 255 255
v -6.159199 9.847202 0.000000 255 255 255
v -6.159199 9.847202 5.994401 255 255 255
v -6.210001 9.847202 20.421600 255 255 255
v -4.990799 5.529202 20.066000 255 255 255
v -4.482799 3.751200 20.929602 188 188 188
v -8.851598 7.459601 20.066000 255 255 255
v -8.648400 6.697602 20.929602 188 188 188
v -4.381200 3.344801 20.066000 255 255 255
v -6.159199 9.796401 20.929602 188 188 188
v -6.159199 9.796401 20.066000 255 255 255
v -6.159199 9.847202 20.066000 188 188 188
v -6.159199 9.847202 20.878799 255 255 255
v -6.210001 9.847202 20.320000 255 255 255
v -6.159199 9.847202 20.574001 188 188 188
v -6.210001 9.796401 20.320000 255 255 255
v -6.159199 9.847202 20.472401 255 255 255
v -6.159199 9.847202 20.523201 188 188 188
v -6.210001 9.796401 20.624800 255 255 255
v -6.260798 9.796401 20.167601 255 255 255
v -6.210001 9.796401 20.116800 188 188 188
v -6.159199 9.847202 20.269201 188 188 188
v -6.210001 9.847202 20.218401 188 188 188
v -6.210001 9.796401 20.472401 188 188 188
v -3.923997 1.617600 20.929602 188 188 188
v -3.822399 1.211201 20.929602 188 188 188
v -6.921198 0.246002 20.929602 188 188 188
v -7.480000 2.379601 20.066000 255 255 255
v -9.156400 9.034402 20.066000 255 255 255
v -6.210001 9.796401 20.574001 255 255 255
v -6.210001 9.796401 20.370800 188 188 188
v -6.210001 9.796401 20.167601 188 188 188
v -6.057600 9.542401 20.929602 188 188 188
v -5.549601 7.662801 20.929602 188 188 188
v -5.193996 6.291201 20.929602 188 188 188
v -5.549601 7.662801 20.066000 255 255 255
v -4.838398 5.122801 20.929602 188 188 188
v -4.381200 3.344801 20.929602 188 188 188
v -2.907998 -2.039999 20.066000 255 255 255
v -8.597598 6.392801 20.929602 188 188 188
v -6.870396 0.195201 20.929602 188 188 188
v -8.749999 6.951602 20.929602 188 188 188
v -6.565599 -0.973199 20.066000 255 255 255
v -8.495999 6.037201 20.929602 188 188 188
v -8.089598 4.564000 20.066000 255 255 255
v -6.311600 -1.887599 20.929602 188 188 188
v -8.089598 4.564000 20.929602 188 188 188
v -7.987999 4.157601 20.929602 188 188 188
v -8.089598 4.665601 20.929602 188 188 188
v -2.044400 -5.189600 20.929602 188 188 188
v -1.739598 -6.256400 20.066000 188 188 188
v -5.447996 -5.138800 20.066000 255 255 255
v -5.143200 -6.205599 20.929602 188 188 188
v -7.480000 2.379601 20.929602 188 188 188
v -7.581599 2.786000 20.929602 188 188 188
v -7.378401 2.024001 20.929602 188 188 188
v -0.876000 -9.456800 20.066000 188 188 188
v -0.317198 -11.641200 20.929602 188 188 188
v -0.317198 -11.641200 20.066000 255 255 255
v -7.022797 0.652401 20.929602 188 188 188
v -3.466800 0.042801 20.929602 188 188 188
v -2.349196 -4.021200 20.929602 188 188 188
v -6.210001 -2.293999 20.929602 188 188 188
v -0.774396 -11.895200 20.929602 188 188 188
v -1.079198 -11.996799 20.066000 188 188 188
v -6.413198 -1.582799 20.929602 188 188 188
v -0.317198 -11.691999 20.929602 188 188 188
v -0.368001 -11.691999 20.929602 188 188 188
v -6.108397 -2.700399 20.929602 188 188 188
v -5.701996 -4.072000 20.066000 255 255 255
v -5.701996 -4.072000 20.929602 188 188 188
v -5.600397 -4.427599 20.929602 188 188 188
v -5.244799 -5.799199 20.929602 188 188 188
v -1.942796 -5.596000 20.929602 188 188 188
v -1.587197 -6.967599 20.929602 188 188 188
v -1.485598 -7.323199 20.929602 188 188 188
v -0.723599 -10.066400 20.929602 188 188 188
v -1.485598 -7.323199 20.066000 188 188 188
v -0.520396 -10.828400 20.929602 188 188 188
v -5.041601 -6.561199 20.929602 188 188 188
v -4.939996 -6.967599 20.929602 188 188 188
v -4.533596 -8.288399 20.066000 255 255 255
v -4.533596 -8.339200 20.929602 188 188 188
v -4.431997 -8.745599 20.929602 188 188 188
v -4.228799 -9.406000 20.066000 255 255 255
v -1.536401 -12.098400 20.929602 188 188 188
v -1.587197 -12.149199 20.929602 188 188 188
v -1.333197 -12.098400 20.929602 188 188 188
v -1.638000 -12.149199 20.929602 188 188 188
v -1.790401 -12.199999 20.066000 255 255 255
v -6.210001 9.847202 9.296400 255 255 255
v -6.210001 9.847202 7.162800 255 255 255
v -3.822399 -10.879200 20.929602 188 188 188
v -3.923997 -10.523600 20.929602 188 188 188
v -3.314399 -12.657200 20.066000 255 255 255
v -0.368001 -11.742800 20.929602 188 188 188
v -0.368001 -11.742800 20.066000 188 188 188
v -0.368001 -11.793599 20.929602 188 188 188
v -0.418797 -11.793599 20.929602 188 188 188
v -0.368001 -11.793599 20.066000 188 188 188
v -3.263597 -12.657200 20.929602 188 188 188
v -0.418797 -11.793599 20.066000 188 188 188
v -0.418797 -11.793599 20.523201 188 188 188
v -0.469599 -11.844399 20.929602 188 188 188
v -3.314399 -12.657200 20.929602 188 188 188
v -0.520396 -11.844399 20.929602 188 188 188
v -0.723599 -11.895200 20.929602 188 188 188
v -0.876000 -11.945999 20.929602 188 188 188
v -1.231599 -12.047600 20.929602 188 188 188
v -3.060399 -12.555599 20.066000 255 255 255
v -4.025596 -10.117200 20.929602 188 188 188
v -2.603196 -12.454000 20.066000 255 255 255
v -3.060399 -12.555599 20.929602 188 188 188
v -2.755597 -12.454000 20.929602 188 188 188
v -3.720800 -11.285600 20.929602 188 188 188
v -2.501597 -12.403200 20.066000 255 255 255
v -2.349196 -12.352400 20.066000 255 255 255
v -2.501597 -12.403200 20.929602 188 188 188
v -3.111196 -12.555599 20.929602 188 188 188
v -3.009597 -12.555599 20.929602 188 188 188
v -2.196795 -12.301600 20.929602 188 188 188
v -2.958801 -12.555599 20.929602 188 188 188
v -2.704801 -12.454000 20.929602 188 188 188
v -2.653999 -12.454000 20.929602 188 188 188
v -2.247598 -12.352400 20.929602 188 188 188
v -2.450795 -12.403200 20.929602 188 188 188
v -1.942796 -12.250799 20.929602 188 188 188
v -1.993598 -12.250799 20.066000 255 255 255
v -2.145999 -12.301600 20.929602 188 188 188
v -2.095197 -12.301600 20.574001 255 255 255
v -1.891999 -12.250799 20.929602 188 188 188
v -1.841197 -12.199999 20.929602 188 188 188
v -2.095197 -12.301600 8.686800 255 255 255
v -1.688796 -12.149199 20.929602 188 188 188
v -0.368001 -11.742800 10.464801 255 255 255
v -0.469599 -11.844399 20.066000 255 255 255
v -6.768797 -0.211199 20.929602 188 188 188
v -4.025596 2.024001 20.929602 188 188 188
v -0.418797 -11.793599 10.058400 255 255 255
v -5.092397 5.884801 20.929602 188 188 188
v -4.990799 5.529202 20.929602 188 188 188
v -9.105597 8.323202 20.929602 188 188 188
v -9.207196 8.882001 20.066000 255 255 255
v -9.207196 8.932801 20.066000 255 255 255
v -9.156400 9.034402 11.887200 255 255 255
v -9.156400 9.034402 20.421600 255 255 255
v -8.495999 9.237600 20.929602 188 188 188
v -6.210001 9.796401 13.004801 255 255 255
v -6.210001 9.796401 10.007601 255 255 255
v -5.600397 7.916801 20.066000 188 188 188
v -7.378401 9.542401 20.929602 188 188 188
v -7.378401 9.542401 20.066000 255 255 255
v -7.429198 9.542401 20.929602 188 188 188
v -6.565599 9.796401 20.929602 188 188 188
v -6.514797 9.796401 20.929602 188 188 188
v -6.159199 9.847202 1.879600 255 255 255
v -6.210001 9.796401 1.828800 255 255 255
v -6.210001 9.847202 0.863600 255 255 255
v -6.159199 9.847202 4.927600 255 255 255
v -6.159199 9.847202 3.759200 255 255 255
v -6.210001 9.796401 14.986001 255 255 255
v -6.159199 9.847202 10.007601 255 255 255
v -6.159199 9.847202 10.464801 255 255 255
v -6.210001 9.796401 -0.050800 255 255 255
v -6.210001 9.847202 2.844800 255 255 255
v -9.156400 8.983601 10.464801 255 255 255
v -6.210001 9.796401 20.523201 188 188 188

v -5.701996 -4.072000 20.929602 188 188 188
v -5.701996 -4.072000 21.437601 188 188 188
v -5.701996 -4.072000 20.929602 188 188 188
v -6.311600 -1.887599 21.437601 188 188 188
v -6.108397 -2.700399 20.929602 188 188 188
v -6.311600 -1.887599 21.437601 188 188 188
v -6.311600 -1.887599 21.437601 188 188 188
v -5.701996 -4.072000 21.437601 188 188 188
v -2.044400 -5.189600 21.437601 188 188 188
v -5.701996 -4.072000 21.437601 188 188 188
v -5.143200 -6.205599 21.437601 188 188 188
v -2.044400 -5.189600 21.437601 188 188 188
v -2.044400 -5.189600 21.437601 188 188 188
v -1.485598 -7.323199 21.437601 188 188 188
v -1.942796 -5.596000 20.929602 188 188 188
v -1.485598 -7.323199 21.437601 188 188 188
v -1.942796 -5.596000 20.929602 188 188 188
v -1.587197 -6.967599 20.929602 188 188 188
v -3.466800 0.042801 20.929602 188 188 188
v -3.822399 1.211201 21.437601 188 188 188
v -2.044400 -5.189600 21.437601 188 188 188
v -3.466800 0.042801 20.929602 188 188 188
v -2.044400 -5.189600 21.437601 188 188 188
v -2.349196 -4.021200 20.929602 188 188 188
v -2.044400 -5.189600 21.437601 188 188 188
v -3.822399 1.211201 20.929602 188 188 188
v -3.822399 1.211201 21.437601 188 188 188
v -3.923997 1.617600 20.929602 188 188 188
v -3.822399 1.211201 21.437601 188 188 188
v -3.822399 1.211201 21.437601 188 188 188
v -4.025596 2.024001 20.929602 188 188 188
v -4.381200 3.344801 20.929602 188 188 188
v -4.381200 3.344801 21.437601 188 188 188
v -4.482799 3.751200 20.929602 188 188 188
v -5.092397 5.884801 20.929602 188 188 188
v -4.990799 5.529202 21.437601 188 188 188
v -4.990799 5.529202 21.437601 188 188 188
v -5.193996 6.291201 20.929602 188 188 188
v -5.549601 7.662801 20.929602 188 188 188
v -5.600397 7.764401 20.929602 188 188 188
v -5.549601 7.662801 21.437601 188 188 188
v -5.549601 7.662801 21.437601 188 188 188
v -5.701996 8.170801 20.929602 188 188 188
v -6.057600 9.542401 20.929602 188 188 188
v -6.159199 9.796401 21.437601 188 188 188
v -6.159199 9.796401 20.929602 188 188 188
v -6.159199 9.847202 20.929602 188 188 188
v -6.159199 9.796401 20.929602 188 188 188
v -6.159199 9.847202 20.777201 188 188 188
v -6.159199 9.847202 20.929602 188 188 188
v -6.159199 9.847202 20.929602 188 188 188
v -6.210001 9.796401 20.472401 188 188 188
v -6.210001 9.796401 20.523201 188 188 188
v -6.210001 9.796401 20.472401 188 188 188
v -6.210001 9.847202 20.066000 188 188 188
v -6.210001 9.796401 20.472401 188 188 188
v -6.210001 9.796401 20.370800 188 188 188
v -6.210001 9.796401 20.472401 188 188 188
v -6.210001 9.796401 20.370800 188 188 188
v -6.159199 9.847202 20.574001 188 188 188
v -6.159199 9.847202 20.523201 188 188 188
v -6.210001 9.796401 20.370800 188 188 188
v -6.210001 9.847202 20.218401 188 188 188
v -6.159199 9.847202 20.523201 188 188 188
v -6.159199 9.847202 20.269201 188 188 188
v -6.210001 9.847202 20.218401 188 188 188
v -6.210001 9.796401 20.116800 188 188 188
v -6.210001 9.847202 20.066000 188 188 188
v -6.210001 9.847202 20.218401 188 188 188
v -8.597598 6.392801 20.929602 188 188 188
v -8.648400 6.697602 21.437601 188 188 188
v -8.648400 6.697602 21.437601 188 188 188
v -8.495999 6.037201 20.929602 188 188 188
v -8.089598 4.665601 20.929602 188 188 188
v -8.089598 4.564000 21.437601 188 188 188
v -8.089598 4.564000 20.929602 188 188 188
v -8.089598 4.564000 21.437601 188 188 188
v -7.987999 4.157601 20.929602 188 188 188
v -7.581599 2.786000 20.929602 188 188 188
v -7.480000 2.379601 21.437601 188 188 188
v -7.480000 2.379601 20.929602 188 188 188
v -7.480000 2.379601 21.437601 188 188 188
v -7.378401 2.024001 20.929602 188 188 188
v -7.022797 0.652401 20.929602 188 188 188
v -6.921198 0.246002 21.437601 188 188 188
v -6.921198 0.246002 20.929602 188 188 188
v -6.870396 0.195201 20.929602 188 188 188
v -6.921198 0.246002 21.437601 188 188 188
v -6.921198 0.246002 21.437601 188 188 188
v -6.768797 -0.211199 20.929602 188 188 188
v -6.413198 -1.582799 20.929602 188 188 188
v -6.311600 -1.887599 21.437601 188 188 188
v -6.921198 0.246002 21.437601 188 188 188
v -3.822399 1.211201 21.437601 188 188 188
v -6.921198 0.246002 21.437601 188 188 188
v -6.311600 -1.887599 21.437601 188 188 188
v -3.822399 1.211201 21.437601 188 188 188
v -7.480000 2.379601 21.437601 188 188 188
v -6.921198 0.246002 21.437601 188 188 188
v -7.480000 2.379601 21.437601 188 188 188
v -3.822399 1.211201 21.437601 188 188 188
v -4.381200 3.344801 21.437601 188 188 188
v -4.381200 3.344801 21.437601 188 188 188
v -8.089598 4.564000 21.437601 188 188 188
v -7.480000 2.379601 21.437601 188 188 188
v -8.089598 4.564000 21.437601 188 188 188
v -4.381200 3.344801 21.437601 188 188 188
v -4.990799 5.529202 21.437601 188 188 188
v -4.990799 5.529202 21.437601 188 188 188
v -8.648400 6.697602 21.437601 188 188 188
v -8.089598 4.564000 21.437601 188 188 188
v -8.648400 6.697602 21.437601 188 188 188
v -4.990799 5.529202 21.437601 188 188 188
v -5.549601 7.662801 21.437601 188 188 188
v -5.549601 7.662801 21.437601 188 188 188
v -8.648400 6.697602 21.437601 188 188 188
v -8.648400 6.697602 21.437601 188 188 188
v -9.257998 8.882001 21.437601 188 188 188
v -8.749999 6.951602 20.929602 188 188 188
v -9.257998 8.882001 21.437601 188 188 188
v -9.105597 8.323202 20.929602 188 188 188
v -9.257998 8.882001 21.437601 188 188 188
v -9.257998 8.882001 21.437601 188 188 188
v -9.207196 8.729601 20.929602 188 188 188
v -9.207196 8.983601 20.929602 188 188 188
v -9.207196 8.983601 21.437601 188 188 188
v -9.207196 8.983601 20.929602 188 188 188
v -9.156400 8.983601 21.437601 188 188 188
v -9.156400 8.983601 20.929602 188 188 188
v -9.156400 9.034402 20.929602 188 188 188
v -9.156400 9.034402 21.437601 188 188 188
v -9.156400 9.034402 20.929602 188 188 188
v -9.105597 9.034402 21.437601 188 188 188
v -9.105597 9.034402 20.929602 188 188 188
v -9.105597 9.034402 21.437601 188 188 188
v -9.105597 9.034402 21.437601 188 188 188
v -5.549601 7.662801 21.437601 188 188 188
v -9.054801 9.085201 21.437601 188 188 188
v -9.054801 9.085201 21.437601 188 188 188
v -5.549601 7.662801 21.437601 188 188 188
v -9.054801 9.085201 21.437601 188 188 188
v -8.495999 9.237600 21.437601 188 188 188
v -9.054801 9.085201 20.929602 188 188 188
v -8.495999 9.237600 21.437601 188 188 188
v -8.699197 9.186801 20.929602 188 188 188
v -8.495999 9.237600 21.437601 188 188 188
v -8.597598 9.186801 20.929602 188 188 188
v -8.495999 9.237600 21.437601 188 188 188
v -8.495999 9.237600 20.929602 188 188 188
v -8.495999 9.237600 21.437601 188 188 188
v -8.445196 9.237600 20.929602 188 188 188
v -8.495999 9.237600 21.437601 188 188 188
v -8.445196 9.237600 20.929602 188 188 188
v -8.242000 9.288402 21.437601 188 188 188
v -8.292795 9.288402 20.929602 188 188 188
v -8.242000 9.288402 21.437601 188 188 188
v -8.242000 9.288402 20.929602 188 188 188
v -8.242000 9.288402 21.437601 188 188 188
v -8.242000 9.288402 20.929602 188 188 188
v -7.937197 9.390001 21.437601 188 188 188
v -7.937197 9.390001 21.437601 188 188 188
v -7.937197 9.390001 20.929602 188 188 188
v -7.937197 9.390001 21.437601 188 188 188
v -7.937197 9.390001 20.929602 188 188 188
v -7.632401 9.440801 21.437601 188 188 188
v -7.734000 9.440801 20.929602 188 188 188
v -7.632401 9.440801 21.437601 188 188 188
v -7.683197 9.440801 20.929602 188 188 188
v -7.632401 9.440801 21.437601 188 188 188
v -7.429198 9.542401 20.929602 188 188 188
v -7.378401 9.542401 21.437601 188 188 188
v -7.124395 9.593201 20.929602 188 188 188
v -7.073599 9.644002 21.437601 188 188 188
v -7.073599 9.644002 20.929602 188 188 188
v -7.073599 9.644002 21.437601 188 188 188
v -7.073599 9.644002 20.929602 188 188 188
v -6.819599 9.694800 21.437601 188 188 188
v -6.565599 9.796401 20.929602 188 188 188
v -6.514797 9.796401 21.437601 188 188 188
v -6.514797 9.796401 20.929602 188 188 188
v -6.514797 9.796401 21.437601 188 188 188
v -6.464001 9.796401 20.929602 188 188 188
v -6.514797 9.796401 21.437601 188 188 188
v -6.464001 9.796401 20.929602 188 188 188
v -6.260798 9.898002 21.437601 188 188 188
v -6.210001 9.847202 20.929602 188 188 188
v -6.210001 9.847202 21.437601 188 188 188
v -6.514797 9.796401 21.437601 188 188 188
v -6.159199 9.847202 21.437601 188 188 188
v -6.210001 9.847202 21.437601 188 188 188
v -6.514797 9.796401 21.437601 188 188 188
v -6.159199 9.796401 21.437601 188 188 188
v -6.159199 9.847202 21.437601 188 188 188
v -6.514797 9.796401 21.437601 188 188 188
v -5.549601 7.662801 21.437601 188 188 188
v -6.159199 9.796401 21.437601 188 188 188
v -6.819599 9.694800 21.437601 188 188 188
v -5.549601 7.662801 21.437601 188 188 188
v -6.514797 9.796401 21.437601 188 188 188
v -6.819599 9.694800 21.437601 188 188 188
v -6.514797 9.796401 21.437601 188 188 188
v -6.210001 9.847202 21.437601 188 188 188
v -6.260798 9.847202 20.929602 188 188 188
v -6.210001 9.847202 21.437601 188 188 188
v -6.260798 9.898002 20.929602 188 188 188
v -6.260798 9.898002 21.437601 188 188 188
v -6.210001 9.847202 20.929602 188 188 188
v -6.159199 9.847202 21.437601 188 188 188
v -6.159199 9.847202 20.929602 188 188 188
v -6.311600 9.847202 20.929602 188 188 188
v -6.260798 9.898002 21.437601 188 188 188
v -6.260798 9.898002 20.929602 188 188 188
v -6.514797 9.796401 21.437601 188 188 188
v -6.210001 9.847202 21.437601 188 188 188
v -6.260798 9.898002 21.437601 188 188 188
v -6.819599 9.694800 20.929602 188 188 188
v -6.514797 9.796401 21.437601 188 188 188
v -6.616396 9.745602 20.929602 188 188 188
v -6.819599 9.694800 20.929602 188 188 188
v -6.870396 9.694800 20.929602 188 188 188
v -6.819599 9.694800 21.437601 188 188 188
v -7.073599 9.644002 21.437601 188 188 188
v -5.549601 7.662801 21.437601 188 188 188
v -6.819599 9.694800 21.437601 188 188 188
v -7.378401 9.542401 21.437601 188 188 188
v -5.549601 7.662801 21.437601 188 188 188
v -7.073599 9.644002 21.437601 188 188 188
v -7.632401 9.440801 21.437601 188 188 188
v -5.549601 7.662801 21.437601 188 188 188
v -7.378401 9.542401 21.437601 188 188 188
v -7.327599 9.542401 20.929602 188 188 188
v -7.378401 9.542401 21.437601 188 188 188
v -7.073599 9.644002 21.437601 188 188 188
v -7.378401 9.542401 20.929602 188 188 188
v -7.378401 9.542401 21.437601 188 188 188
v -7.327599 9.542401 20.929602 188 188 188
v -7.632401 9.440801 20.929602 188 188 188
v -7.378401 9.542401 21.437601 188 188 188
v -7.480000 9.491600 20.929602 188 188 188
v -7.632401 9.440801 20.929602 188 188 188
v -7.632401 9.440801 21.437601 188 188 188
v -7.378401 9.542401 21.437601 188 188 188
v -7.937197 9.390001 21.437601 188 188 188
v -5.549601 7.662801 21.437601 188 188 188
v -7.632401 9.440801 21.437601 188 188 188
v -8.038795 9.339201 20.929602 188 188 188
v -7.937197 9.390001 21.437601 188 188 188
v -7.987999 9.390001 20.929602 188 188 188
v -8.242000 9.288402 21.437601 188 188 188
v -5.549601 7.662801 21.437601 188 188 188
v -7.937197 9.390001 21.437601 188 188 188
v -8.495999 9.237600 21.437601 188 188 188
v -5.549601 7.662801 21.437601 188 188 188
v -8.242000 9.288402 21.437601 188 188 188
v -9.105597 9.034402 20.929602 188 188 188
v -9.054801 9.085201 21.437601 188 188 188
v -9.054801 9.085201 20.929602 188 188 188
v -9.156400 9.034402 21.437601 188 188 188
v -5.549601 7.662801 21.437601 188 188 188
v -9.105597 9.034402 21.437601 188 188 188
v -9.156400 8.983601 21.437601 188 188 188
v -5.549601 7.662801 21.437601 188 188 188
v -9.156400 9.034402 21.437601 188 188 188
v -9.156400 8.983601 20.929602 188 188 188
v -9.156400 8.983601 21.437601 188 188 188
v -9.156400 9.034402 21.437601 188 188 188
v -9.207196 8.983601 21.437601 188 188 188
v -5.549601 7.662801 21.437601 188 188 188
v -9.156400 8.983601 21.437601 188 188 188
v -5.549601 7.662801 21.437601 188 188 188
v -9.207196 8.983601 21.437601 188 188 188
v -5.549601 7.662801 21.437601 188 188 188
v -9.207196 8.932801 21.437601 188 188 188
v -9.207196 8.882001 21.437601 188 188 188
v -9.207196 8.932801 21.437601 188 188 188
v -9.207196 8.932801 20.929602 188 188 188
v -9.207196 8.932801 21.437601 188 188 188
v -9.207196 8.983601 21.437601 188 188 188
v -9.207196 8.932801 21.437601 188 188 188
v -9.207196 8.932801 20.929602 188 188 188
v -9.207196 8.882001 20.929602 188 188 188
v -9.257998 8.882001 20.929602 188 188 188
v -9.207196 8.882001 21.437601 188 188 188
v -9.207196 8.882001 20.929602 188 188 188
v -9.257998 8.882001 20.929602 188 188 188
v -9.257998 8.882001 21.437601 188 188 188
v -9.207196 8.882001 21.437601 188 188 188
v -9.257998 8.882001 21.437601 188 188 188
v -5.549601 7.662801 21.437601 188 188 188
v -9.207196 8.882001 21.437601 188 188 188
v -6.413198 -1.582799 20.929602 188 188 188
v -6.311600 -1.887599 21.437601 188 188 188
v -7.022797 0.652401 20.929602 188 188 188
v -6.921198 0.246002 21.437601 188 188 188
v -7.480000 2.379601 21.437601 188 188 188
v -7.581599 2.786000 20.929602 188 188 188
v -7.480000 2.379601 21.437601 188 188 188
v -8.089598 4.564000 21.437601 188 188 188
v -8.089598 4.665601 20.929602 188 188 188
v -8.089598 4.564000 21.437601 188 188 188
v -8.648400 6.697602 21.437601 188 188 188
v -8.749999 6.951602 20.929602 188 188 188
v -8.648400 6.697602 20.929602 188 188 188
v -8.648400 6.697602 21.437601 188 188 188
v -6.159199 9.796401 20.929602 188 188 188
v -6.210001 9.796401 20.167601 188 188 188
v -6.159199 9.847202 20.269201 188 188 188
v -6.159199 9.796401 20.929602 188 188 188
v -6.159199 9.847202 20.523201 188 188 188
v -6.159199 9.796401 20.929602 188 188 188
v -6.159199 9.847202 20.269201 188 188 188
v -6.159199 9.847202 20.523201 188 188 188
v -6.159199 9.847202 20.574001 188 188 188
v -6.159199 9.796401 20.929602 188 188 188
v -6.210001 9.847202 20.218401 188 188 188
v -6.210001 9.847202 20.066000 188 188 188
v -6.210001 9.796401 20.370800 188 188 188
v -6.210001 9.796401 20.472401 188 188 188
v -6.159199 9.847202 20.777201 188 188 188
v -6.159199 9.847202 20.574001 188 188 188
v -6.159199 9.847202 20.574001 188 188 188
v -6.159199 9.847202 20.777201 188 188 188
v -6.159199 9.796401 20.929602 188 188 188
v -6.159199 9.847202 21.437601 188 188 188
v -6.159199 9.796401 21.437601 188 188 188
v -6.159199 9.847202 20.929602 188 188 188
v -6.057600 9.542401 20.929602 188 188 188
v -6.159199 9.796401 21.437601 188 188 188
v -5.549601 7.662801 21.437601 188 188 188
v -5.600397 7.764401 20.929602 188 188 188
v -5.549601 7.662801 20.929602 188 188 188
v -5.549601 7.662801 21.437601 188 188 188
v -4.990799 5.529202 21.437601 188 188 188
v -4.990799 5.529202 21.437601 188 188 188
v -4.838398 5.122801 20.929602 188 188 188
v -4.990799 5.529202 20.929602 188 188 188
v -4.838398 5.122801 20.929602 188 188 188
v -4.990799 5.529202 21.437601 188 188 188
v -4.381200 3.344801 21.437601 188 188 188
v -4.381200 3.344801 20.929602 188 188 188
v -4.381200 3.344801 21.437601 188 188 188
v -3.822399 1.211201 21.437601 188 188 188
v -5.143200 -6.205599 21.437601 188 188 188
v -5.143200 -6.205599 21.437601 188 188 188
v -5.143200 -6.205599 20.929602 188 188 188
v -5.041601 -6.561199 20.929602 188 188 188
v -5.143200 -6.205599 21.437601 188 188 188
v -5.143200 -6.205599 21.437601 188 188 188
v -4.939996 -6.967599 20.929602 188 188 188
v -4.025596 -10.117200 20.929602 188 188 188
v -3.923997 -10.523600 21.437601 188 188 188
v -4.025596 -10.117200 20.929602 188 188 188
v -4.533596 -8.339200 21.437601 188 188 188
v -4.533596 -8.339200 20.929602 188 188 188
v -4.431997 -8.745599 20.929602 188 188 188
v -4.533596 -8.339200 21.437601 188 188 188
v -4.533596 -8.339200 21.437601 188 188 188
v -3.923997 -10.523600 21.437601 188 188 188
v -0.774396 -11.895200 21.437601 188 188 188
v -3.923997 -10.523600 21.437601 188 188 188
v -0.774396 -11.895200 21.437601 188 188 188
v -1.333197 -12.098400 21.437601 188 188 188
v -0.876000 -11.945999 20.929602 188 188 188
v -1.333197 -12.098400 21.437601 188 188 188
v -0.876000 -11.945999 20.929602 188 188 188
v -1.231599 -12.047600 20.929602 188 188 188
v -0.418797 -11.793599 20.929602 188 188 188
v -0.469599 -11.844399 21.437601 188 188 188
v -0.418797 -11.793599 21.437601 188 188 188
v -4.533596 -8.339200 21.437601 188 188 188
v -0.469599 -11.844399 21.437601 188 188 188
v -4.533596 -8.339200 21.437601 188 188 188
v -0.418797 -11.793599 21.437601 188 188 188
v -0.368001 -11.793599 21.437601 188 188 188
v -0.418797 -11.793599 21.437601 188 188 188
v -0.368001 -11.793599 20.929602 188 188 188
v -0.368001 -11.793599 21.437601 188 188 188
v -0.368001 -11.742800 20.929602 188 188 188
v -0.368001 -11.793599 21.437601 188 188 188
v -0.368001 -11.742800 21.437601 188 188 188
v -0.368001 -11.742800 20.929602 188 188 188
v -0.368001 -11.742800 21.437601 188 188 188
v -0.368001 -11.691999 20.929602 188 188 188
v -0.368001 -11.691999 20.929602 188 188 188
v -0.368001 -11.691999 21.437601 188 188 188
v -0.317198 -11.691999 20.929602 188 188 188
v -0.368001 -11.691999 21.437601 188 188 188
v -0.317198 -11.691999 21.437601 188 188 188
v -4.533596 -8.339200 21.437601 188 188 188
v -0.368001 -11.691999 21.437601 188 188 188
v -4.533596 -8.339200 21.437601 188 188 188
v -0.317198 -11.691999 21.437601 188 188 188
v -0.317198 -11.641200 21.437601 188 188 188
v -0.317198 -11.691999 21.437601 188 188 188
v -0.317198 -11.641200 20.929602 188 188 188
v -0.317198 -11.641200 21.437601 188 188 188
v -0.520396 -10.828400 20.929602 188 188 188
v -0.317198 -11.641200 21.437601 188 188 188
v -0.317198 -11.641200 21.437601 188 188 188
v -0.723599 -10.066400 20.929602 188 188 188
v -1.485598 -7.323199 20.929602 188 188 188
v -1.485598 -7.323199 21.437601 188 188 188
v -0.317198 -11.641200 21.437601 188 188 188
v -0.520396 -10.828400 20.929602 188 188 188
v -0.723599 -10.066400 20.929602 188 188 188
v -0.520396 -10.828400 20.929602 188 188 188
v -1.485598 -7.323199 20.066000 188 188 188
v -4.533596 -8.339200 21.437601 188 188 188
v -0.317198 -11.641200 21.437601 188 188 188
v -1.485598 -7.323199 21.437601 188 188 188
v -0.317198 -11.641200 20.929602 188 188 188
v -0.317198 -11.691999 21.437601 188 188 188
v -0.317198 -11.691999 20.929602 188 188 188
v -0.368001 -11.691999 21.437601 188 188 188
v -4.533596 -8.339200 21.437601 188 188 188
v -0.368001 -11.742800 21.437601 188 188 188
v -0.368001 -11.793599 20.929602 188 188 188
v -0.368001 -11.742800 20.929602 188 188 188
v -0.368001 -11.742800 21.437601 188 188 188
v -4.533596 -8.339200 21.437601 188 188 188
v -0.368001 -11.793599 21.437601 188 188 188
v -0.368001 -11.793599 20.929602 188 188 188
v -0.418797 -11.793599 21.437601 188 188 188
v -0.418797 -11.793599 20.929602 188 188 188
v -0.418797 -11.793599 20.929602 188 188 188
v -0.418797 -11.793599 20.523201 188 188 188
v -0.368001 -11.793599 20.066000 188 188 188
v -0.469599 -11.844399 20.929602 188 188 188
v -0.469599 -11.844399 21.437601 188 188 188
v -0.520396 -11.844399 20.929602 188 188 188
v -0.469599 -11.844399 21.437601 188 188 188
v -0.774396 -11.895200 21.437601 188 188 188
v -0.520396 -11.844399 20.929602 188 188 188
v -0.774396 -11.895200 21.437601 188 188 188
v -0.723599 -11.895200 20.929602 188 188 188
v -0.774396 -11.895200 21.437601 188 188 188
v -3.060399 -12.555599 21.437601 188 188 188
v -2.958801 -12.555599 20.929602 188 188 188
v -3.060399 -12.555599 21.437601 188 188 188
v -2.755597 -12.454000 20.929602 188 188 188
v -2.755597 -12.454000 20.929602 188 188 188
v -2.755597 -12.454000 21.437601 188 188 188
v -2.704801 -12.454000 20.929602 188 188 188
v -2.755597 -12.454000 21.437601 188 188 188
v -2.755597 -12.454000 21.437601 188 188 188
v -2.653999 -12.454000 20.929602 188 188 188
v -2.501597 -12.403200 20.929602 188 188 188
v -2.501597 -12.403200 21.437601 188 188 188
v -2.450795 -12.403200 20.929602 188 188 188
v -2.247598 -12.352400 20.929602 188 188 188
v -2.501597 -12.403200 21.437601 188 188 188
v -2.196795 -12.301600 21.437601 188 188 188
v -3.923997 -10.523600 21.437601 188 188 188
v -2.501597 -12.403200 21.437601 188 188 188
v -2.501597 -12.403200 21.437601 188 188 188
v -3.923997 -10.523600 21.437601 188 188 188
v -2.755597 -12.454000 21.437601 188 188 188
v -3.923997 -10.523600 21.437601 188 188 188
v -2.196795 -12.301600 21.437601 188 188 188
v -1.891999 -12.250799 21.437601 188 188 188
v -2.196795 -12.301600 21.437601 188 188 188
v -1.942796 -12.250799 20.929602 188 188 188
v -2.196795 -12.301600 21.437601 188 188 188
v -2.145999 -12.301600 20.929602 188 188 188
v -2.196795 -12.301600 21.437601 188 188 188
v -1.942796 -12.250799 20.929602 188 188 188
v -1.891999 -12.250799 21.437601 188 188 188
v -1.891999 -12.250799 20.929602 188 188 188
v -1.891999 -12.250799 21.437601 188 188 188
v -1.891999 -12.250799 21.437601 188 188 188
v -1.841197 -12.199999 20.929602 188 188 188
v -1.688796 -12.149199 20.929602 188 188 188
v -1.638000 -12.149199 20.929602 188 188 188
v -1.638000 -12.149199 21.437601 188 188 188
v -1.587197 -12.149199 20.929602 188 188 188
v -1.638000 -12.149199 21.437601 188 188 188
v -1.638000 -12.149199 21.437601 188 188 188
v -1.536401 -12.098400 20.929602 188 188 188
v -1.333197 -12.098400 20.929602 188 188 188
v -1.333197 -12.098400 21.437601 188 188 188
v -1.638000 -12.149199 21.437601 188 188 188
v -1.688796 -12.149199 20.929602 188 188 188
v -1.638000 -12.149199 21.437601 188 188 188
v -1.891999 -12.250799 21.437601 188 188 188
v -1.638000 -12.149199 21.437601 188 188 188
v -3.923997 -10.523600 21.437601 188 188 188
v -1.891999 -12.250799 21.437601 188 188 188
v -2.247598 -12.352400 20.929602 188 188 188
v -2.196795 -12.301600 20.929602 188 188 188
v -2.196795 -12.301600 21.437601 188 188 188
v -2.501597 -12.403200 20.929602 188 188 188
v -2.501597 -12.403200 21.437601 188 188 188
v -2.755597 -12.454000 21.437601 188 188 188
v -2.755597 -12.454000 21.437601 188 188 188
v -3.923997 -10.523600 21.437601 188 188 188
v -3.060399 -12.555599 21.437601 188 188 188
v -3.060399 -12.555599 21.437601 188 188 188
v -3.923997 -10.523600 21.437601 188 188 188
v -3.060399 -12.555599 21.437601 188 188 188
v -3.314399 -12.657200 21.437601 188 188 188
v -3.314399 -12.657200 21.437601 188 188 188
v -3.923997 -10.523600 21.437601 188 188 188
v -3.314399 -12.657200 20.929602 188 188 188
v -3.923997 -10.523600 21.437601 188 188 188
v -3.720800 -11.285600 20.929602 188 188 188
v -3.923997 -10.523600 21.437601 188 188 188
v -3.314399 -12.657200 20.929602 188 188 188
v -3.314399 -12.657200 21.437601 188 188 188
v -3.009597 -12.555599 20.929602 188 188 188
v -3.060399 -12.555599 21.437601 188 188 188
v -3.111196 -12.555599 20.929602 188 188 188
v -3.060399 -12.555599 20.929602 188 188 188
v -3.060399 -12.555599 21.437601 188 188 188
v -3.111196 -12.555599 20.929602 188 188 188
v -3.314399 -12.657200 21.437601 188 188 188
v -3.263597 -12.657200 20.929602 188 188 188
v -1.333197 -12.098400 20.929602 188 188 188
v -1.231599 -12.047600 20.929602 188 188 188
v -1.333197 -12.098400 21.437601 188 188 188
v -0.876000 -11.945999 20.929602 188 188 188
v -0.774396 -11.895200 20.929602 188 188 188
v -0.774396 -11.895200 21.437601 188 188 188
v -1.333197 -12.098400 21.437601 188 188 188
v -3.923997 -10.523600 21.437601 188 188 188
v -1.638000 -12.149199 21.437601 188 188 188
v -0.469599 -11.844399 21.437601 188 188 188
v -4.533596 -8.339200 21.437601 188 188 188
v -0.774396 -11.895200 21.437601 188 188 188
v -3.923997 -10.523600 21.437601 188 188 188
v -3.923997 -10.523600 20.929602 188 188 188
v -3.822399 -10.879200 20.929602 188 188 188
v -4.533596 -8.339200 20.929602 188 188 188
v -4.533596 -8.339200 21.437601 188 188 188
v -5.143200 -6.205599 21.437601 188 188 188
v -1.485598 -7.323199 20.929602 188 188 188
v -1.587197 -6.967599 20.929602 188 188 188
v -1.485598 -7.323199 21.437601 188 188 188
v -1.942796 -5.596000 20.929602 188 188 188
v -2.044400 -5.189600 20.929602 188 188 188
v -2.044400 -5.189600 21.437601 188 188 188
v -1.485598 -7.323199 21.437601 188 188 188
v -5.143200 -6.205599 21.437601 188 188 188
v -4.533596 -8.339200 21.437601 188 188 188
v -5.244799 -5.799199 20.929602 188 188 188
v -5.143200 -6.205599 21.437601 188 188 188
v -5.701996 -4.072000 21.437601 188 188 188
v -6.311600 -1.887599 21.437601 188 188 188
v -2.044400 -5.189600 21.437601 188 188 188
v -3.822399 1.211201 21.437601 188 188 188
v -5.244799 -5.799199 20.929602 188 188 188
v -5.701996 -4.072000 21.437601 188 188 188
v -5.600397 -4.427599 20.929602 188 188 188
v -6.311600 -1.887599 20.929602 188 188 188
v -6.210001 -2.293999 20.929602 188 188 188
v -6.311600 -1.887599 21.437601 188 188 188

f 3835 3836 3665
f 3932 3933 3664
f 3934 3935 3833
f 3827 3936 3937
f 3663 3938 3939
f 3940 3941 3697
f 3942 3683 3943
f 3838 3944 3945
f 3946 3947 3839
f 3948 3949 3815
f 3825 3790 3679
f 3950 3951 3952
f 3953 3954 3826
f 3814 3955 3956
f 3957 3789 3958
f 3959 3902 3960
f 3802 3961 3962
f 3963 3770 3669
f 3801 3964 3965
f 3905 3904 3673
f 3966 3799 3967
f 3798 3968 3969
f 3970 3719 3674
f 3971 3721 3972
f 3797 3973 3974
f 3975 3774 3699
f 3762 3976 3977
f 3978 3979 3725
f 3980 3788 3981
f 3931 3982 3983
f 3727 3984 3985
f 3795 3986 3987
f 3779 3988 3989
f 3990 3991 3782
f 3992 3787 3993
f 3994 3995 3786
f 3996 3785 3997
f 3998 3999 4000
f 3672 3772 3804
f 4001 3808 4002
f 3813 4003 4004
f 3811 3670 4005
f 4006 4007 3812
f 3819 4008 4009
f 3818 3671 4010
f 4011 4012 3820
f 3824 4013 4014
f 4015 3791 3680
f 4016 4017 3805
f 4018 3901 4019
f 3830 4020 4021
f 4022 4023 4024
f 4025 4026 4027
f 4028 4029 4030
f 4031 4032 4033
f 4034 4035 4036
f 4037 4038 4039
f 4040 4041 4042
f 4043 4044 4045
f 4046 3698 4047
f 3806 4048 4049
f 4050 4051 3906
f 3733 4052 4053
f 4054 3732 4055
f 3737 3736 3710
f 4056 4057 3709
f 4058 4059 3738
f 4060 3708 3742
f 4061 4062 3707
f 4063 4064 3743
f 3706 4065 4066
f 4067 4068 4069
f 4070 4071 3705
f 3746 4072 4073
f 4074 4075 3740
f 3741 4076 4077
f 3911 4078 4079
f 3747 4080 4081
f 4082 4083 3704
f 4084 4085 3748
f 3731 4086 4087
f 4088 4089 3703
f 4090 4091 3730
f 3729 4092 3728
f 4093 4094 3702
f 4095 4096 3723
f 3724 4097 4098
f 4099 4100 3750
f 3751 3701 3917
f 4101 4102 3915
f 3753 3700 3754
f 3755 4103 4104
f 4105 4106 3678
f 4107 4108 3756
f 3918 3759 3675
f 3919 4109 4110
f 3716 4111 4112
f 4113 4114 3713
f 4115 4116 3717
f 3718 3677 3761
f 3676 4117 4118
f 4119 4120 4121
f 4122 4123 4124
f 4125 4126 4127
f 4128 4129 4130
f 3758 4131 4132
f 3714 4133 4134
f 4135 4136 4137
f 4138 4139 4140
f 4141 4142 4143
f 4144 4145 4146
f 4147 4148 4149
f 4150 4151 4152
f 4153 4154 4155
f 4156 4157 4158
f 4159 4160 4161
f 4162 4163 4164
f 4165 4166 4167
f 4168 4169 4170
f 4171 4172 4173
f 4174 4175 4176
f 4177 4178 4179
f 4180 4181 4182
f 4183 4184 4185
f 4186 4187 4188
f 4189 4190 4191
f 4192 4193 4194
f 4195 4196 4197
f 4198 4199 4200
f 3711 4201 4202
f 3712 4203 4204
f 3735 4205 4206
f 4207 4208 4209
f 4210 4211 4212
f 4213 4214 4215
f 4216 4217 4218
f 4219 4220 4221
f 4222 3810 4223
f 4224 4225 4226
f 4227 4228 4229
f 4230 4231 4232
f 4233 4234 4235
f 3776 3796 4236
f 4237 4238 4239
f 4240 4241 4242
f 4243 4244 4245
f 4246 4247 4248
f 4249 4250 4251
f 4252 4253 4254
f 4255 4256 4257
f 4258 4259 4260
f 3720 4261 3914
f 4262 4263 4264
f 4265 4266 4267
f 4268 4269 4270
f 4271 4272 4273
f 3837 3817 4274
f 4275 4276 3844
f 4277 3845 4278
f 3847 4279 4280
f 3875 3858 3667
f 4281 4282 3681
f 4283 4284 3848
f 4285 4286 4287
f 3690 4288 4289
f 4290 4291 3666
f 3872 4292 4293
f 4294 4295 3873
f 4296 4297 3829
f 3863 3691 3868
f 4298 3692 4299
f 4300 4301 4302
f 3693 4303 4304
f 4305 4306 3862
f 4307 3860 4308
f 4309 3694 4310
f 3832 4311 4312
f 3695 4313 4314
f 4315 3831 4316
f 4317 3696 4318
f 4319 4320 4321
f 3682 4322 4323
f 3822 4324 4325
f 4326 3843 4327
f 4328 3841 4329
f 3840 4330 4331
f 4332 4333 4334
f 4335 3842 4336
f 4337 3821 4338
f 4339 4340 4341
f 4342 4343 4344
f 4345 4346 4347
f 4348 3861 4349
f 4350 4351 4352
f 4353 4354 4355
f 4356 3867 3864
f 4357 3866 4358
f 3870 4359 4360
f 4361 4362 4363
f 4364 4365 3871
f 3828 4366 4367
f 3884 3886 3685
f 3878 4368 4369
f 3684 4370 4371
f 4372 3887 4373
f 4374 3888 4375
f 3882 4376 4377
f 4378 3890 3688
f 3889 4379 4380
f 4381 3687 4382
f 4383 4384 4385
f 4386 4387 4388
f 3686 4389 4390
f 3891 4391 4392
f 4393 4394 3893
f 3885 4395 4396
f 4397 3895 4398
f 4399 3896 4400
f 3898 4401 4402
f 4403 3853 3668
f 4404 3851 4405
f 4406 3850 4407
f 3852 4408 4409
f 4410 4411 4412
f 4413 4414 4415
f 4416 4417 4418
f 4419 4420 4421
f 4422 4423 4424
f 4425 4426 4427
f 4428 4429 3689
f 3883 4430 4431
f 3869 4432 4433
f 4434 4435 3879
f 3857 4436 4437
f 4438 3865 4439
f 3877 4440 4441
f 4442 4443 4444
f 4445 4446 4447
f 4448 4449 4450
f 4451 4452 4453
f 4454 4455 4456
f 4457 4458 4459
f 4460 4461 4462
f 4463 4464 4465
f 4466 4467 4468
f 4469 4470 4471
f 4472 4473 4474
f 4475 4476 4477
f 4478 4479 4480
f 4481 4482 4483
f 4484 4485 4486

usemtl BaseColor_0
f 3587 3588 3589
f 3589 3617 3587
f 3805 3587 3617
f 3807 3805 3617
f 3807 3617 3601
f 3810 3807 3601
f 3827 3810 3601
f 3827 3601 3598
f 3834 3827 3598
f 3834 3598 3597
f 3834 3597 3816
f 3835 3834 3816
f 3835 3816 3836
f 3838 3815 3814
f 3814 3815 3596
f 3803 3814 3596
f 3803 3596 3589
f 3790 3803 3589
f 3825 3803 3790
f 3802 3902 3773
f 3773 3770 3802
f 3801 3770 3769
f 3905 3801 3769
f 3769 3904 3905
f 3798 3799 3800
f 3800 3914 3798
f 3798 3914 3719
f 3797 3721 3722
f 3797 3722 3774
f 3727 3785 3776
f 3913 3727 3776
f 3766 3913 3776
f 3776 3775 3766
f 3605 3766 3775
f 3605 3775 3613
f 3606 3605 3613
f 3660 3606 3613
f 3659 3660 3613
f 3658 3659 3613
f 3657 3658 3613
f 3650 3657 3613
f 3650 3613 3612
f 3656 3650 3612
f 3656 3612 3654
f 3653 3656 3654
f 3652 3653 3654
f 3655 3652 3654
f 3655 3654 3642
f 3651 3655 3642
f 3649 3651 3642
f 3644 3649 3642
f 3643 3644 3642
f 3648 3643 3642
f 3647 3648 3642
f 3646 3647 3642
f 3645 3646 3642
f 3602 3645 3642
f 3602 3642 3603
f 3602 3603 3604
f 3604 3599 3602
f 3771 3602 3599
f 3772 3771 3599
f 3772 3599 3804
f 3813 3808 3809
f 3809 3811 3813
f 3819 3812 3792
f 3792 3818 3819
f 3824 3820 3792
f 3824 3792 3791
f 3830 3901 3807
f 3806 3906 3771
f 3733 3771 3906
f 3732 3734 3733
f 3734 3602 3733
f 3732 3735 3734
f 3735 3907 3734
f 3645 3734 3907
f 3907 3735 3736
f 3736 3908 3907
f 3646 3907 3908
f 3737 3908 3736
f 3737 3738 3739
f 3739 3738 3647
f 3739 3647 3908
f 3738 3930 3647
f 3930 3738 3643
f 3643 3738 3793
f 3764 3643 3793
f 3648 3764 3793
f 3764 3648 3765
f 3648 3738 3765
f 3765 3738 3909
f 3909 3744 3765
f 3643 3765 3744
f 3910 3744 3909
f 3742 3744 3910
f 3742 3910 3738
f 3746 3740 3745
f 3743 3746 3745
f 3649 3743 3745
f 3743 3649 3744
f 3745 3740 3651
f 3740 3741 3651
f 3747 3748 3749
f 3731 3749 3748
f 3749 3731 3652
f 3731 3730 3653
f 3729 3653 3730
f 3728 3653 3729
f 3750 3752 3724
f 3650 3724 3752
f 3752 3917 3650
f 3917 3752 3751
f 3915 3916 3917
f 3657 3917 3916
f 3753 3916 3915
f 3753 3754 3916
f 3916 3754 3658
f 3755 3756 3757
f 3755 3757 3659
f 3758 3757 3756
f 3758 3760 3757
f 3760 3660 3757
f 3758 3759 3760
f 3918 3760 3759
f 3716 3717 3661
f 3661 3717 3715
f 3661 3715 3607
f 3661 3607 3606
f 3918 3661 3606
f 3715 3718 3607
f 3607 3718 3929
f 3928 3607 3929
f 3766 3928 3929
f 3929 3856 3766
f 3856 3855 3766
f 3727 3766 3855
f 3727 3855 3718
f 3727 3718 3768
f 3727 3768 3762
f 3762 3777 3727
f 3777 3725 3727
f 3725 3726 3727
f 3726 3779 3727
f 3779 3783 3727
f 3783 3782 3727
f 3782 3794 3727
f 3794 3781 3727
f 3780 3727 3781
f 3727 3780 3784
f 3727 3784 3778
f 3784 3779 3778
f 3780 3782 3784
f 3781 3794 3780
f 3794 3782 3780
f 3782 3783 3784
f 3783 3779 3784
f 3779 3726 3778
f 3726 3725 3778
f 3725 3777 3778
f 3777 3762 3778
f 3768 3763 3762
f 3761 3762 3763
f 3761 3763 3718
f 3768 3718 3763
f 3766 3727 3924
f 3923 3924 3727
f 3923 3727 3767
f 3767 3607 3923
f 3641 3607 3767
f 3766 3641 3767
f 3607 3641 3605
f 3926 3767 3727
f 3927 3926 3727
f 3727 3925 3927
f 3925 3727 3912
f 3926 3925 3912
f 3925 3926 3927
f 3912 3767 3926
f 3767 3912 3913
f 3923 3607 3924
f 3920 3924 3607
f 3766 3920 3607
f 3922 3766 3607
f 3607 3921 3922
f 3921 3924 3922
f 3924 3921 3928
f 3920 3766 3922
f 3924 3920 3922
f 3855 3856 3718
f 3928 3766 3924
f 3921 3607 3928
f 3856 3929 3718
f 3714 3718 3715
f 3714 3715 3717
f 3716 3661 3919
f 3918 3919 3661
f 3760 3918 3606
f 3754 3755 3659
f 3750 3751 3752
f 3723 3724 3656
f 3728 3723 3653
f 3747 3749 3911
f 3911 3749 3655
f 3741 3911 3655
f 3742 3743 3744
f 3909 3738 3910
f 3643 3764 3765
f 3648 3793 3738
f 3737 3739 3908
f 3587 3791 3792
f 3792 3614 3587
f 3818 3792 3820
f 3792 3812 3614
f 3812 3615 3614
f 3588 3614 3615
f 3588 3615 3599
f 3599 3600 3588
f 3773 3588 3600
f 3773 3789 3588
f 3809 3599 3615
f 3809 3615 3812
f 3811 3809 3812
f 3804 3809 3808
f 3809 3804 3599
f 3806 3771 3772
f 3771 3733 3602
f 3599 3604 3600
f 3770 3600 3604
f 3769 3604 3603
f 3904 3603 3642
f 3800 3904 3642
f 3602 3734 3645
f 3907 3646 3645
f 3646 3908 3647
f 3930 3648 3647
f 3648 3930 3643
f 3643 3744 3644
f 3644 3744 3649
f 3745 3651 3649
f 3741 3655 3651
f 3800 3642 3654
f 3749 3652 3655
f 3731 3653 3652
f 3653 3723 3656
f 3914 3654 3612
f 3720 3914 3612
f 3719 3720 3612
f 3719 3612 3611
f 3656 3724 3650
f 3611 3612 3613
f 3722 3611 3613
f 3917 3657 3650
f 3916 3658 3657
f 3754 3659 3658
f 3659 3757 3660
f 3760 3606 3660
f 3605 3606 3607
f 3774 3613 3775
f 3641 3766 3605
f 3774 3775 3776
f 3913 3766 3767
f 3912 3727 3913
f 3796 3776 3785
f 3786 3796 3785
f 3931 3727 3778
f 3762 3931 3778
f 3613 3774 3722
f 3722 3721 3611
f 3721 3719 3611
f 3654 3914 3800
f 3904 3800 3799
f 3603 3904 3769
f 3769 3770 3604
f 3600 3770 3773
f 3789 3773 3902
f 3789 3790 3588
f 3825 3826 3803
f 3601 3589 3596
f 3814 3803 3826
f 3815 3590 3596
f 3597 3596 3590
f 3590 3592 3597
f 3590 3591 3592
f 3591 3817 3592
f 3816 3592 3817
f 3837 3816 3817
f 3847 3845 3846
f 3846 3616 3847
f 3593 3847 3616
f 3594 3593 3616
f 3594 3616 3591
f 3593 3594 3595
f 3595 3637 3593
f 3637 3618 3593
f 3618 3619 3593
f 3619 3638 3593
f 3638 3639 3593
f 3639 3640 3593
f 3640 3620 3593
f 3620 3622 3593
f 3622 3849 3593
f 3849 3622 3858
f 3875 3849 3858
f 3847 3849 3848
f 3872 3829 3828
f 3828 3829 3621
f 3621 3620 3828
f 3871 3828 3620
f 3620 3900 3871
f 3870 3871 3900
f 3868 3870 3900
f 3868 3900 3639
f 3639 3903 3868
f 3903 3866 3868
f 3866 3867 3868
f 3867 3863 3868
f 3832 3860 3861
f 3861 3899 3832
f 3619 3832 3899
f 3861 3638 3899
f 3638 3861 3864
f 3864 3861 3862
f 3862 3863 3864
f 3840 3841 3842
f 3842 3815 3840
f 3594 3842 3821
f 3842 3594 3590
f 3822 3821 3843
f 3822 3823 3821
f 3595 3821 3823
f 3822 3637 3823
f 3822 3831 3637
f 3618 3831 3832
f 3866 3903 3864
f 3903 3639 3864
f 3623 3621 3829
f 3623 3829 3852
f 3852 3624 3623
f 3623 3624 3622
f 3624 3626 3622
f 3624 3625 3626
f 3625 3635 3626
f 3635 3636 3626
f 3636 3610 3626
f 3610 3634 3626
f 3634 3633 3626
f 3633 3627 3626
f 3627 3628 3626
f 3857 3626 3628
f 3859 3857 3628
f 3859 3628 3630
f 3865 3859 3630
f 3865 3630 3629
f 3629 3874 3865
f 3883 3865 3874
f 3877 3883 3874
f 3877 3874 3631
f 3631 3876 3877
f 3884 3877 3876
f 3884 3876 3886
f 3882 3888 3880
f 3880 3881 3882
f 3882 3881 3890
f 3891 3893 3894
f 3894 3897 3891
f 3609 3891 3897
f 3634 3609 3897
f 3891 3609 3662
f 3891 3662 3892
f 3891 3892 3895
f 3895 3892 3636
f 3636 3892 3662
f 3608 3636 3662
f 3608 3662 3609
f 3608 3609 3610
f 3634 3897 3894
f 3634 3894 3885
f 3893 3885 3894
f 3898 3896 3854
f 3898 3854 3853
f 3850 3851 3624
f 3851 3853 3624
f 3853 3854 3625
f 3895 3854 3896
f 3635 3854 3895
f 3889 3881 3885
f 3885 3881 3633
f 3889 3890 3881
f 3881 3880 3627
f 3631 3627 3880
f 3887 3880 3888
f 3887 3876 3880
f 3878 3876 3887
f 3869 3879 3859
f 3878 3886 3876
f 3880 3876 3631
f 3632 3631 3874
f 3631 3632 3628
f 3632 3629 3628
f 3629 3632 3874
f 3865 3869 3859
f 3629 3630 3628
f 3857 3859 3879
f 3858 3626 3857
f 3627 3631 3628
f 3627 3633 3881
f 3633 3634 3885
f 3634 3610 3609
f 3636 3608 3610
f 3636 3635 3895
f 3635 3625 3854
f 3853 3625 3624
f 3852 3850 3624
f 3621 3623 3622
f 3852 3829 3873
f 3875 3848 3849
f 3626 3858 3622
f 3620 3621 3622
f 3620 3640 3900
f 3640 3639 3900
f 3864 3639 3638
f 3619 3899 3638
f 3832 3619 3618
f 3831 3618 3637
f 3595 3823 3637
f 3821 3595 3594
f 3847 3593 3849
f 3846 3591 3616
f 3846 3844 3591
f 3844 3846 3845
f 3817 3591 3844
f 3591 3590 3594
f 3590 3815 3842
f 3840 3815 3839
f 3837 3836 3816
f 3835 3833 3834
f 3592 3816 3597
f 3596 3597 3598
f 3827 3834 3833
f 3596 3598 3601
f 3830 3807 3810
f 3805 3807 3901
f 3791 3587 3805
f 3589 3601 3617
f 3790 3589 3588
f 3588 3587 3614


o Object.22
v -59.194401 -12.707999 0.000000 255 255 255
v -59.194401 12.742803 0.000000 255 255 255
v -54.012798 -12.707999 0.000000 255 255 255
v -54.012798 12.742803 0.000000 255 255 255
v -54.012798 -12.707999 21.437601 188 188 188
v -59.194401 -12.707999 21.437601 188 188 188
v -54.012798 -12.707999 20.929602 188 188 188
v -57.314804 -12.707999 20.929602 188 188 188
v -58.279999 -12.707999 20.929602 188 188 188
v -59.194401 -12.707999 20.929602 188 188 188
v -55.943199 12.742803 20.929602 188 188 188
v -59.194401 12.742803 20.929602 188 188 188
v -54.978001 12.742803 20.929602 188 188 188
v -54.012798 12.742803 20.929602 188 188 188
v -54.012798 12.742803 21.437601 188 188 188
v -59.194401 12.742803 21.437601 188 188 188
v -54.012798 -3.411599 20.929602 188 188 188
v -54.012798 -8.034399 20.929602 188 188 188
v -59.194401 -8.034399 20.929602 188 188 188
v -59.194401 8.170801 20.929602 188 188 188

v -59.194401 -12.707999 20.929602 188 188 188
v -59.194401 -12.707999 21.437601 188 188 188
v -59.194401 12.742803 20.929602 188 188 188
v -59.194401 12.742803 21.437601 188 188 188
v -59.194401 -12.707999 21.437601 188 188 188
v -54.012798 12.742803 21.437601 188 188 188
v -59.194401 12.742803 21.437601 188 188 188
v -54.012798 12.742803 21.437601 188 188 188
v -59.194401 -12.707999 21.437601 188 188 188
v -54.012798 12.742803 21.437601 188 188 188
v -54.012798 -12.707999 21.437601 188 188 188
v -54.012798 12.742803 21.437601 188 188 188
v -54.012798 12.742803 20.929602 188 188 188
v -54.012798 -12.707999 21.437601 188 188 188
v -54.012798 -8.034399 20.929602 188 188 188
v -54.012798 -12.707999 21.437601 188 188 188
v -54.012798 -12.707999 20.929602 188 188 188
v -59.194401 -12.707999 21.437601 188 188 188
v -54.012798 12.742803 21.437601 188 188 188
v -54.978001 12.742803 20.929602 188 188 188
v -54.012798 12.742803 20.929602 188 188 188
v -54.012798 -12.707999 21.437601 188 188 188
v -54.012798 -3.411599 20.929602 188 188 188
v -54.012798 -12.707999 21.437601 188 188 188
v -59.194401 -12.707999 21.437601 188 188 188
v -54.012798 -12.707999 20.929602 188 188 188
v -59.194401 12.742803 20.929602 188 188 188
v -54.012798 12.742803 21.437601 188 188 188
v -55.943199 12.742803 20.929602 188 188 188
v -59.194401 12.742803 21.437601 188 188 188
v -59.194401 8.170801 20.929602 188 188 188
v -59.194401 -8.034399 20.929602 188 188 188
v -59.194401 12.742803 21.437601 188 188 188
v -59.194401 -8.034399 20.929602 188 188 188
v -59.194401 -12.707999 21.437601 188 188 188
v -58.279999 -12.707999 20.929602 188 188 188
v -57.314804 -12.707999 20.929602 188 188 188
v -59.194401 -12.707999 21.437601 188 188 188

f 4496 4495 4492
f 4507 4508 4505
f 4502 4498 4506
f 4501 4509 4510
f 4511 4512 4513
f 4514 4515 4491
f 4516 4517 4500
f 4499 4518 4519
f 4503 4520 4504
f 4493 4521 4522
f 4494 4523 4524
f 4497 4525 4526
f 4527 4528 4529
f 4530 4531 4532
f 4533 4534 4535
f 4536 4537 4538
f 4539 4540 4541
f 4542 4543 4544

usemtl BaseColor_0
f 4487 4488 4489
f 4487 4489 4495
f 4495 4496 4487
f 4496 4505 4488
f 4505 4506 4488
f 4498 4488 4506
f 4500 4490 4499
f 4499 4490 4497
f 4497 4490 4498
f 4500 4503 4490
f 4504 4490 4503
f 4489 4504 4493
f 4493 4494 4489
f 4489 4490 4504
f 4488 4498 4490
f 4494 4495 4489
f 4490 4489 4488
f 4487 4496 4488


o Object.23
v -63.613998 -12.707999 0.000000 255 255 255
v -63.613998 12.742803 0.000000 255 255 255
v -60.413601 -12.707999 0.000000 255 255 255
v -60.413601 12.742803 0.000000 255 255 255
v -60.413601 -12.707999 21.437601 188 188 188
v -63.613998 -12.707999 21.437601 188 188 188
v -60.413601 -12.707999 20.929602 188 188 188
v -62.445599 -12.707999 20.929602 188 188 188
v -63.055199 -12.707999 20.929602 188 188 188
v -63.613998 -12.707999 20.929602 188 188 188
v -61.582001 12.742803 20.929602 188 188 188
v -60.413601 12.742803 21.437601 188 188 188
v -61.023201 12.742803 20.929602 188 188 188
v -63.613998 12.742803 20.929602 188 188 188
v -60.413601 12.742803 20.929602 188 188 188
v -63.613998 12.742803 21.437601 188 188 188
v -60.413601 -3.411599 20.929602 188 188 188
v -60.413601 -8.034399 20.929602 188 188 188
v -63.613998 -8.034399 20.929602 188 188 188
v -63.613998 8.170801 20.929602 188 188 188

v -63.613998 -12.707999 20.929602 188 188 188
v -63.613998 -12.707999 21.437601 188 188 188
v -63.613998 12.742803 20.929602 188 188 188
v -63.613998 12.742803 21.437601 188 188 188
v -60.413601 12.742803 21.437601 188 188 188
v -63.613998 12.742803 21.437601 188 188 188
v -60.413601 12.742803 21.437601 188 188 188
v -60.413601 -12.707999 21.437601 188 188 188
v -60.413601 12.742803 21.437601 188 188 188
v -60.413601 12.742803 20.929602 188 188 188
v -60.413601 -12.707999 21.437601 188 188 188
v -60.413601 -8.034399 20.929602 188 188 188
v -60.413601 -12.707999 21.437601 188 188 188
v -60.413601 -12.707999 21.437601 188 188 188
v -63.613998 -12.707999 21.437601 188 188 188
v -60.413601 -12.707999 20.929602 188 188 188
v -60.413601 -12.707999 20.929602 188 188 188
v -63.613998 -12.707999 21.437601 188 188 188
v -60.413601 12.742803 21.437601 188 188 188
v -61.023201 12.742803 20.929602 188 188 188
v -60.413601 12.742803 20.929602 188 188 188
v -60.413601 -12.707999 21.437601 188 188 188
v -60.413601 -3.411599 20.929602 188 188 188
v -63.613998 -12.707999 21.437601 188 188 188
v -60.413601 -12.707999 21.437601 188 188 188
v -63.613998 12.742803 21.437601 188 188 188
v -63.613998 12.742803 20.929602 188 188 188
v -60.413601 12.742803 21.437601 188 188 188
v -61.582001 12.742803 20.929602 188 188 188
v -63.613998 12.742803 21.437601 188 188 188
v -63.613998 8.170801 20.929602 188 188 188
v -63.613998 -8.034399 20.929602 188 188 188
v -63.613998 12.742803 21.437601 188 188 188
v -63.613998 -8.034399 20.929602 188 188 188
v -63.613998 -12.707999 21.437601 188 188 188
v -63.055199 -12.707999 20.929602 188 188 188
v -62.445599 -12.707999 20.929602 188 188 188
v -63.613998 -12.707999 21.437601 188 188 188

f 4554 4553 4550
f 4565 4566 4563
f 4560 4558 4564
f 4556 4567 4568
f 4569 4570 4549
f 4571 4572 4559
f 4557 4573 4574
f 4561 4575 4562
f 4551 4576 4577
f 4578 4579 4580
f 4552 4581 4582
f 4555 4583 4584
f 4585 4586 4587
f 4588 4589 4590
f 4591 4592 4593
f 4594 4595 4596
f 4597 4598 4599
f 4600 4601 4602

usemtl BaseColor_0
f 4545 4546 4547
f 4545 4547 4553
f 4553 4554 4545
f 4554 4563 4546
f 4563 4564 4546
f 4558 4546 4564
f 4559 4548 4557
f 4557 4548 4555
f 4555 4548 4558
f 4559 4561 4548
f 4562 4548 4561
f 4551 4552 4547
f 4547 4562 4551
f 4547 4548 4562
f 4546 4558 4548
f 4552 4553 4547
f 4548 4547 4546
f 4545 4554 4546

